2026-05-05 00:36:05.929 WARN  --> HikariPool-1 - Thread starvation or clock leap detected (housekeeper delta=16m22s803ms).
2026-05-05 00:55:49.760 WARN  --> HikariPool-1 - Thread starvation or clock leap detected (housekeeper delta=17m13s678ms).
2026-05-05 02:16:53.288 WARN  --> HikariPool-1 - Thread starvation or clock leap detected (housekeeper delta=1h21m3s522ms).
2026-05-05 03:10:58.152 WARN  --> HikariPool-1 - Thread starvation or clock leap detected (housekeeper delta=54m4s869ms).
2026-05-05 03:29:18.953 WARN  --> HikariPool-1 - Thread starvation or clock leap detected (housekeeper delta=15m50s762ms).
2026-05-05 05:07:54.253 WARN  --> HikariPool-1 - Thread starvation or clock leap detected (housekeeper delta=1h38m35s298ms).
2026-05-05 05:58:04.838 WARN  --> HikariPool-1 - Thread starvation or clock leap detected (housekeeper delta=50m10s588ms).
2026-05-05 06:15:41.606 WARN  --> HikariPool-1 - Thread starvation or clock leap detected (housekeeper delta=15m6s732ms).
2026-05-05 06:31:52.951 WARN  --> HikariPool-1 - Thread starvation or clock leap detected (housekeeper delta=16m11s343ms).
2026-05-05 06:56:18.430 WARN  --> HikariPool-1 - Thread starvation or clock leap detected (housekeeper delta=24m25s477ms).
2026-05-05 07:30:46.005 WARN  --> HikariPool-1 - Thread starvation or clock leap detected (housekeeper delta=31m57s528ms).
2026-05-05 08:04:24.842 WARN  --> HikariPool-1 - Thread starvation or clock leap detected (housekeeper delta=33m38s825ms).
2026-05-05 08:27:27.835 WARN  --> HikariPool-1 - Thread starvation or clock leap detected (housekeeper delta=23m3s6ms).
2026-05-05 08:33:53.812 WARN  --> HikariPool-1 - Thread starvation or clock leap detected (housekeeper delta=6m25s976ms).
2026-05-05 08:54:54.826 WARN  --> HikariPool-1 - Thread starvation or clock leap detected (housekeeper delta=21m1s12ms).
2026-05-05 09:11:45.783 WARN  --> HikariPool-1 - Thread starvation or clock leap detected (housekeeper delta=16m50s960ms).
2026-05-05 09:33:48.344 WARN  --> HikariPool-1 - Thread starvation or clock leap detected (housekeeper delta=22m2s499ms).
2026-05-05 10:14:00.476 INFO  --> Commencing graceful shutdown. Waiting for active requests to complete
2026-05-05 10:14:00.550 INFO  --> Graceful shutdown complete
2026-05-05 10:14:00.624 INFO  --> Closing JPA EntityManagerFactory for persistence unit 'default'
2026-05-05 10:14:00.692 INFO  --> HikariPool-1 - Shutdown initiated...
2026-05-05 10:14:00.708 INFO  --> HikariPool-1 - Shutdown completed.
2026-05-05 10:29:28.544 INFO  --> Starting MyResourcerApplication using Java 25.0.2 with PID 70248 (/Users/etech/Documents/OOP Project Materials/MyResourcer/target/classes started by etech in /Users/etech/Documents/OOP Project Materials/MyResourcer)
2026-05-05 10:29:28.555 DEBUG --> Running with Spring Boot v4.0.3, Spring v7.0.5
2026-05-05 10:29:28.556 INFO  --> No active profile set, falling back to 1 default profile: "default"
2026-05-05 10:29:29.091 INFO  --> Bootstrapping Spring Data JPA repositories in DEFAULT mode.
2026-05-05 10:29:29.131 INFO  --> Finished Spring Data repository scanning in 26 ms. Found 9 JPA repository interfaces.
2026-05-05 10:29:29.370 INFO  --> Tomcat initialized with port 8080 (http)
2026-05-05 10:29:29.377 INFO  --> Initializing ProtocolHandler ["http-nio-8080"]
2026-05-05 10:29:29.378 INFO  --> Starting service [Tomcat]
2026-05-05 10:29:29.378 INFO  --> Starting Servlet engine: [Apache Tomcat/11.0.18]
2026-05-05 10:29:29.395 INFO  --> Root WebApplicationContext: initialization completed in 768 ms
2026-05-05 10:29:29.479 INFO  --> HHH008540: Processing PersistenceUnitInfo [name: default]
2026-05-05 10:29:29.512 INFO  --> HHH000001: Hibernate ORM core version 7.2.4.Final
2026-05-05 10:29:29.751 INFO  --> No LoadTimeWeaver setup: ignoring JPA class transformer
2026-05-05 10:29:29.770 INFO  --> HikariPool-1 - Starting...
2026-05-05 10:29:30.004 INFO  --> HikariPool-1 - Added connection com.mysql.cj.jdbc.ConnectionImpl@1405aa6a
2026-05-05 10:29:30.004 INFO  --> HikariPool-1 - Start completed.
2026-05-05 10:29:30.086 INFO  --> HHH10001005: Database info:
	Database JDBC URL [jdbc:mysql://localhost:3306/myTestResourcerDB?createDatabaseIfNotExist=true]
	Database driver: MySQL Connector/J
	Database dialect: MySQLDialect
	Database version: 9.6
	Default catalog/schema: myTestResourcerDB/undefined
	Autocommit mode: undefined/unknown
	Isolation level: REPEATABLE_READ [default REPEATABLE_READ]
	JDBC fetch size: none
	Pool: DataSourceConnectionProvider
	Minimum pool size: undefined/unknown
	Maximum pool size: undefined/unknown
2026-05-05 10:29:30.566 INFO  --> HHH000489: No JTA platform available (set 'hibernate.transaction.jta.platform' to enable JTA platform integration)
2026-05-05 10:29:30.698 INFO  --> Initialized JPA EntityManagerFactory for persistence unit 'default'
2026-05-05 10:29:30.748 INFO  --> Hibernate is in classpath; If applicable, HQL parser will be used.
2026-05-05 10:29:30.914 WARN  --> spring.jpa.open-in-view is enabled by default. Therefore, database queries may be performed during view rendering. Explicitly configure spring.jpa.open-in-view to disable this warning
2026-05-05 10:29:30.945 INFO  --> Global AuthenticationManager configured with UserDetailsService bean with name customUserDetailsService
2026-05-05 10:29:31.019 INFO  --> Adding welcome page template: index
2026-05-05 10:29:31.137 INFO  --> Starting ProtocolHandler ["http-nio-8080"]
2026-05-05 10:29:31.143 INFO  --> Tomcat started on port 8080 (http) with context path '/'
2026-05-05 10:29:31.147 INFO  --> Started MyResourcerApplication in 3.076 seconds (process running for 3.577)
2026-05-05 10:32:09.937 INFO  --> Initializing Spring DispatcherServlet 'dispatcherServlet'
2026-05-05 10:32:09.941 INFO  --> Initializing Servlet 'dispatcherServlet'
2026-05-05 10:32:09.955 INFO  --> Completed initialization in 14 ms
2026-05-05 10:32:10.419 ERROR --> Servlet.service() for servlet [dispatcherServlet] in context with path [] threw exception [Request processing failed: org.springframework.jdbc.BadSqlGrammarException: StatementCallback; bad SQL grammar [SELECT * FROM requests]] with root cause
java.sql.SQLSyntaxErrorException: Table 'mytestresourcerdb.requests' doesn't exist
	at com.mysql.cj.jdbc.exceptions.SQLError.createSQLException(SQLError.java:112)
	at com.mysql.cj.jdbc.exceptions.SQLExceptionsMapping.translateException(SQLExceptionsMapping.java:114)
	at com.mysql.cj.jdbc.StatementImpl.executeQuery(StatementImpl.java:1318)
	at com.zaxxer.hikari.pool.ProxyStatement.executeQuery(ProxyStatement.java:111)
	at com.zaxxer.hikari.pool.HikariProxyStatement.executeQuery(HikariProxyStatement.java)
	at org.springframework.jdbc.core.JdbcTemplate$1QueryStatementCallback.doInStatement(JdbcTemplate.java:478)
	at org.springframework.jdbc.core.JdbcTemplate.execute(JdbcTemplate.java:412)
	at org.springframework.jdbc.core.JdbcTemplate.query(JdbcTemplate.java:491)
	at org.springframework.jdbc.core.JdbcTemplate.query(JdbcTemplate.java:501)
	at com.myresourcer.MyResourcer.Services.READ_ServiceManager.getAllRequests(READ_ServiceManager.java:56)
	at com.myresourcer.MyResourcer.WEB_Controllers.WebController.index(WebController.java:88)
	at java.base/jdk.internal.reflect.DirectMethodHandleAccessor.invoke(DirectMethodHandleAccessor.java:104)
	at java.base/java.lang.reflect.Method.invoke(Method.java:565)
	at org.springframework.web.method.support.InvocableHandlerMethod.doInvoke(InvocableHandlerMethod.java:252)
	at org.springframework.web.method.support.InvocableHandlerMethod.invokeForRequest(InvocableHandlerMethod.java:184)
	at org.springframework.web.servlet.mvc.method.annotation.ServletInvocableHandlerMethod.invokeAndHandle(ServletInvocableHandlerMethod.java:117)
	at org.springframework.web.servlet.mvc.method.annotation.RequestMappingHandlerAdapter.invokeHandlerMethod(RequestMappingHandlerAdapter.java:934)
	at org.springframework.web.servlet.mvc.method.annotation.RequestMappingHandlerAdapter.handleInternal(RequestMappingHandlerAdapter.java:853)
	at org.springframework.web.servlet.mvc.method.AbstractHandlerMethodAdapter.handle(AbstractHandlerMethodAdapter.java:86)
	at org.springframework.web.servlet.DispatcherServlet.doDispatch(DispatcherServlet.java:963)
	at org.springframework.web.servlet.DispatcherServlet.doService(DispatcherServlet.java:866)
	at org.springframework.web.servlet.FrameworkServlet.processRequest(FrameworkServlet.java:1000)
	at org.springframework.web.servlet.FrameworkServlet.doGet(FrameworkServlet.java:892)
	at jakarta.servlet.http.HttpServlet.service(HttpServlet.java:622)
	at org.springframework.web.servlet.FrameworkServlet.service(FrameworkServlet.java:874)
	at jakarta.servlet.http.HttpServlet.service(HttpServlet.java:710)
	at org.apache.catalina.core.ApplicationFilterChain.doFilter(ApplicationFilterChain.java:128)
	at org.apache.tomcat.websocket.server.WsFilter.doFilter(WsFilter.java:53)
	at org.apache.catalina.core.ApplicationFilterChain.doFilter(ApplicationFilterChain.java:107)
	at org.springframework.web.filter.CompositeFilter$VirtualFilterChain.doFilter(CompositeFilter.java:108)
	at org.springframework.security.web.FilterChainProxy.lambda$doFilterInternal$3(FilterChainProxy.java:235)
	at org.springframework.security.web.FilterChainProxy$VirtualFilterChain.doFilter(FilterChainProxy.java:371)
	at org.springframework.security.web.access.intercept.AuthorizationFilter.doFilter(AuthorizationFilter.java:101)
	at org.springframework.security.web.FilterChainProxy$VirtualFilterChain.doFilter(FilterChainProxy.java:380)
	at org.springframework.security.web.access.ExceptionTranslationFilter.doFilter(ExceptionTranslationFilter.java:126)
	at org.springframework.security.web.access.ExceptionTranslationFilter.doFilter(ExceptionTranslationFilter.java:120)
	at org.springframework.security.web.FilterChainProxy$VirtualFilterChain.doFilter(FilterChainProxy.java:380)
	at org.springframework.security.web.authentication.AnonymousAuthenticationFilter.doFilter(AnonymousAuthenticationFilter.java:100)
	at org.springframework.security.web.FilterChainProxy$VirtualFilterChain.doFilter(FilterChainProxy.java:380)
	at org.springframework.security.web.servletapi.SecurityContextHolderAwareRequestFilter.doFilter(SecurityContextHolderAwareRequestFilter.java:181)
	at org.springframework.security.web.FilterChainProxy$VirtualFilterChain.doFilter(FilterChainProxy.java:380)
	at org.springframework.security.web.savedrequest.RequestCacheAwareFilter.doFilter(RequestCacheAwareFilter.java:63)
	at org.springframework.security.web.FilterChainProxy$VirtualFilterChain.doFilter(FilterChainProxy.java:380)
	at org.springframework.security.web.authentication.www.BasicAuthenticationFilter.doFilterInternal(BasicAuthenticationFilter.java:198)
	at org.springframework.web.filter.OncePerRequestFilter.doFilter(OncePerRequestFilter.java:116)
	at org.springframework.security.web.FilterChainProxy$VirtualFilterChain.doFilter(FilterChainProxy.java:380)
	at org.springframework.security.web.authentication.AbstractAuthenticationProcessingFilter.doFilter(AbstractAuthenticationProcessingFilter.java:245)
	at org.springframework.security.web.authentication.AbstractAuthenticationProcessingFilter.doFilter(AbstractAuthenticationProcessingFilter.java:239)
	at org.springframework.security.web.FilterChainProxy$VirtualFilterChain.doFilter(FilterChainProxy.java:380)
	at org.springframework.security.web.authentication.logout.LogoutFilter.doFilter(LogoutFilter.java:110)
	at org.springframework.security.web.authentication.logout.LogoutFilter.doFilter(LogoutFilter.java:96)
	at org.springframework.security.web.FilterChainProxy$VirtualFilterChain.doFilter(FilterChainProxy.java:380)
	at org.springframework.security.web.header.HeaderWriterFilter.doHeadersAfter(HeaderWriterFilter.java:90)
	at org.springframework.security.web.header.HeaderWriterFilter.doFilterInternal(HeaderWriterFilter.java:75)
	at org.springframework.web.filter.OncePerRequestFilter.doFilter(OncePerRequestFilter.java:116)
	at org.springframework.security.web.FilterChainProxy$VirtualFilterChain.doFilter(FilterChainProxy.java:380)
	at org.springframework.security.web.context.SecurityContextHolderFilter.doFilter(SecurityContextHolderFilter.java:82)
	at org.springframework.security.web.context.SecurityContextHolderFilter.doFilter(SecurityContextHolderFilter.java:69)
	at org.springframework.security.web.FilterChainProxy$VirtualFilterChain.doFilter(FilterChainProxy.java:380)
	at org.springframework.security.web.context.request.async.WebAsyncManagerIntegrationFilter.doFilterInternal(WebAsyncManagerIntegrationFilter.java:62)
	at org.springframework.web.filter.OncePerRequestFilter.doFilter(OncePerRequestFilter.java:116)
	at org.springframework.security.web.FilterChainProxy$VirtualFilterChain.doFilter(FilterChainProxy.java:380)
	at org.springframework.security.web.session.DisableEncodeUrlFilter.doFilterInternal(DisableEncodeUrlFilter.java:42)
	at org.springframework.web.filter.OncePerRequestFilter.doFilter(OncePerRequestFilter.java:116)
	at org.springframework.security.web.FilterChainProxy$VirtualFilterChain.doFilter(FilterChainProxy.java:380)
	at org.springframework.security.web.FilterChainProxy.doFilterInternal(FilterChainProxy.java:237)
	at org.springframework.security.web.FilterChainProxy.doFilter(FilterChainProxy.java:195)
	at org.springframework.web.filter.CompositeFilter$VirtualFilterChain.doFilter(CompositeFilter.java:113)
	at org.springframework.web.filter.ServletRequestPathFilter.doFilter(ServletRequestPathFilter.java:52)
	at org.springframework.web.filter.CompositeFilter$VirtualFilterChain.doFilter(CompositeFilter.java:113)
	at org.springframework.web.filter.CompositeFilter.doFilter(CompositeFilter.java:74)
	at org.springframework.security.config.annotation.web.configuration.WebSecurityConfiguration$CompositeFilterChainProxy.doFilter(WebSecurityConfiguration.java:317)
	at org.springframework.web.filter.DelegatingFilterProxy.invokeDelegate(DelegatingFilterProxy.java:355)
	at org.springframework.web.filter.DelegatingFilterProxy.doFilter(DelegatingFilterProxy.java:272)
	at org.apache.catalina.core.ApplicationFilterChain.doFilter(ApplicationFilterChain.java:107)
	at org.springframework.web.filter.RequestContextFilter.doFilterInternal(RequestContextFilter.java:100)
	at org.springframework.web.filter.OncePerRequestFilter.doFilter(OncePerRequestFilter.java:116)
	at org.apache.catalina.core.ApplicationFilterChain.doFilter(ApplicationFilterChain.java:107)
	at org.springframework.web.filter.FormContentFilter.doFilterInternal(FormContentFilter.java:93)
	at org.springframework.web.filter.OncePerRequestFilter.doFilter(OncePerRequestFilter.java:116)
	at org.apache.catalina.core.ApplicationFilterChain.doFilter(ApplicationFilterChain.java:107)
	at org.springframework.web.filter.CharacterEncodingFilter.doFilterInternal(CharacterEncodingFilter.java:199)
	at org.springframework.web.filter.OncePerRequestFilter.doFilter(OncePerRequestFilter.java:116)
	at org.apache.catalina.core.ApplicationFilterChain.doFilter(ApplicationFilterChain.java:107)
	at org.apache.catalina.core.StandardWrapperValve.invoke(StandardWrapperValve.java:165)
	at org.apache.catalina.core.StandardContextValve.invoke(StandardContextValve.java:77)
	at org.apache.catalina.authenticator.AuthenticatorBase.invoke(AuthenticatorBase.java:492)
	at org.apache.catalina.core.StandardHostValve.invoke(StandardHostValve.java:113)
	at org.apache.catalina.valves.ErrorReportValve.invoke(ErrorReportValve.java:83)
	at org.apache.catalina.core.StandardEngineValve.invoke(StandardEngineValve.java:72)
	at org.apache.catalina.connector.CoyoteAdapter.service(CoyoteAdapter.java:341)
	at org.apache.coyote.http11.Http11Processor.service(Http11Processor.java:397)
	at org.apache.coyote.AbstractProcessorLight.process(AbstractProcessorLight.java:63)
	at org.apache.coyote.AbstractProtocol$ConnectionHandler.process(AbstractProtocol.java:903)
	at org.apache.tomcat.util.net.NioEndpoint$SocketProcessor.doRun(NioEndpoint.java:1779)
	at org.apache.tomcat.util.net.SocketProcessorBase.run(SocketProcessorBase.java:52)
	at org.apache.tomcat.util.threads.ThreadPoolExecutor.runWorker(ThreadPoolExecutor.java:946)
	at org.apache.tomcat.util.threads.ThreadPoolExecutor$Worker.run(ThreadPoolExecutor.java:480)
	at org.apache.tomcat.util.threads.TaskThread$WrappingRunnable.run(TaskThread.java:57)
	at java.base/java.lang.Thread.run(Thread.java:1474)
2026-05-05 10:32:14.877 INFO  --> Administrator accessing dashboard tess at 2026-05-05T10:32:14.877434
2026-05-05 10:32:14.906 ERROR --> Servlet.service() for servlet [dispatcherServlet] in context with path [] threw exception [Request processing failed: org.springframework.jdbc.BadSqlGrammarException: StatementCallback; bad SQL grammar [SELECT * FROM requests]] with root cause
java.sql.SQLSyntaxErrorException: Table 'mytestresourcerdb.requests' doesn't exist
	at com.mysql.cj.jdbc.exceptions.SQLError.createSQLException(SQLError.java:112)
	at com.mysql.cj.jdbc.exceptions.SQLExceptionsMapping.translateException(SQLExceptionsMapping.java:114)
	at com.mysql.cj.jdbc.StatementImpl.executeQuery(StatementImpl.java:1318)
	at com.zaxxer.hikari.pool.ProxyStatement.executeQuery(ProxyStatement.java:111)
	at com.zaxxer.hikari.pool.HikariProxyStatement.executeQuery(HikariProxyStatement.java)
	at org.springframework.jdbc.core.JdbcTemplate$1QueryStatementCallback.doInStatement(JdbcTemplate.java:478)
	at org.springframework.jdbc.core.JdbcTemplate.execute(JdbcTemplate.java:412)
	at org.springframework.jdbc.core.JdbcTemplate.query(JdbcTemplate.java:491)
	at org.springframework.jdbc.core.JdbcTemplate.query(JdbcTemplate.java:501)
	at com.myresourcer.MyResourcer.Services.READ_ServiceManager.getAllRequests(READ_ServiceManager.java:56)
	at com.myresourcer.MyResourcer.WEB_Controllers.WebController.adminDashboard(WebController.java:178)
	at java.base/jdk.internal.reflect.DirectMethodHandleAccessor.invoke(DirectMethodHandleAccessor.java:104)
	at java.base/java.lang.reflect.Method.invoke(Method.java:565)
	at org.springframework.web.method.support.InvocableHandlerMethod.doInvoke(InvocableHandlerMethod.java:252)
	at org.springframework.web.method.support.InvocableHandlerMethod.invokeForRequest(InvocableHandlerMethod.java:184)
	at org.springframework.web.servlet.mvc.method.annotation.ServletInvocableHandlerMethod.invokeAndHandle(ServletInvocableHandlerMethod.java:117)
	at org.springframework.web.servlet.mvc.method.annotation.RequestMappingHandlerAdapter.invokeHandlerMethod(RequestMappingHandlerAdapter.java:934)
	at org.springframework.web.servlet.mvc.method.annotation.RequestMappingHandlerAdapter.handleInternal(RequestMappingHandlerAdapter.java:853)
	at org.springframework.web.servlet.mvc.method.AbstractHandlerMethodAdapter.handle(AbstractHandlerMethodAdapter.java:86)
	at org.springframework.web.servlet.DispatcherServlet.doDispatch(DispatcherServlet.java:963)
	at org.springframework.web.servlet.DispatcherServlet.doService(DispatcherServlet.java:866)
	at org.springframework.web.servlet.FrameworkServlet.processRequest(FrameworkServlet.java:1000)
	at org.springframework.web.servlet.FrameworkServlet.doGet(FrameworkServlet.java:892)
	at jakarta.servlet.http.HttpServlet.service(HttpServlet.java:622)
	at org.springframework.web.servlet.FrameworkServlet.service(FrameworkServlet.java:874)
	at jakarta.servlet.http.HttpServlet.service(HttpServlet.java:710)
	at org.apache.catalina.core.ApplicationFilterChain.doFilter(ApplicationFilterChain.java:128)
	at org.apache.tomcat.websocket.server.WsFilter.doFilter(WsFilter.java:53)
	at org.apache.catalina.core.ApplicationFilterChain.doFilter(ApplicationFilterChain.java:107)
	at org.springframework.web.filter.CompositeFilter$VirtualFilterChain.doFilter(CompositeFilter.java:108)
	at org.springframework.security.web.FilterChainProxy.lambda$doFilterInternal$3(FilterChainProxy.java:235)
	at org.springframework.security.web.FilterChainProxy$VirtualFilterChain.doFilter(FilterChainProxy.java:371)
	at org.springframework.security.web.access.intercept.AuthorizationFilter.doFilter(AuthorizationFilter.java:101)
	at org.springframework.security.web.FilterChainProxy$VirtualFilterChain.doFilter(FilterChainProxy.java:380)
	at org.springframework.security.web.access.ExceptionTranslationFilter.doFilter(ExceptionTranslationFilter.java:126)
	at org.springframework.security.web.access.ExceptionTranslationFilter.doFilter(ExceptionTranslationFilter.java:120)
	at org.springframework.security.web.FilterChainProxy$VirtualFilterChain.doFilter(FilterChainProxy.java:380)
	at org.springframework.security.web.authentication.AnonymousAuthenticationFilter.doFilter(AnonymousAuthenticationFilter.java:100)
	at org.springframework.security.web.FilterChainProxy$VirtualFilterChain.doFilter(FilterChainProxy.java:380)
	at org.springframework.security.web.servletapi.SecurityContextHolderAwareRequestFilter.doFilter(SecurityContextHolderAwareRequestFilter.java:181)
	at org.springframework.security.web.FilterChainProxy$VirtualFilterChain.doFilter(FilterChainProxy.java:380)
	at org.springframework.security.web.savedrequest.RequestCacheAwareFilter.doFilter(RequestCacheAwareFilter.java:63)
	at org.springframework.security.web.FilterChainProxy$VirtualFilterChain.doFilter(FilterChainProxy.java:380)
	at org.springframework.security.web.authentication.www.BasicAuthenticationFilter.doFilterInternal(BasicAuthenticationFilter.java:198)
	at org.springframework.web.filter.OncePerRequestFilter.doFilter(OncePerRequestFilter.java:116)
	at org.springframework.security.web.FilterChainProxy$VirtualFilterChain.doFilter(FilterChainProxy.java:380)
	at org.springframework.security.web.authentication.AbstractAuthenticationProcessingFilter.doFilter(AbstractAuthenticationProcessingFilter.java:245)
	at org.springframework.security.web.authentication.AbstractAuthenticationProcessingFilter.doFilter(AbstractAuthenticationProcessingFilter.java:239)
	at org.springframework.security.web.FilterChainProxy$VirtualFilterChain.doFilter(FilterChainProxy.java:380)
	at org.springframework.security.web.authentication.logout.LogoutFilter.doFilter(LogoutFilter.java:110)
	at org.springframework.security.web.authentication.logout.LogoutFilter.doFilter(LogoutFilter.java:96)
	at org.springframework.security.web.FilterChainProxy$VirtualFilterChain.doFilter(FilterChainProxy.java:380)
	at org.springframework.security.web.header.HeaderWriterFilter.doHeadersAfter(HeaderWriterFilter.java:90)
	at org.springframework.security.web.header.HeaderWriterFilter.doFilterInternal(HeaderWriterFilter.java:75)
	at org.springframework.web.filter.OncePerRequestFilter.doFilter(OncePerRequestFilter.java:116)
	at org.springframework.security.web.FilterChainProxy$VirtualFilterChain.doFilter(FilterChainProxy.java:380)
	at org.springframework.security.web.context.SecurityContextHolderFilter.doFilter(SecurityContextHolderFilter.java:82)
	at org.springframework.security.web.context.SecurityContextHolderFilter.doFilter(SecurityContextHolderFilter.java:69)
	at org.springframework.security.web.FilterChainProxy$VirtualFilterChain.doFilter(FilterChainProxy.java:380)
	at org.springframework.security.web.context.request.async.WebAsyncManagerIntegrationFilter.doFilterInternal(WebAsyncManagerIntegrationFilter.java:62)
	at org.springframework.web.filter.OncePerRequestFilter.doFilter(OncePerRequestFilter.java:116)
	at org.springframework.security.web.FilterChainProxy$VirtualFilterChain.doFilter(FilterChainProxy.java:380)
	at org.springframework.security.web.session.DisableEncodeUrlFilter.doFilterInternal(DisableEncodeUrlFilter.java:42)
	at org.springframework.web.filter.OncePerRequestFilter.doFilter(OncePerRequestFilter.java:116)
	at org.springframework.security.web.FilterChainProxy$VirtualFilterChain.doFilter(FilterChainProxy.java:380)
	at org.springframework.security.web.FilterChainProxy.doFilterInternal(FilterChainProxy.java:237)
	at org.springframework.security.web.FilterChainProxy.doFilter(FilterChainProxy.java:195)
	at org.springframework.web.filter.CompositeFilter$VirtualFilterChain.doFilter(CompositeFilter.java:113)
	at org.springframework.web.filter.ServletRequestPathFilter.doFilter(ServletRequestPathFilter.java:52)
	at org.springframework.web.filter.CompositeFilter$VirtualFilterChain.doFilter(CompositeFilter.java:113)
	at org.springframework.web.filter.CompositeFilter.doFilter(CompositeFilter.java:74)
	at org.springframework.security.config.annotation.web.configuration.WebSecurityConfiguration$CompositeFilterChainProxy.doFilter(WebSecurityConfiguration.java:317)
	at org.springframework.web.filter.DelegatingFilterProxy.invokeDelegate(DelegatingFilterProxy.java:355)
	at org.springframework.web.filter.DelegatingFilterProxy.doFilter(DelegatingFilterProxy.java:272)
	at org.apache.catalina.core.ApplicationFilterChain.doFilter(ApplicationFilterChain.java:107)
	at org.springframework.web.filter.RequestContextFilter.doFilterInternal(RequestContextFilter.java:100)
	at org.springframework.web.filter.OncePerRequestFilter.doFilter(OncePerRequestFilter.java:116)
	at org.apache.catalina.core.ApplicationFilterChain.doFilter(ApplicationFilterChain.java:107)
	at org.springframework.web.filter.FormContentFilter.doFilterInternal(FormContentFilter.java:93)
	at org.springframework.web.filter.OncePerRequestFilter.doFilter(OncePerRequestFilter.java:116)
	at org.apache.catalina.core.ApplicationFilterChain.doFilter(ApplicationFilterChain.java:107)
	at org.springframework.web.filter.CharacterEncodingFilter.doFilterInternal(CharacterEncodingFilter.java:199)
	at org.springframework.web.filter.OncePerRequestFilter.doFilter(OncePerRequestFilter.java:116)
	at org.apache.catalina.core.ApplicationFilterChain.doFilter(ApplicationFilterChain.java:107)
	at org.apache.catalina.core.StandardWrapperValve.invoke(StandardWrapperValve.java:165)
	at org.apache.catalina.core.StandardContextValve.invoke(StandardContextValve.java:77)
	at org.apache.catalina.authenticator.AuthenticatorBase.invoke(AuthenticatorBase.java:492)
	at org.apache.catalina.core.StandardHostValve.invoke(StandardHostValve.java:113)
	at org.apache.catalina.valves.ErrorReportValve.invoke(ErrorReportValve.java:83)
	at org.apache.catalina.core.StandardEngineValve.invoke(StandardEngineValve.java:72)
	at org.apache.catalina.connector.CoyoteAdapter.service(CoyoteAdapter.java:341)
	at org.apache.coyote.http11.Http11Processor.service(Http11Processor.java:397)
	at org.apache.coyote.AbstractProcessorLight.process(AbstractProcessorLight.java:63)
	at org.apache.coyote.AbstractProtocol$ConnectionHandler.process(AbstractProtocol.java:903)
	at org.apache.tomcat.util.net.NioEndpoint$SocketProcessor.doRun(NioEndpoint.java:1779)
	at org.apache.tomcat.util.net.SocketProcessorBase.run(SocketProcessorBase.java:52)
	at org.apache.tomcat.util.threads.ThreadPoolExecutor.runWorker(ThreadPoolExecutor.java:946)
	at org.apache.tomcat.util.threads.ThreadPoolExecutor$Worker.run(ThreadPoolExecutor.java:480)
	at org.apache.tomcat.util.threads.TaskThread$WrappingRunnable.run(TaskThread.java:57)
	at java.base/java.lang.Thread.run(Thread.java:1474)
2026-05-05 10:32:48.637 INFO  --> Asset with ID: 21, requested by: erich
2026-05-05 10:32:59.433 ERROR --> Servlet.service() for servlet [dispatcherServlet] in context with path [] threw exception [Request processing failed: org.springframework.jdbc.BadSqlGrammarException: StatementCallback; bad SQL grammar [SELECT * FROM requests]] with root cause
java.sql.SQLSyntaxErrorException: Table 'mytestresourcerdb.requests' doesn't exist
	at com.mysql.cj.jdbc.exceptions.SQLError.createSQLException(SQLError.java:112)
	at com.mysql.cj.jdbc.exceptions.SQLExceptionsMapping.translateException(SQLExceptionsMapping.java:114)
	at com.mysql.cj.jdbc.StatementImpl.executeQuery(StatementImpl.java:1318)
	at com.zaxxer.hikari.pool.ProxyStatement.executeQuery(ProxyStatement.java:111)
	at com.zaxxer.hikari.pool.HikariProxyStatement.executeQuery(HikariProxyStatement.java)
	at org.springframework.jdbc.core.JdbcTemplate$1QueryStatementCallback.doInStatement(JdbcTemplate.java:478)
	at org.springframework.jdbc.core.JdbcTemplate.execute(JdbcTemplate.java:412)
	at org.springframework.jdbc.core.JdbcTemplate.query(JdbcTemplate.java:491)
	at org.springframework.jdbc.core.JdbcTemplate.query(JdbcTemplate.java:501)
	at com.myresourcer.MyResourcer.Services.READ_ServiceManager.getAllRequests(READ_ServiceManager.java:56)
	at com.myresourcer.MyResourcer.WEB_Controllers.WebController.index(WebController.java:88)
	at java.base/jdk.internal.reflect.DirectMethodHandleAccessor.invoke(DirectMethodHandleAccessor.java:104)
	at java.base/java.lang.reflect.Method.invoke(Method.java:565)
	at org.springframework.web.method.support.InvocableHandlerMethod.doInvoke(InvocableHandlerMethod.java:252)
	at org.springframework.web.method.support.InvocableHandlerMethod.invokeForRequest(InvocableHandlerMethod.java:184)
	at org.springframework.web.servlet.mvc.method.annotation.ServletInvocableHandlerMethod.invokeAndHandle(ServletInvocableHandlerMethod.java:117)
	at org.springframework.web.servlet.mvc.method.annotation.RequestMappingHandlerAdapter.invokeHandlerMethod(RequestMappingHandlerAdapter.java:934)
	at org.springframework.web.servlet.mvc.method.annotation.RequestMappingHandlerAdapter.handleInternal(RequestMappingHandlerAdapter.java:853)
	at org.springframework.web.servlet.mvc.method.AbstractHandlerMethodAdapter.handle(AbstractHandlerMethodAdapter.java:86)
	at org.springframework.web.servlet.DispatcherServlet.doDispatch(DispatcherServlet.java:963)
	at org.springframework.web.servlet.DispatcherServlet.doService(DispatcherServlet.java:866)
	at org.springframework.web.servlet.FrameworkServlet.processRequest(FrameworkServlet.java:1000)
	at org.springframework.web.servlet.FrameworkServlet.doGet(FrameworkServlet.java:892)
	at jakarta.servlet.http.HttpServlet.service(HttpServlet.java:622)
	at org.springframework.web.servlet.FrameworkServlet.service(FrameworkServlet.java:874)
	at jakarta.servlet.http.HttpServlet.service(HttpServlet.java:710)
	at org.apache.catalina.core.ApplicationFilterChain.doFilter(ApplicationFilterChain.java:128)
	at org.apache.tomcat.websocket.server.WsFilter.doFilter(WsFilter.java:53)
	at org.apache.catalina.core.ApplicationFilterChain.doFilter(ApplicationFilterChain.java:107)
	at org.springframework.web.filter.CompositeFilter$VirtualFilterChain.doFilter(CompositeFilter.java:108)
	at org.springframework.security.web.FilterChainProxy.lambda$doFilterInternal$3(FilterChainProxy.java:235)
	at org.springframework.security.web.FilterChainProxy$VirtualFilterChain.doFilter(FilterChainProxy.java:371)
	at org.springframework.security.web.access.intercept.AuthorizationFilter.doFilter(AuthorizationFilter.java:101)
	at org.springframework.security.web.FilterChainProxy$VirtualFilterChain.doFilter(FilterChainProxy.java:380)
	at org.springframework.security.web.access.ExceptionTranslationFilter.doFilter(ExceptionTranslationFilter.java:126)
	at org.springframework.security.web.access.ExceptionTranslationFilter.doFilter(ExceptionTranslationFilter.java:120)
	at org.springframework.security.web.FilterChainProxy$VirtualFilterChain.doFilter(FilterChainProxy.java:380)
	at org.springframework.security.web.authentication.AnonymousAuthenticationFilter.doFilter(AnonymousAuthenticationFilter.java:100)
	at org.springframework.security.web.FilterChainProxy$VirtualFilterChain.doFilter(FilterChainProxy.java:380)
	at org.springframework.security.web.servletapi.SecurityContextHolderAwareRequestFilter.doFilter(SecurityContextHolderAwareRequestFilter.java:181)
	at org.springframework.security.web.FilterChainProxy$VirtualFilterChain.doFilter(FilterChainProxy.java:380)
	at org.springframework.security.web.savedrequest.RequestCacheAwareFilter.doFilter(RequestCacheAwareFilter.java:63)
	at org.springframework.security.web.FilterChainProxy$VirtualFilterChain.doFilter(FilterChainProxy.java:380)
	at org.springframework.security.web.authentication.www.BasicAuthenticationFilter.doFilterInternal(BasicAuthenticationFilter.java:198)
	at org.springframework.web.filter.OncePerRequestFilter.doFilter(OncePerRequestFilter.java:116)
	at org.springframework.security.web.FilterChainProxy$VirtualFilterChain.doFilter(FilterChainProxy.java:380)
	at org.springframework.security.web.authentication.AbstractAuthenticationProcessingFilter.doFilter(AbstractAuthenticationProcessingFilter.java:245)
	at org.springframework.security.web.authentication.AbstractAuthenticationProcessingFilter.doFilter(AbstractAuthenticationProcessingFilter.java:239)
	at org.springframework.security.web.FilterChainProxy$VirtualFilterChain.doFilter(FilterChainProxy.java:380)
	at org.springframework.security.web.authentication.logout.LogoutFilter.doFilter(LogoutFilter.java:110)
	at org.springframework.security.web.authentication.logout.LogoutFilter.doFilter(LogoutFilter.java:96)
	at org.springframework.security.web.FilterChainProxy$VirtualFilterChain.doFilter(FilterChainProxy.java:380)
	at org.springframework.security.web.header.HeaderWriterFilter.doHeadersAfter(HeaderWriterFilter.java:90)
	at org.springframework.security.web.header.HeaderWriterFilter.doFilterInternal(HeaderWriterFilter.java:75)
	at org.springframework.web.filter.OncePerRequestFilter.doFilter(OncePerRequestFilter.java:116)
	at org.springframework.security.web.FilterChainProxy$VirtualFilterChain.doFilter(FilterChainProxy.java:380)
	at org.springframework.security.web.context.SecurityContextHolderFilter.doFilter(SecurityContextHolderFilter.java:82)
	at org.springframework.security.web.context.SecurityContextHolderFilter.doFilter(SecurityContextHolderFilter.java:69)
	at org.springframework.security.web.FilterChainProxy$VirtualFilterChain.doFilter(FilterChainProxy.java:380)
	at org.springframework.security.web.context.request.async.WebAsyncManagerIntegrationFilter.doFilterInternal(WebAsyncManagerIntegrationFilter.java:62)
	at org.springframework.web.filter.OncePerRequestFilter.doFilter(OncePerRequestFilter.java:116)
	at org.springframework.security.web.FilterChainProxy$VirtualFilterChain.doFilter(FilterChainProxy.java:380)
	at org.springframework.security.web.session.DisableEncodeUrlFilter.doFilterInternal(DisableEncodeUrlFilter.java:42)
	at org.springframework.web.filter.OncePerRequestFilter.doFilter(OncePerRequestFilter.java:116)
	at org.springframework.security.web.FilterChainProxy$VirtualFilterChain.doFilter(FilterChainProxy.java:380)
	at org.springframework.security.web.FilterChainProxy.doFilterInternal(FilterChainProxy.java:237)
	at org.springframework.security.web.FilterChainProxy.doFilter(FilterChainProxy.java:195)
	at org.springframework.web.filter.CompositeFilter$VirtualFilterChain.doFilter(CompositeFilter.java:113)
	at org.springframework.web.filter.ServletRequestPathFilter.doFilter(ServletRequestPathFilter.java:52)
	at org.springframework.web.filter.CompositeFilter$VirtualFilterChain.doFilter(CompositeFilter.java:113)
	at org.springframework.web.filter.CompositeFilter.doFilter(CompositeFilter.java:74)
	at org.springframework.security.config.annotation.web.configuration.WebSecurityConfiguration$CompositeFilterChainProxy.doFilter(WebSecurityConfiguration.java:317)
	at org.springframework.web.filter.DelegatingFilterProxy.invokeDelegate(DelegatingFilterProxy.java:355)
	at org.springframework.web.filter.DelegatingFilterProxy.doFilter(DelegatingFilterProxy.java:272)
	at org.apache.catalina.core.ApplicationFilterChain.doFilter(ApplicationFilterChain.java:107)
	at org.springframework.web.filter.RequestContextFilter.doFilterInternal(RequestContextFilter.java:100)
	at org.springframework.web.filter.OncePerRequestFilter.doFilter(OncePerRequestFilter.java:116)
	at org.apache.catalina.core.ApplicationFilterChain.doFilter(ApplicationFilterChain.java:107)
	at org.springframework.web.filter.FormContentFilter.doFilterInternal(FormContentFilter.java:93)
	at org.springframework.web.filter.OncePerRequestFilter.doFilter(OncePerRequestFilter.java:116)
	at org.apache.catalina.core.ApplicationFilterChain.doFilter(ApplicationFilterChain.java:107)
	at org.springframework.web.filter.CharacterEncodingFilter.doFilterInternal(CharacterEncodingFilter.java:199)
	at org.springframework.web.filter.OncePerRequestFilter.doFilter(OncePerRequestFilter.java:116)
	at org.apache.catalina.core.ApplicationFilterChain.doFilter(ApplicationFilterChain.java:107)
	at org.apache.catalina.core.StandardWrapperValve.invoke(StandardWrapperValve.java:165)
	at org.apache.catalina.core.StandardContextValve.invoke(StandardContextValve.java:77)
	at org.apache.catalina.authenticator.AuthenticatorBase.invoke(AuthenticatorBase.java:492)
	at org.apache.catalina.core.StandardHostValve.invoke(StandardHostValve.java:113)
	at org.apache.catalina.valves.ErrorReportValve.invoke(ErrorReportValve.java:83)
	at org.apache.catalina.core.StandardEngineValve.invoke(StandardEngineValve.java:72)
	at org.apache.catalina.connector.CoyoteAdapter.service(CoyoteAdapter.java:341)
	at org.apache.coyote.http11.Http11Processor.service(Http11Processor.java:397)
	at org.apache.coyote.AbstractProcessorLight.process(AbstractProcessorLight.java:63)
	at org.apache.coyote.AbstractProtocol$ConnectionHandler.process(AbstractProtocol.java:903)
	at org.apache.tomcat.util.net.NioEndpoint$SocketProcessor.doRun(NioEndpoint.java:1779)
	at org.apache.tomcat.util.net.SocketProcessorBase.run(SocketProcessorBase.java:52)
	at org.apache.tomcat.util.threads.ThreadPoolExecutor.runWorker(ThreadPoolExecutor.java:946)
	at org.apache.tomcat.util.threads.ThreadPoolExecutor$Worker.run(ThreadPoolExecutor.java:480)
	at org.apache.tomcat.util.threads.TaskThread$WrappingRunnable.run(TaskThread.java:57)
	at java.base/java.lang.Thread.run(Thread.java:1474)
2026-05-05 10:33:03.326 INFO  --> Administrator accessing dashboard tess at 2026-05-05T10:33:03.326384
2026-05-05 10:33:03.349 ERROR --> Servlet.service() for servlet [dispatcherServlet] in context with path [] threw exception [Request processing failed: org.springframework.jdbc.BadSqlGrammarException: StatementCallback; bad SQL grammar [SELECT * FROM requests]] with root cause
java.sql.SQLSyntaxErrorException: Table 'mytestresourcerdb.requests' doesn't exist
	at com.mysql.cj.jdbc.exceptions.SQLError.createSQLException(SQLError.java:112)
	at com.mysql.cj.jdbc.exceptions.SQLExceptionsMapping.translateException(SQLExceptionsMapping.java:114)
	at com.mysql.cj.jdbc.StatementImpl.executeQuery(StatementImpl.java:1318)
	at com.zaxxer.hikari.pool.ProxyStatement.executeQuery(ProxyStatement.java:111)
	at com.zaxxer.hikari.pool.HikariProxyStatement.executeQuery(HikariProxyStatement.java)
	at org.springframework.jdbc.core.JdbcTemplate$1QueryStatementCallback.doInStatement(JdbcTemplate.java:478)
	at org.springframework.jdbc.core.JdbcTemplate.execute(JdbcTemplate.java:412)
	at org.springframework.jdbc.core.JdbcTemplate.query(JdbcTemplate.java:491)
	at org.springframework.jdbc.core.JdbcTemplate.query(JdbcTemplate.java:501)
	at com.myresourcer.MyResourcer.Services.READ_ServiceManager.getAllRequests(READ_ServiceManager.java:56)
	at com.myresourcer.MyResourcer.WEB_Controllers.WebController.adminDashboard(WebController.java:178)
	at java.base/jdk.internal.reflect.DirectMethodHandleAccessor.invoke(DirectMethodHandleAccessor.java:104)
	at java.base/java.lang.reflect.Method.invoke(Method.java:565)
	at org.springframework.web.method.support.InvocableHandlerMethod.doInvoke(InvocableHandlerMethod.java:252)
	at org.springframework.web.method.support.InvocableHandlerMethod.invokeForRequest(InvocableHandlerMethod.java:184)
	at org.springframework.web.servlet.mvc.method.annotation.ServletInvocableHandlerMethod.invokeAndHandle(ServletInvocableHandlerMethod.java:117)
	at org.springframework.web.servlet.mvc.method.annotation.RequestMappingHandlerAdapter.invokeHandlerMethod(RequestMappingHandlerAdapter.java:934)
	at org.springframework.web.servlet.mvc.method.annotation.RequestMappingHandlerAdapter.handleInternal(RequestMappingHandlerAdapter.java:853)
	at org.springframework.web.servlet.mvc.method.AbstractHandlerMethodAdapter.handle(AbstractHandlerMethodAdapter.java:86)
	at org.springframework.web.servlet.DispatcherServlet.doDispatch(DispatcherServlet.java:963)
	at org.springframework.web.servlet.DispatcherServlet.doService(DispatcherServlet.java:866)
	at org.springframework.web.servlet.FrameworkServlet.processRequest(FrameworkServlet.java:1000)
	at org.springframework.web.servlet.FrameworkServlet.doGet(FrameworkServlet.java:892)
	at jakarta.servlet.http.HttpServlet.service(HttpServlet.java:622)
	at org.springframework.web.servlet.FrameworkServlet.service(FrameworkServlet.java:874)
	at jakarta.servlet.http.HttpServlet.service(HttpServlet.java:710)
	at org.apache.catalina.core.ApplicationFilterChain.doFilter(ApplicationFilterChain.java:128)
	at org.apache.tomcat.websocket.server.WsFilter.doFilter(WsFilter.java:53)
	at org.apache.catalina.core.ApplicationFilterChain.doFilter(ApplicationFilterChain.java:107)
	at org.springframework.web.filter.CompositeFilter$VirtualFilterChain.doFilter(CompositeFilter.java:108)
	at org.springframework.security.web.FilterChainProxy.lambda$doFilterInternal$3(FilterChainProxy.java:235)
	at org.springframework.security.web.FilterChainProxy$VirtualFilterChain.doFilter(FilterChainProxy.java:371)
	at org.springframework.security.web.access.intercept.AuthorizationFilter.doFilter(AuthorizationFilter.java:101)
	at org.springframework.security.web.FilterChainProxy$VirtualFilterChain.doFilter(FilterChainProxy.java:380)
	at org.springframework.security.web.access.ExceptionTranslationFilter.doFilter(ExceptionTranslationFilter.java:126)
	at org.springframework.security.web.access.ExceptionTranslationFilter.doFilter(ExceptionTranslationFilter.java:120)
	at org.springframework.security.web.FilterChainProxy$VirtualFilterChain.doFilter(FilterChainProxy.java:380)
	at org.springframework.security.web.authentication.AnonymousAuthenticationFilter.doFilter(AnonymousAuthenticationFilter.java:100)
	at org.springframework.security.web.FilterChainProxy$VirtualFilterChain.doFilter(FilterChainProxy.java:380)
	at org.springframework.security.web.servletapi.SecurityContextHolderAwareRequestFilter.doFilter(SecurityContextHolderAwareRequestFilter.java:181)
	at org.springframework.security.web.FilterChainProxy$VirtualFilterChain.doFilter(FilterChainProxy.java:380)
	at org.springframework.security.web.savedrequest.RequestCacheAwareFilter.doFilter(RequestCacheAwareFilter.java:63)
	at org.springframework.security.web.FilterChainProxy$VirtualFilterChain.doFilter(FilterChainProxy.java:380)
	at org.springframework.security.web.authentication.www.BasicAuthenticationFilter.doFilterInternal(BasicAuthenticationFilter.java:198)
	at org.springframework.web.filter.OncePerRequestFilter.doFilter(OncePerRequestFilter.java:116)
	at org.springframework.security.web.FilterChainProxy$VirtualFilterChain.doFilter(FilterChainProxy.java:380)
	at org.springframework.security.web.authentication.AbstractAuthenticationProcessingFilter.doFilter(AbstractAuthenticationProcessingFilter.java:245)
	at org.springframework.security.web.authentication.AbstractAuthenticationProcessingFilter.doFilter(AbstractAuthenticationProcessingFilter.java:239)
	at org.springframework.security.web.FilterChainProxy$VirtualFilterChain.doFilter(FilterChainProxy.java:380)
	at org.springframework.security.web.authentication.logout.LogoutFilter.doFilter(LogoutFilter.java:110)
	at org.springframework.security.web.authentication.logout.LogoutFilter.doFilter(LogoutFilter.java:96)
	at org.springframework.security.web.FilterChainProxy$VirtualFilterChain.doFilter(FilterChainProxy.java:380)
	at org.springframework.security.web.header.HeaderWriterFilter.doHeadersAfter(HeaderWriterFilter.java:90)
	at org.springframework.security.web.header.HeaderWriterFilter.doFilterInternal(HeaderWriterFilter.java:75)
	at org.springframework.web.filter.OncePerRequestFilter.doFilter(OncePerRequestFilter.java:116)
	at org.springframework.security.web.FilterChainProxy$VirtualFilterChain.doFilter(FilterChainProxy.java:380)
	at org.springframework.security.web.context.SecurityContextHolderFilter.doFilter(SecurityContextHolderFilter.java:82)
	at org.springframework.security.web.context.SecurityContextHolderFilter.doFilter(SecurityContextHolderFilter.java:69)
	at org.springframework.security.web.FilterChainProxy$VirtualFilterChain.doFilter(FilterChainProxy.java:380)
	at org.springframework.security.web.context.request.async.WebAsyncManagerIntegrationFilter.doFilterInternal(WebAsyncManagerIntegrationFilter.java:62)
	at org.springframework.web.filter.OncePerRequestFilter.doFilter(OncePerRequestFilter.java:116)
	at org.springframework.security.web.FilterChainProxy$VirtualFilterChain.doFilter(FilterChainProxy.java:380)
	at org.springframework.security.web.session.DisableEncodeUrlFilter.doFilterInternal(DisableEncodeUrlFilter.java:42)
	at org.springframework.web.filter.OncePerRequestFilter.doFilter(OncePerRequestFilter.java:116)
	at org.springframework.security.web.FilterChainProxy$VirtualFilterChain.doFilter(FilterChainProxy.java:380)
	at org.springframework.security.web.FilterChainProxy.doFilterInternal(FilterChainProxy.java:237)
	at org.springframework.security.web.FilterChainProxy.doFilter(FilterChainProxy.java:195)
	at org.springframework.web.filter.CompositeFilter$VirtualFilterChain.doFilter(CompositeFilter.java:113)
	at org.springframework.web.filter.ServletRequestPathFilter.doFilter(ServletRequestPathFilter.java:52)
	at org.springframework.web.filter.CompositeFilter$VirtualFilterChain.doFilter(CompositeFilter.java:113)
	at org.springframework.web.filter.CompositeFilter.doFilter(CompositeFilter.java:74)
	at org.springframework.security.config.annotation.web.configuration.WebSecurityConfiguration$CompositeFilterChainProxy.doFilter(WebSecurityConfiguration.java:317)
	at org.springframework.web.filter.DelegatingFilterProxy.invokeDelegate(DelegatingFilterProxy.java:355)
	at org.springframework.web.filter.DelegatingFilterProxy.doFilter(DelegatingFilterProxy.java:272)
	at org.apache.catalina.core.ApplicationFilterChain.doFilter(ApplicationFilterChain.java:107)
	at org.springframework.web.filter.RequestContextFilter.doFilterInternal(RequestContextFilter.java:100)
	at org.springframework.web.filter.OncePerRequestFilter.doFilter(OncePerRequestFilter.java:116)
	at org.apache.catalina.core.ApplicationFilterChain.doFilter(ApplicationFilterChain.java:107)
	at org.springframework.web.filter.FormContentFilter.doFilterInternal(FormContentFilter.java:93)
	at org.springframework.web.filter.OncePerRequestFilter.doFilter(OncePerRequestFilter.java:116)
	at org.apache.catalina.core.ApplicationFilterChain.doFilter(ApplicationFilterChain.java:107)
	at org.springframework.web.filter.CharacterEncodingFilter.doFilterInternal(CharacterEncodingFilter.java:199)
	at org.springframework.web.filter.OncePerRequestFilter.doFilter(OncePerRequestFilter.java:116)
	at org.apache.catalina.core.ApplicationFilterChain.doFilter(ApplicationFilterChain.java:107)
	at org.apache.catalina.core.StandardWrapperValve.invoke(StandardWrapperValve.java:165)
	at org.apache.catalina.core.StandardContextValve.invoke(StandardContextValve.java:77)
	at org.apache.catalina.authenticator.AuthenticatorBase.invoke(AuthenticatorBase.java:492)
	at org.apache.catalina.core.StandardHostValve.invoke(StandardHostValve.java:113)
	at org.apache.catalina.valves.ErrorReportValve.invoke(ErrorReportValve.java:83)
	at org.apache.catalina.core.StandardEngineValve.invoke(StandardEngineValve.java:72)
	at org.apache.catalina.connector.CoyoteAdapter.service(CoyoteAdapter.java:341)
	at org.apache.coyote.http11.Http11Processor.service(Http11Processor.java:397)
	at org.apache.coyote.AbstractProcessorLight.process(AbstractProcessorLight.java:63)
	at org.apache.coyote.AbstractProtocol$ConnectionHandler.process(AbstractProtocol.java:903)
	at org.apache.tomcat.util.net.NioEndpoint$SocketProcessor.doRun(NioEndpoint.java:1779)
	at org.apache.tomcat.util.net.SocketProcessorBase.run(SocketProcessorBase.java:52)
	at org.apache.tomcat.util.threads.ThreadPoolExecutor.runWorker(ThreadPoolExecutor.java:946)
	at org.apache.tomcat.util.threads.ThreadPoolExecutor$Worker.run(ThreadPoolExecutor.java:480)
	at org.apache.tomcat.util.threads.TaskThread$WrappingRunnable.run(TaskThread.java:57)
	at java.base/java.lang.Thread.run(Thread.java:1474)
2026-05-05 10:40:14.658 ERROR --> Servlet.service() for servlet [dispatcherServlet] in context with path [] threw exception [Request processing failed: org.springframework.jdbc.BadSqlGrammarException: StatementCallback; bad SQL grammar [SELECT * FROM requests]] with root cause
java.sql.SQLSyntaxErrorException: Table 'mytestresourcerdb.requests' doesn't exist
	at com.mysql.cj.jdbc.exceptions.SQLError.createSQLException(SQLError.java:112)
	at com.mysql.cj.jdbc.exceptions.SQLExceptionsMapping.translateException(SQLExceptionsMapping.java:114)
	at com.mysql.cj.jdbc.StatementImpl.executeQuery(StatementImpl.java:1318)
	at com.zaxxer.hikari.pool.ProxyStatement.executeQuery(ProxyStatement.java:111)
	at com.zaxxer.hikari.pool.HikariProxyStatement.executeQuery(HikariProxyStatement.java)
	at org.springframework.jdbc.core.JdbcTemplate$1QueryStatementCallback.doInStatement(JdbcTemplate.java:478)
	at org.springframework.jdbc.core.JdbcTemplate.execute(JdbcTemplate.java:412)
	at org.springframework.jdbc.core.JdbcTemplate.query(JdbcTemplate.java:491)
	at org.springframework.jdbc.core.JdbcTemplate.query(JdbcTemplate.java:501)
	at com.myresourcer.MyResourcer.Services.READ_ServiceManager.getAllRequests(READ_ServiceManager.java:56)
	at com.myresourcer.MyResourcer.WEB_Controllers.WebController.adminDashboard(WebController.java:178)
	at java.base/jdk.internal.reflect.DirectMethodHandleAccessor.invoke(DirectMethodHandleAccessor.java:104)
	at java.base/java.lang.reflect.Method.invoke(Method.java:565)
	at org.springframework.web.method.support.InvocableHandlerMethod.doInvoke(InvocableHandlerMethod.java:252)
	at org.springframework.web.method.support.InvocableHandlerMethod.invokeForRequest(InvocableHandlerMethod.java:184)
	at org.springframework.web.servlet.mvc.method.annotation.ServletInvocableHandlerMethod.invokeAndHandle(ServletInvocableHandlerMethod.java:117)
	at org.springframework.web.servlet.mvc.method.annotation.RequestMappingHandlerAdapter.invokeHandlerMethod(RequestMappingHandlerAdapter.java:934)
	at org.springframework.web.servlet.mvc.method.annotation.RequestMappingHandlerAdapter.handleInternal(RequestMappingHandlerAdapter.java:853)
	at org.springframework.web.servlet.mvc.method.AbstractHandlerMethodAdapter.handle(AbstractHandlerMethodAdapter.java:86)
	at org.springframework.web.servlet.DispatcherServlet.doDispatch(DispatcherServlet.java:963)
	at org.springframework.web.servlet.DispatcherServlet.doService(DispatcherServlet.java:866)
	at org.springframework.web.servlet.FrameworkServlet.processRequest(FrameworkServlet.java:1000)
	at org.springframework.web.servlet.FrameworkServlet.doGet(FrameworkServlet.java:892)
	at jakarta.servlet.http.HttpServlet.service(HttpServlet.java:622)
	at org.springframework.web.servlet.FrameworkServlet.service(FrameworkServlet.java:874)
	at jakarta.servlet.http.HttpServlet.service(HttpServlet.java:710)
	at org.apache.catalina.core.ApplicationFilterChain.doFilter(ApplicationFilterChain.java:128)
	at org.apache.tomcat.websocket.server.WsFilter.doFilter(WsFilter.java:53)
	at org.apache.catalina.core.ApplicationFilterChain.doFilter(ApplicationFilterChain.java:107)
	at org.springframework.web.filter.CompositeFilter$VirtualFilterChain.doFilter(CompositeFilter.java:108)
	at org.springframework.security.web.FilterChainProxy.lambda$doFilterInternal$3(FilterChainProxy.java:235)
	at org.springframework.security.web.FilterChainProxy$VirtualFilterChain.doFilter(FilterChainProxy.java:371)
	at org.springframework.security.web.access.intercept.AuthorizationFilter.doFilter(AuthorizationFilter.java:101)
	at org.springframework.security.web.FilterChainProxy$VirtualFilterChain.doFilter(FilterChainProxy.java:380)
	at org.springframework.security.web.access.ExceptionTranslationFilter.doFilter(ExceptionTranslationFilter.java:126)
	at org.springframework.security.web.access.ExceptionTranslationFilter.doFilter(ExceptionTranslationFilter.java:120)
	at org.springframework.security.web.FilterChainProxy$VirtualFilterChain.doFilter(FilterChainProxy.java:380)
	at org.springframework.security.web.authentication.AnonymousAuthenticationFilter.doFilter(AnonymousAuthenticationFilter.java:100)
	at org.springframework.security.web.FilterChainProxy$VirtualFilterChain.doFilter(FilterChainProxy.java:380)
	at org.springframework.security.web.servletapi.SecurityContextHolderAwareRequestFilter.doFilter(SecurityContextHolderAwareRequestFilter.java:181)
	at org.springframework.security.web.FilterChainProxy$VirtualFilterChain.doFilter(FilterChainProxy.java:380)
	at org.springframework.security.web.savedrequest.RequestCacheAwareFilter.doFilter(RequestCacheAwareFilter.java:63)
	at org.springframework.security.web.FilterChainProxy$VirtualFilterChain.doFilter(FilterChainProxy.java:380)
	at org.springframework.security.web.authentication.www.BasicAuthenticationFilter.doFilterInternal(BasicAuthenticationFilter.java:198)
	at org.springframework.web.filter.OncePerRequestFilter.doFilter(OncePerRequestFilter.java:116)
	at org.springframework.security.web.FilterChainProxy$VirtualFilterChain.doFilter(FilterChainProxy.java:380)
	at org.springframework.security.web.authentication.AbstractAuthenticationProcessingFilter.doFilter(AbstractAuthenticationProcessingFilter.java:245)
	at org.springframework.security.web.authentication.AbstractAuthenticationProcessingFilter.doFilter(AbstractAuthenticationProcessingFilter.java:239)
	at org.springframework.security.web.FilterChainProxy$VirtualFilterChain.doFilter(FilterChainProxy.java:380)
	at org.springframework.security.web.authentication.logout.LogoutFilter.doFilter(LogoutFilter.java:110)
	at org.springframework.security.web.authentication.logout.LogoutFilter.doFilter(LogoutFilter.java:96)
	at org.springframework.security.web.FilterChainProxy$VirtualFilterChain.doFilter(FilterChainProxy.java:380)
	at org.springframework.security.web.header.HeaderWriterFilter.doHeadersAfter(HeaderWriterFilter.java:90)
	at org.springframework.security.web.header.HeaderWriterFilter.doFilterInternal(HeaderWriterFilter.java:75)
	at org.springframework.web.filter.OncePerRequestFilter.doFilter(OncePerRequestFilter.java:116)
	at org.springframework.security.web.FilterChainProxy$VirtualFilterChain.doFilter(FilterChainProxy.java:380)
	at org.springframework.security.web.context.SecurityContextHolderFilter.doFilter(SecurityContextHolderFilter.java:82)
	at org.springframework.security.web.context.SecurityContextHolderFilter.doFilter(SecurityContextHolderFilter.java:69)
	at org.springframework.security.web.FilterChainProxy$VirtualFilterChain.doFilter(FilterChainProxy.java:380)
	at org.springframework.security.web.context.request.async.WebAsyncManagerIntegrationFilter.doFilterInternal(WebAsyncManagerIntegrationFilter.java:62)
	at org.springframework.web.filter.OncePerRequestFilter.doFilter(OncePerRequestFilter.java:116)
	at org.springframework.security.web.FilterChainProxy$VirtualFilterChain.doFilter(FilterChainProxy.java:380)
	at org.springframework.security.web.session.DisableEncodeUrlFilter.doFilterInternal(DisableEncodeUrlFilter.java:42)
	at org.springframework.web.filter.OncePerRequestFilter.doFilter(OncePerRequestFilter.java:116)
	at org.springframework.security.web.FilterChainProxy$VirtualFilterChain.doFilter(FilterChainProxy.java:380)
	at org.springframework.security.web.FilterChainProxy.doFilterInternal(FilterChainProxy.java:237)
	at org.springframework.security.web.FilterChainProxy.doFilter(FilterChainProxy.java:195)
	at org.springframework.web.filter.CompositeFilter$VirtualFilterChain.doFilter(CompositeFilter.java:113)
	at org.springframework.web.filter.ServletRequestPathFilter.doFilter(ServletRequestPathFilter.java:52)
	at org.springframework.web.filter.CompositeFilter$VirtualFilterChain.doFilter(CompositeFilter.java:113)
	at org.springframework.web.filter.CompositeFilter.doFilter(CompositeFilter.java:74)
	at org.springframework.security.config.annotation.web.configuration.WebSecurityConfiguration$CompositeFilterChainProxy.doFilter(WebSecurityConfiguration.java:317)
	at org.springframework.web.filter.DelegatingFilterProxy.invokeDelegate(DelegatingFilterProxy.java:355)
	at org.springframework.web.filter.DelegatingFilterProxy.doFilter(DelegatingFilterProxy.java:272)
	at org.apache.catalina.core.ApplicationFilterChain.doFilter(ApplicationFilterChain.java:107)
	at org.springframework.web.filter.RequestContextFilter.doFilterInternal(RequestContextFilter.java:100)
	at org.springframework.web.filter.OncePerRequestFilter.doFilter(OncePerRequestFilter.java:116)
	at org.apache.catalina.core.ApplicationFilterChain.doFilter(ApplicationFilterChain.java:107)
	at org.springframework.web.filter.FormContentFilter.doFilterInternal(FormContentFilter.java:93)
	at org.springframework.web.filter.OncePerRequestFilter.doFilter(OncePerRequestFilter.java:116)
	at org.apache.catalina.core.ApplicationFilterChain.doFilter(ApplicationFilterChain.java:107)
	at org.springframework.web.filter.CharacterEncodingFilter.doFilterInternal(CharacterEncodingFilter.java:199)
	at org.springframework.web.filter.OncePerRequestFilter.doFilter(OncePerRequestFilter.java:116)
	at org.apache.catalina.core.ApplicationFilterChain.doFilter(ApplicationFilterChain.java:107)
	at org.apache.catalina.core.StandardWrapperValve.invoke(StandardWrapperValve.java:165)
	at org.apache.catalina.core.StandardContextValve.invoke(StandardContextValve.java:77)
	at org.apache.catalina.authenticator.AuthenticatorBase.invoke(AuthenticatorBase.java:492)
	at org.apache.catalina.core.StandardHostValve.invoke(StandardHostValve.java:113)
	at org.apache.catalina.valves.ErrorReportValve.invoke(ErrorReportValve.java:83)
	at org.apache.catalina.core.StandardEngineValve.invoke(StandardEngineValve.java:72)
	at org.apache.catalina.connector.CoyoteAdapter.service(CoyoteAdapter.java:341)
	at org.apache.coyote.http11.Http11Processor.service(Http11Processor.java:397)
	at org.apache.coyote.AbstractProcessorLight.process(AbstractProcessorLight.java:63)
	at org.apache.coyote.AbstractProtocol$ConnectionHandler.process(AbstractProtocol.java:903)
	at org.apache.tomcat.util.net.NioEndpoint$SocketProcessor.doRun(NioEndpoint.java:1779)
	at org.apache.tomcat.util.net.SocketProcessorBase.run(SocketProcessorBase.java:52)
	at org.apache.tomcat.util.threads.ThreadPoolExecutor.runWorker(ThreadPoolExecutor.java:946)
	at org.apache.tomcat.util.threads.ThreadPoolExecutor$Worker.run(ThreadPoolExecutor.java:480)
	at org.apache.tomcat.util.threads.TaskThread$WrappingRunnable.run(TaskThread.java:57)
	at java.base/java.lang.Thread.run(Thread.java:1474)
2026-05-05 10:40:29.249 ERROR --> Servlet.service() for servlet [dispatcherServlet] in context with path [] threw exception [Request processing failed: org.springframework.jdbc.BadSqlGrammarException: StatementCallback; bad SQL grammar [SELECT * FROM requests]] with root cause
java.sql.SQLSyntaxErrorException: Table 'mytestresourcerdb.requests' doesn't exist
	at com.mysql.cj.jdbc.exceptions.SQLError.createSQLException(SQLError.java:112)
	at com.mysql.cj.jdbc.exceptions.SQLExceptionsMapping.translateException(SQLExceptionsMapping.java:114)
	at com.mysql.cj.jdbc.StatementImpl.executeQuery(StatementImpl.java:1318)
	at com.zaxxer.hikari.pool.ProxyStatement.executeQuery(ProxyStatement.java:111)
	at com.zaxxer.hikari.pool.HikariProxyStatement.executeQuery(HikariProxyStatement.java)
	at org.springframework.jdbc.core.JdbcTemplate$1QueryStatementCallback.doInStatement(JdbcTemplate.java:478)
	at org.springframework.jdbc.core.JdbcTemplate.execute(JdbcTemplate.java:412)
	at org.springframework.jdbc.core.JdbcTemplate.query(JdbcTemplate.java:491)
	at org.springframework.jdbc.core.JdbcTemplate.query(JdbcTemplate.java:501)
	at com.myresourcer.MyResourcer.Services.READ_ServiceManager.getAllRequests(READ_ServiceManager.java:56)
	at com.myresourcer.MyResourcer.WEB_Controllers.WebController.adminDashboard(WebController.java:178)
	at java.base/jdk.internal.reflect.DirectMethodHandleAccessor.invoke(DirectMethodHandleAccessor.java:104)
	at java.base/java.lang.reflect.Method.invoke(Method.java:565)
	at org.springframework.web.method.support.InvocableHandlerMethod.doInvoke(InvocableHandlerMethod.java:252)
	at org.springframework.web.method.support.InvocableHandlerMethod.invokeForRequest(InvocableHandlerMethod.java:184)
	at org.springframework.web.servlet.mvc.method.annotation.ServletInvocableHandlerMethod.invokeAndHandle(ServletInvocableHandlerMethod.java:117)
	at org.springframework.web.servlet.mvc.method.annotation.RequestMappingHandlerAdapter.invokeHandlerMethod(RequestMappingHandlerAdapter.java:934)
	at org.springframework.web.servlet.mvc.method.annotation.RequestMappingHandlerAdapter.handleInternal(RequestMappingHandlerAdapter.java:853)
	at org.springframework.web.servlet.mvc.method.AbstractHandlerMethodAdapter.handle(AbstractHandlerMethodAdapter.java:86)
	at org.springframework.web.servlet.DispatcherServlet.doDispatch(DispatcherServlet.java:963)
	at org.springframework.web.servlet.DispatcherServlet.doService(DispatcherServlet.java:866)
	at org.springframework.web.servlet.FrameworkServlet.processRequest(FrameworkServlet.java:1000)
	at org.springframework.web.servlet.FrameworkServlet.doGet(FrameworkServlet.java:892)
	at jakarta.servlet.http.HttpServlet.service(HttpServlet.java:622)
	at org.springframework.web.servlet.FrameworkServlet.service(FrameworkServlet.java:874)
	at jakarta.servlet.http.HttpServlet.service(HttpServlet.java:710)
	at org.apache.catalina.core.ApplicationFilterChain.doFilter(ApplicationFilterChain.java:128)
	at org.apache.tomcat.websocket.server.WsFilter.doFilter(WsFilter.java:53)
	at org.apache.catalina.core.ApplicationFilterChain.doFilter(ApplicationFilterChain.java:107)
	at org.springframework.web.filter.CompositeFilter$VirtualFilterChain.doFilter(CompositeFilter.java:108)
	at org.springframework.security.web.FilterChainProxy.lambda$doFilterInternal$3(FilterChainProxy.java:235)
	at org.springframework.security.web.FilterChainProxy$VirtualFilterChain.doFilter(FilterChainProxy.java:371)
	at org.springframework.security.web.access.intercept.AuthorizationFilter.doFilter(AuthorizationFilter.java:101)
	at org.springframework.security.web.FilterChainProxy$VirtualFilterChain.doFilter(FilterChainProxy.java:380)
	at org.springframework.security.web.access.ExceptionTranslationFilter.doFilter(ExceptionTranslationFilter.java:126)
	at org.springframework.security.web.access.ExceptionTranslationFilter.doFilter(ExceptionTranslationFilter.java:120)
	at org.springframework.security.web.FilterChainProxy$VirtualFilterChain.doFilter(FilterChainProxy.java:380)
	at org.springframework.security.web.authentication.AnonymousAuthenticationFilter.doFilter(AnonymousAuthenticationFilter.java:100)
	at org.springframework.security.web.FilterChainProxy$VirtualFilterChain.doFilter(FilterChainProxy.java:380)
	at org.springframework.security.web.servletapi.SecurityContextHolderAwareRequestFilter.doFilter(SecurityContextHolderAwareRequestFilter.java:181)
	at org.springframework.security.web.FilterChainProxy$VirtualFilterChain.doFilter(FilterChainProxy.java:380)
	at org.springframework.security.web.savedrequest.RequestCacheAwareFilter.doFilter(RequestCacheAwareFilter.java:63)
	at org.springframework.security.web.FilterChainProxy$VirtualFilterChain.doFilter(FilterChainProxy.java:380)
	at org.springframework.security.web.authentication.www.BasicAuthenticationFilter.doFilterInternal(BasicAuthenticationFilter.java:198)
	at org.springframework.web.filter.OncePerRequestFilter.doFilter(OncePerRequestFilter.java:116)
	at org.springframework.security.web.FilterChainProxy$VirtualFilterChain.doFilter(FilterChainProxy.java:380)
	at org.springframework.security.web.authentication.AbstractAuthenticationProcessingFilter.doFilter(AbstractAuthenticationProcessingFilter.java:245)
	at org.springframework.security.web.authentication.AbstractAuthenticationProcessingFilter.doFilter(AbstractAuthenticationProcessingFilter.java:239)
	at org.springframework.security.web.FilterChainProxy$VirtualFilterChain.doFilter(FilterChainProxy.java:380)
	at org.springframework.security.web.authentication.logout.LogoutFilter.doFilter(LogoutFilter.java:110)
	at org.springframework.security.web.authentication.logout.LogoutFilter.doFilter(LogoutFilter.java:96)
	at org.springframework.security.web.FilterChainProxy$VirtualFilterChain.doFilter(FilterChainProxy.java:380)
	at org.springframework.security.web.header.HeaderWriterFilter.doHeadersAfter(HeaderWriterFilter.java:90)
	at org.springframework.security.web.header.HeaderWriterFilter.doFilterInternal(HeaderWriterFilter.java:75)
	at org.springframework.web.filter.OncePerRequestFilter.doFilter(OncePerRequestFilter.java:116)
	at org.springframework.security.web.FilterChainProxy$VirtualFilterChain.doFilter(FilterChainProxy.java:380)
	at org.springframework.security.web.context.SecurityContextHolderFilter.doFilter(SecurityContextHolderFilter.java:82)
	at org.springframework.security.web.context.SecurityContextHolderFilter.doFilter(SecurityContextHolderFilter.java:69)
	at org.springframework.security.web.FilterChainProxy$VirtualFilterChain.doFilter(FilterChainProxy.java:380)
	at org.springframework.security.web.context.request.async.WebAsyncManagerIntegrationFilter.doFilterInternal(WebAsyncManagerIntegrationFilter.java:62)
	at org.springframework.web.filter.OncePerRequestFilter.doFilter(OncePerRequestFilter.java:116)
	at org.springframework.security.web.FilterChainProxy$VirtualFilterChain.doFilter(FilterChainProxy.java:380)
	at org.springframework.security.web.session.DisableEncodeUrlFilter.doFilterInternal(DisableEncodeUrlFilter.java:42)
	at org.springframework.web.filter.OncePerRequestFilter.doFilter(OncePerRequestFilter.java:116)
	at org.springframework.security.web.FilterChainProxy$VirtualFilterChain.doFilter(FilterChainProxy.java:380)
	at org.springframework.security.web.FilterChainProxy.doFilterInternal(FilterChainProxy.java:237)
	at org.springframework.security.web.FilterChainProxy.doFilter(FilterChainProxy.java:195)
	at org.springframework.web.filter.CompositeFilter$VirtualFilterChain.doFilter(CompositeFilter.java:113)
	at org.springframework.web.filter.ServletRequestPathFilter.doFilter(ServletRequestPathFilter.java:52)
	at org.springframework.web.filter.CompositeFilter$VirtualFilterChain.doFilter(CompositeFilter.java:113)
	at org.springframework.web.filter.CompositeFilter.doFilter(CompositeFilter.java:74)
	at org.springframework.security.config.annotation.web.configuration.WebSecurityConfiguration$CompositeFilterChainProxy.doFilter(WebSecurityConfiguration.java:317)
	at org.springframework.web.filter.DelegatingFilterProxy.invokeDelegate(DelegatingFilterProxy.java:355)
	at org.springframework.web.filter.DelegatingFilterProxy.doFilter(DelegatingFilterProxy.java:272)
	at org.apache.catalina.core.ApplicationFilterChain.doFilter(ApplicationFilterChain.java:107)
	at org.springframework.web.filter.RequestContextFilter.doFilterInternal(RequestContextFilter.java:100)
	at org.springframework.web.filter.OncePerRequestFilter.doFilter(OncePerRequestFilter.java:116)
	at org.apache.catalina.core.ApplicationFilterChain.doFilter(ApplicationFilterChain.java:107)
	at org.springframework.web.filter.FormContentFilter.doFilterInternal(FormContentFilter.java:93)
	at org.springframework.web.filter.OncePerRequestFilter.doFilter(OncePerRequestFilter.java:116)
	at org.apache.catalina.core.ApplicationFilterChain.doFilter(ApplicationFilterChain.java:107)
	at org.springframework.web.filter.CharacterEncodingFilter.doFilterInternal(CharacterEncodingFilter.java:199)
	at org.springframework.web.filter.OncePerRequestFilter.doFilter(OncePerRequestFilter.java:116)
	at org.apache.catalina.core.ApplicationFilterChain.doFilter(ApplicationFilterChain.java:107)
	at org.apache.catalina.core.StandardWrapperValve.invoke(StandardWrapperValve.java:165)
	at org.apache.catalina.core.StandardContextValve.invoke(StandardContextValve.java:77)
	at org.apache.catalina.authenticator.AuthenticatorBase.invoke(AuthenticatorBase.java:492)
	at org.apache.catalina.core.StandardHostValve.invoke(StandardHostValve.java:113)
	at org.apache.catalina.valves.ErrorReportValve.invoke(ErrorReportValve.java:83)
	at org.apache.catalina.core.StandardEngineValve.invoke(StandardEngineValve.java:72)
	at org.apache.catalina.connector.CoyoteAdapter.service(CoyoteAdapter.java:341)
	at org.apache.coyote.http11.Http11Processor.service(Http11Processor.java:397)
	at org.apache.coyote.AbstractProcessorLight.process(AbstractProcessorLight.java:63)
	at org.apache.coyote.AbstractProtocol$ConnectionHandler.process(AbstractProtocol.java:903)
	at org.apache.tomcat.util.net.NioEndpoint$SocketProcessor.doRun(NioEndpoint.java:1779)
	at org.apache.tomcat.util.net.SocketProcessorBase.run(SocketProcessorBase.java:52)
	at org.apache.tomcat.util.threads.ThreadPoolExecutor.runWorker(ThreadPoolExecutor.java:946)
	at org.apache.tomcat.util.threads.ThreadPoolExecutor$Worker.run(ThreadPoolExecutor.java:480)
	at org.apache.tomcat.util.threads.TaskThread$WrappingRunnable.run(TaskThread.java:57)
	at java.base/java.lang.Thread.run(Thread.java:1474)
2026-05-05 10:41:02.279 ERROR --> Servlet.service() for servlet [dispatcherServlet] in context with path [] threw exception [Request processing failed: org.springframework.jdbc.BadSqlGrammarException: StatementCallback; bad SQL grammar [SELECT * FROM requests]] with root cause
java.sql.SQLSyntaxErrorException: Table 'mytestresourcerdb.requests' doesn't exist
	at com.mysql.cj.jdbc.exceptions.SQLError.createSQLException(SQLError.java:112)
	at com.mysql.cj.jdbc.exceptions.SQLExceptionsMapping.translateException(SQLExceptionsMapping.java:114)
	at com.mysql.cj.jdbc.StatementImpl.executeQuery(StatementImpl.java:1318)
	at com.zaxxer.hikari.pool.ProxyStatement.executeQuery(ProxyStatement.java:111)
	at com.zaxxer.hikari.pool.HikariProxyStatement.executeQuery(HikariProxyStatement.java)
	at org.springframework.jdbc.core.JdbcTemplate$1QueryStatementCallback.doInStatement(JdbcTemplate.java:478)
	at org.springframework.jdbc.core.JdbcTemplate.execute(JdbcTemplate.java:412)
	at org.springframework.jdbc.core.JdbcTemplate.query(JdbcTemplate.java:491)
	at org.springframework.jdbc.core.JdbcTemplate.query(JdbcTemplate.java:501)
	at com.myresourcer.MyResourcer.Services.READ_ServiceManager.getAllRequests(READ_ServiceManager.java:56)
	at com.myresourcer.MyResourcer.WEB_Controllers.WebController.adminDashboard(WebController.java:178)
	at java.base/jdk.internal.reflect.DirectMethodHandleAccessor.invoke(DirectMethodHandleAccessor.java:104)
	at java.base/java.lang.reflect.Method.invoke(Method.java:565)
	at org.springframework.web.method.support.InvocableHandlerMethod.doInvoke(InvocableHandlerMethod.java:252)
	at org.springframework.web.method.support.InvocableHandlerMethod.invokeForRequest(InvocableHandlerMethod.java:184)
	at org.springframework.web.servlet.mvc.method.annotation.ServletInvocableHandlerMethod.invokeAndHandle(ServletInvocableHandlerMethod.java:117)
	at org.springframework.web.servlet.mvc.method.annotation.RequestMappingHandlerAdapter.invokeHandlerMethod(RequestMappingHandlerAdapter.java:934)
	at org.springframework.web.servlet.mvc.method.annotation.RequestMappingHandlerAdapter.handleInternal(RequestMappingHandlerAdapter.java:853)
	at org.springframework.web.servlet.mvc.method.AbstractHandlerMethodAdapter.handle(AbstractHandlerMethodAdapter.java:86)
	at org.springframework.web.servlet.DispatcherServlet.doDispatch(DispatcherServlet.java:963)
	at org.springframework.web.servlet.DispatcherServlet.doService(DispatcherServlet.java:866)
	at org.springframework.web.servlet.FrameworkServlet.processRequest(FrameworkServlet.java:1000)
	at org.springframework.web.servlet.FrameworkServlet.doGet(FrameworkServlet.java:892)
	at jakarta.servlet.http.HttpServlet.service(HttpServlet.java:622)
	at org.springframework.web.servlet.FrameworkServlet.service(FrameworkServlet.java:874)
	at jakarta.servlet.http.HttpServlet.service(HttpServlet.java:710)
	at org.apache.catalina.core.ApplicationFilterChain.doFilter(ApplicationFilterChain.java:128)
	at org.apache.tomcat.websocket.server.WsFilter.doFilter(WsFilter.java:53)
	at org.apache.catalina.core.ApplicationFilterChain.doFilter(ApplicationFilterChain.java:107)
	at org.springframework.web.filter.CompositeFilter$VirtualFilterChain.doFilter(CompositeFilter.java:108)
	at org.springframework.security.web.FilterChainProxy.lambda$doFilterInternal$3(FilterChainProxy.java:235)
	at org.springframework.security.web.FilterChainProxy$VirtualFilterChain.doFilter(FilterChainProxy.java:371)
	at org.springframework.security.web.access.intercept.AuthorizationFilter.doFilter(AuthorizationFilter.java:101)
	at org.springframework.security.web.FilterChainProxy$VirtualFilterChain.doFilter(FilterChainProxy.java:380)
	at org.springframework.security.web.access.ExceptionTranslationFilter.doFilter(ExceptionTranslationFilter.java:126)
	at org.springframework.security.web.access.ExceptionTranslationFilter.doFilter(ExceptionTranslationFilter.java:120)
	at org.springframework.security.web.FilterChainProxy$VirtualFilterChain.doFilter(FilterChainProxy.java:380)
	at org.springframework.security.web.authentication.AnonymousAuthenticationFilter.doFilter(AnonymousAuthenticationFilter.java:100)
	at org.springframework.security.web.FilterChainProxy$VirtualFilterChain.doFilter(FilterChainProxy.java:380)
	at org.springframework.security.web.servletapi.SecurityContextHolderAwareRequestFilter.doFilter(SecurityContextHolderAwareRequestFilter.java:181)
	at org.springframework.security.web.FilterChainProxy$VirtualFilterChain.doFilter(FilterChainProxy.java:380)
	at org.springframework.security.web.savedrequest.RequestCacheAwareFilter.doFilter(RequestCacheAwareFilter.java:63)
	at org.springframework.security.web.FilterChainProxy$VirtualFilterChain.doFilter(FilterChainProxy.java:380)
	at org.springframework.security.web.authentication.www.BasicAuthenticationFilter.doFilterInternal(BasicAuthenticationFilter.java:198)
	at org.springframework.web.filter.OncePerRequestFilter.doFilter(OncePerRequestFilter.java:116)
	at org.springframework.security.web.FilterChainProxy$VirtualFilterChain.doFilter(FilterChainProxy.java:380)
	at org.springframework.security.web.authentication.AbstractAuthenticationProcessingFilter.doFilter(AbstractAuthenticationProcessingFilter.java:245)
	at org.springframework.security.web.authentication.AbstractAuthenticationProcessingFilter.doFilter(AbstractAuthenticationProcessingFilter.java:239)
	at org.springframework.security.web.FilterChainProxy$VirtualFilterChain.doFilter(FilterChainProxy.java:380)
	at org.springframework.security.web.authentication.logout.LogoutFilter.doFilter(LogoutFilter.java:110)
	at org.springframework.security.web.authentication.logout.LogoutFilter.doFilter(LogoutFilter.java:96)
	at org.springframework.security.web.FilterChainProxy$VirtualFilterChain.doFilter(FilterChainProxy.java:380)
	at org.springframework.security.web.header.HeaderWriterFilter.doHeadersAfter(HeaderWriterFilter.java:90)
	at org.springframework.security.web.header.HeaderWriterFilter.doFilterInternal(HeaderWriterFilter.java:75)
	at org.springframework.web.filter.OncePerRequestFilter.doFilter(OncePerRequestFilter.java:116)
	at org.springframework.security.web.FilterChainProxy$VirtualFilterChain.doFilter(FilterChainProxy.java:380)
	at org.springframework.security.web.context.SecurityContextHolderFilter.doFilter(SecurityContextHolderFilter.java:82)
	at org.springframework.security.web.context.SecurityContextHolderFilter.doFilter(SecurityContextHolderFilter.java:69)
	at org.springframework.security.web.FilterChainProxy$VirtualFilterChain.doFilter(FilterChainProxy.java:380)
	at org.springframework.security.web.context.request.async.WebAsyncManagerIntegrationFilter.doFilterInternal(WebAsyncManagerIntegrationFilter.java:62)
	at org.springframework.web.filter.OncePerRequestFilter.doFilter(OncePerRequestFilter.java:116)
	at org.springframework.security.web.FilterChainProxy$VirtualFilterChain.doFilter(FilterChainProxy.java:380)
	at org.springframework.security.web.session.DisableEncodeUrlFilter.doFilterInternal(DisableEncodeUrlFilter.java:42)
	at org.springframework.web.filter.OncePerRequestFilter.doFilter(OncePerRequestFilter.java:116)
	at org.springframework.security.web.FilterChainProxy$VirtualFilterChain.doFilter(FilterChainProxy.java:380)
	at org.springframework.security.web.FilterChainProxy.doFilterInternal(FilterChainProxy.java:237)
	at org.springframework.security.web.FilterChainProxy.doFilter(FilterChainProxy.java:195)
	at org.springframework.web.filter.CompositeFilter$VirtualFilterChain.doFilter(CompositeFilter.java:113)
	at org.springframework.web.filter.ServletRequestPathFilter.doFilter(ServletRequestPathFilter.java:52)
	at org.springframework.web.filter.CompositeFilter$VirtualFilterChain.doFilter(CompositeFilter.java:113)
	at org.springframework.web.filter.CompositeFilter.doFilter(CompositeFilter.java:74)
	at org.springframework.security.config.annotation.web.configuration.WebSecurityConfiguration$CompositeFilterChainProxy.doFilter(WebSecurityConfiguration.java:317)
	at org.springframework.web.filter.DelegatingFilterProxy.invokeDelegate(DelegatingFilterProxy.java:355)
	at org.springframework.web.filter.DelegatingFilterProxy.doFilter(DelegatingFilterProxy.java:272)
	at org.apache.catalina.core.ApplicationFilterChain.doFilter(ApplicationFilterChain.java:107)
	at org.springframework.web.filter.RequestContextFilter.doFilterInternal(RequestContextFilter.java:100)
	at org.springframework.web.filter.OncePerRequestFilter.doFilter(OncePerRequestFilter.java:116)
	at org.apache.catalina.core.ApplicationFilterChain.doFilter(ApplicationFilterChain.java:107)
	at org.springframework.web.filter.FormContentFilter.doFilterInternal(FormContentFilter.java:93)
	at org.springframework.web.filter.OncePerRequestFilter.doFilter(OncePerRequestFilter.java:116)
	at org.apache.catalina.core.ApplicationFilterChain.doFilter(ApplicationFilterChain.java:107)
	at org.springframework.web.filter.CharacterEncodingFilter.doFilterInternal(CharacterEncodingFilter.java:199)
	at org.springframework.web.filter.OncePerRequestFilter.doFilter(OncePerRequestFilter.java:116)
	at org.apache.catalina.core.ApplicationFilterChain.doFilter(ApplicationFilterChain.java:107)
	at org.apache.catalina.core.StandardWrapperValve.invoke(StandardWrapperValve.java:165)
	at org.apache.catalina.core.StandardContextValve.invoke(StandardContextValve.java:77)
	at org.apache.catalina.authenticator.AuthenticatorBase.invoke(AuthenticatorBase.java:492)
	at org.apache.catalina.core.StandardHostValve.invoke(StandardHostValve.java:113)
	at org.apache.catalina.valves.ErrorReportValve.invoke(ErrorReportValve.java:83)
	at org.apache.catalina.core.StandardEngineValve.invoke(StandardEngineValve.java:72)
	at org.apache.catalina.connector.CoyoteAdapter.service(CoyoteAdapter.java:341)
	at org.apache.coyote.http11.Http11Processor.service(Http11Processor.java:397)
	at org.apache.coyote.AbstractProcessorLight.process(AbstractProcessorLight.java:63)
	at org.apache.coyote.AbstractProtocol$ConnectionHandler.process(AbstractProtocol.java:903)
	at org.apache.tomcat.util.net.NioEndpoint$SocketProcessor.doRun(NioEndpoint.java:1779)
	at org.apache.tomcat.util.net.SocketProcessorBase.run(SocketProcessorBase.java:52)
	at org.apache.tomcat.util.threads.ThreadPoolExecutor.runWorker(ThreadPoolExecutor.java:946)
	at org.apache.tomcat.util.threads.ThreadPoolExecutor$Worker.run(ThreadPoolExecutor.java:480)
	at org.apache.tomcat.util.threads.TaskThread$WrappingRunnable.run(TaskThread.java:57)
	at java.base/java.lang.Thread.run(Thread.java:1474)
2026-05-05 10:43:07.042 INFO  --> Commencing graceful shutdown. Waiting for active requests to complete
2026-05-05 10:43:07.055 INFO  --> Graceful shutdown complete
2026-05-05 10:43:07.066 INFO  --> Closing JPA EntityManagerFactory for persistence unit 'default'
2026-05-05 10:43:07.077 INFO  --> HikariPool-1 - Shutdown initiated...
2026-05-05 10:43:07.090 INFO  --> HikariPool-1 - Shutdown completed.
2026-05-05 10:47:45.422 INFO  --> Starting MyResourcerApplication using Java 25.0.2 with PID 70552 (/Users/etech/Documents/OOP Project Materials/MyResourcer/target/classes started by etech in /Users/etech/Documents/OOP Project Materials/MyResourcer)
2026-05-05 10:47:45.426 DEBUG --> Running with Spring Boot v4.0.3, Spring v7.0.5
2026-05-05 10:47:45.426 INFO  --> No active profile set, falling back to 1 default profile: "default"
2026-05-05 10:47:45.867 INFO  --> Bootstrapping Spring Data JPA repositories in DEFAULT mode.
2026-05-05 10:47:45.903 INFO  --> Finished Spring Data repository scanning in 30 ms. Found 9 JPA repository interfaces.
2026-05-05 10:47:46.184 INFO  --> Tomcat initialized with port 8080 (http)
2026-05-05 10:47:46.190 INFO  --> Initializing ProtocolHandler ["http-nio-8080"]
2026-05-05 10:47:46.192 INFO  --> Starting service [Tomcat]
2026-05-05 10:47:46.192 INFO  --> Starting Servlet engine: [Apache Tomcat/11.0.18]
2026-05-05 10:47:46.208 INFO  --> Root WebApplicationContext: initialization completed in 757 ms
2026-05-05 10:47:46.314 INFO  --> HHH008540: Processing PersistenceUnitInfo [name: default]
2026-05-05 10:47:46.348 INFO  --> HHH000001: Hibernate ORM core version 7.2.4.Final
2026-05-05 10:47:46.619 INFO  --> No LoadTimeWeaver setup: ignoring JPA class transformer
2026-05-05 10:47:46.639 INFO  --> HikariPool-1 - Starting...
2026-05-05 10:47:46.916 INFO  --> HikariPool-1 - Added connection com.mysql.cj.jdbc.ConnectionImpl@2078bf0a
2026-05-05 10:47:46.917 INFO  --> HikariPool-1 - Start completed.
2026-05-05 10:47:47.009 INFO  --> HHH10001005: Database info:
	Database JDBC URL [jdbc:mysql://localhost:3306/myTestResourcerDB?createDatabaseIfNotExist=true]
	Database driver: MySQL Connector/J
	Database dialect: MySQLDialect
	Database version: 9.6
	Default catalog/schema: myTestResourcerDB/undefined
	Autocommit mode: undefined/unknown
	Isolation level: REPEATABLE_READ [default REPEATABLE_READ]
	JDBC fetch size: none
	Pool: DataSourceConnectionProvider
	Minimum pool size: undefined/unknown
	Maximum pool size: undefined/unknown
2026-05-05 10:47:47.519 INFO  --> HHH000489: No JTA platform available (set 'hibernate.transaction.jta.platform' to enable JTA platform integration)
2026-05-05 10:47:47.621 INFO  --> Initialized JPA EntityManagerFactory for persistence unit 'default'
2026-05-05 10:47:47.663 INFO  --> Hibernate is in classpath; If applicable, HQL parser will be used.
2026-05-05 10:47:47.833 WARN  --> spring.jpa.open-in-view is enabled by default. Therefore, database queries may be performed during view rendering. Explicitly configure spring.jpa.open-in-view to disable this warning
2026-05-05 10:47:47.865 INFO  --> Global AuthenticationManager configured with UserDetailsService bean with name customUserDetailsService
2026-05-05 10:47:47.951 INFO  --> Adding welcome page template: index
2026-05-05 10:47:48.160 INFO  --> Starting ProtocolHandler ["http-nio-8080"]
2026-05-05 10:47:48.172 INFO  --> Tomcat started on port 8080 (http) with context path '/'
2026-05-05 10:47:48.177 INFO  --> Started MyResourcerApplication in 3.109 seconds (process running for 3.749)
2026-05-05 10:48:00.967 INFO  --> Initializing Spring DispatcherServlet 'dispatcherServlet'
2026-05-05 10:48:00.968 INFO  --> Initializing Servlet 'dispatcherServlet'
2026-05-05 10:48:00.973 INFO  --> Completed initialization in 5 ms
2026-05-05 10:48:05.633 INFO  --> Administrator accessing dashboard tess at 2026-05-05T10:48:05.633456
2026-05-05 10:52:00.286 INFO  --> Commencing graceful shutdown. Waiting for active requests to complete
2026-05-05 10:52:00.300 INFO  --> Graceful shutdown complete
2026-05-05 10:52:00.307 INFO  --> Closing JPA EntityManagerFactory for persistence unit 'default'
2026-05-05 10:52:00.316 INFO  --> HikariPool-1 - Shutdown initiated...
2026-05-05 10:52:00.322 INFO  --> HikariPool-1 - Shutdown completed.
2026-05-05 10:52:04.523 INFO  --> Starting MyResourcerApplication using Java 25.0.2 with PID 70616 (/Users/etech/Documents/OOP Project Materials/MyResourcer/target/classes started by etech in /Users/etech/Documents/OOP Project Materials/MyResourcer)
2026-05-05 10:52:04.530 DEBUG --> Running with Spring Boot v4.0.3, Spring v7.0.5
2026-05-05 10:52:04.531 INFO  --> No active profile set, falling back to 1 default profile: "default"
2026-05-05 10:52:04.947 INFO  --> Bootstrapping Spring Data JPA repositories in DEFAULT mode.
2026-05-05 10:52:04.984 INFO  --> Finished Spring Data repository scanning in 31 ms. Found 9 JPA repository interfaces.
2026-05-05 10:52:05.306 INFO  --> Tomcat initialized with port 8080 (http)
2026-05-05 10:52:05.313 INFO  --> Initializing ProtocolHandler ["http-nio-8080"]
2026-05-05 10:52:05.314 INFO  --> Starting service [Tomcat]
2026-05-05 10:52:05.314 INFO  --> Starting Servlet engine: [Apache Tomcat/11.0.18]
2026-05-05 10:52:05.339 INFO  --> Root WebApplicationContext: initialization completed in 778 ms
2026-05-05 10:52:05.450 INFO  --> HHH008540: Processing PersistenceUnitInfo [name: default]
2026-05-05 10:52:05.486 INFO  --> HHH000001: Hibernate ORM core version 7.2.4.Final
2026-05-05 10:52:05.713 INFO  --> No LoadTimeWeaver setup: ignoring JPA class transformer
2026-05-05 10:52:05.734 INFO  --> HikariPool-1 - Starting...
2026-05-05 10:52:05.984 INFO  --> HikariPool-1 - Added connection com.mysql.cj.jdbc.ConnectionImpl@20db19ff
2026-05-05 10:52:05.985 INFO  --> HikariPool-1 - Start completed.
2026-05-05 10:52:06.065 INFO  --> HHH10001005: Database info:
	Database JDBC URL [jdbc:mysql://localhost:3306/myTestResourcerDB?createDatabaseIfNotExist=true]
	Database driver: MySQL Connector/J
	Database dialect: MySQLDialect
	Database version: 9.6
	Default catalog/schema: myTestResourcerDB/undefined
	Autocommit mode: undefined/unknown
	Isolation level: REPEATABLE_READ [default REPEATABLE_READ]
	JDBC fetch size: none
	Pool: DataSourceConnectionProvider
	Minimum pool size: undefined/unknown
	Maximum pool size: undefined/unknown
2026-05-05 10:52:06.714 INFO  --> HHH000489: No JTA platform available (set 'hibernate.transaction.jta.platform' to enable JTA platform integration)
2026-05-05 10:52:06.818 INFO  --> Initialized JPA EntityManagerFactory for persistence unit 'default'
2026-05-05 10:52:06.876 INFO  --> Hibernate is in classpath; If applicable, HQL parser will be used.
2026-05-05 10:52:07.087 WARN  --> spring.jpa.open-in-view is enabled by default. Therefore, database queries may be performed during view rendering. Explicitly configure spring.jpa.open-in-view to disable this warning
2026-05-05 10:52:07.137 INFO  --> Global AuthenticationManager configured with UserDetailsService bean with name customUserDetailsService
2026-05-05 10:52:07.260 INFO  --> Adding welcome page template: index
2026-05-05 10:52:07.433 INFO  --> Starting ProtocolHandler ["http-nio-8080"]
2026-05-05 10:52:07.442 INFO  --> Tomcat started on port 8080 (http) with context path '/'
2026-05-05 10:52:07.448 INFO  --> Started MyResourcerApplication in 3.278 seconds (process running for 3.72)
2026-05-05 10:53:07.169 INFO  --> Commencing graceful shutdown. Waiting for active requests to complete
2026-05-05 10:53:07.177 INFO  --> Graceful shutdown complete
2026-05-05 10:53:07.181 INFO  --> Closing JPA EntityManagerFactory for persistence unit 'default'
2026-05-05 10:53:07.189 INFO  --> HikariPool-1 - Shutdown initiated...
2026-05-05 10:53:07.195 INFO  --> HikariPool-1 - Shutdown completed.
2026-05-05 10:53:10.115 INFO  --> Starting MyResourcerApplication using Java 25.0.2 with PID 70630 (/Users/etech/Documents/OOP Project Materials/MyResourcer/target/classes started by etech in /Users/etech/Documents/OOP Project Materials/MyResourcer)
2026-05-05 10:53:10.119 DEBUG --> Running with Spring Boot v4.0.3, Spring v7.0.5
2026-05-05 10:53:10.120 INFO  --> No active profile set, falling back to 1 default profile: "default"
2026-05-05 10:53:10.563 INFO  --> Bootstrapping Spring Data JPA repositories in DEFAULT mode.
2026-05-05 10:53:10.601 INFO  --> Finished Spring Data repository scanning in 27 ms. Found 9 JPA repository interfaces.
2026-05-05 10:53:10.854 INFO  --> Tomcat initialized with port 8080 (http)
2026-05-05 10:53:10.862 INFO  --> Initializing ProtocolHandler ["http-nio-8080"]
2026-05-05 10:53:10.863 INFO  --> Starting service [Tomcat]
2026-05-05 10:53:10.864 INFO  --> Starting Servlet engine: [Apache Tomcat/11.0.18]
2026-05-05 10:53:10.883 INFO  --> Root WebApplicationContext: initialization completed in 722 ms
2026-05-05 10:53:10.973 INFO  --> HHH008540: Processing PersistenceUnitInfo [name: default]
2026-05-05 10:53:10.999 INFO  --> HHH000001: Hibernate ORM core version 7.2.4.Final
2026-05-05 10:53:11.221 INFO  --> No LoadTimeWeaver setup: ignoring JPA class transformer
2026-05-05 10:53:11.239 INFO  --> HikariPool-1 - Starting...
2026-05-05 10:53:11.412 INFO  --> HikariPool-1 - Added connection com.mysql.cj.jdbc.ConnectionImpl@20960b51
2026-05-05 10:53:11.413 INFO  --> HikariPool-1 - Start completed.
2026-05-05 10:53:11.467 INFO  --> HHH10001005: Database info:
	Database JDBC URL [jdbc:mysql://localhost:3306/myTestResourcerDB?createDatabaseIfNotExist=true]
	Database driver: MySQL Connector/J
	Database dialect: MySQLDialect
	Database version: 9.6
	Default catalog/schema: myTestResourcerDB/undefined
	Autocommit mode: undefined/unknown
	Isolation level: REPEATABLE_READ [default REPEATABLE_READ]
	JDBC fetch size: none
	Pool: DataSourceConnectionProvider
	Minimum pool size: undefined/unknown
	Maximum pool size: undefined/unknown
2026-05-05 10:53:11.952 INFO  --> HHH000489: No JTA platform available (set 'hibernate.transaction.jta.platform' to enable JTA platform integration)
2026-05-05 10:53:12.034 INFO  --> Initialized JPA EntityManagerFactory for persistence unit 'default'
2026-05-05 10:53:12.078 INFO  --> Hibernate is in classpath; If applicable, HQL parser will be used.
2026-05-05 10:53:12.262 WARN  --> spring.jpa.open-in-view is enabled by default. Therefore, database queries may be performed during view rendering. Explicitly configure spring.jpa.open-in-view to disable this warning
2026-05-05 10:53:12.293 INFO  --> Global AuthenticationManager configured with UserDetailsService bean with name customUserDetailsService
2026-05-05 10:53:12.372 INFO  --> Adding welcome page template: index
2026-05-05 10:53:12.506 INFO  --> Starting ProtocolHandler ["http-nio-8080"]
2026-05-05 10:53:12.512 INFO  --> Tomcat started on port 8080 (http) with context path '/'
2026-05-05 10:53:12.516 INFO  --> Started MyResourcerApplication in 3.567 seconds (process running for 4.545)
2026-05-05 10:53:17.485 INFO  --> Initializing Spring DispatcherServlet 'dispatcherServlet'
2026-05-05 10:53:17.486 INFO  --> Initializing Servlet 'dispatcherServlet'
2026-05-05 10:53:17.492 INFO  --> Completed initialization in 5 ms
2026-05-05 10:53:21.237 INFO  --> Administrator accessing dashboard tess at 2026-05-05T10:53:21.235491
2026-05-05 10:53:29.157 INFO  --> Approved request with ID: 82, by user: erich
2026-05-05 10:53:37.235 INFO  --> Request with ID: 82 marked as collected. Asset: Television
2026-05-05 10:53:39.351 INFO  --> Returned asset with request ID: 82, by user: com.myresourcer.MyResourcer.Models.Users@5ab32cc3
2026-05-05 10:59:31.139 INFO  --> Starting AllDeleteEndpointsTest using Java 25.0.2 with PID 70696 (started by etech in /Users/etech/Documents/OOP Project Materials/MyResourcer)
2026-05-05 10:59:31.147 DEBUG --> Running with Spring Boot v4.0.3, Spring v7.0.5
2026-05-05 10:59:31.149 INFO  --> No active profile set, falling back to 1 default profile: "default"
2026-05-05 10:59:31.599 INFO  --> Bootstrapping Spring Data JPA repositories in DEFAULT mode.
2026-05-05 10:59:31.642 INFO  --> Finished Spring Data repository scanning in 36 ms. Found 9 JPA repository interfaces.
2026-05-05 10:59:32.813 INFO  --> HHH008540: Processing PersistenceUnitInfo [name: default]
2026-05-05 10:59:32.849 INFO  --> HHH000001: Hibernate ORM core version 7.2.4.Final
2026-05-05 10:59:33.017 INFO  --> No LoadTimeWeaver setup: ignoring JPA class transformer
2026-05-05 10:59:33.046 INFO  --> HikariPool-1 - Starting...
2026-05-05 10:59:33.377 INFO  --> HikariPool-1 - Added connection com.mysql.cj.jdbc.ConnectionImpl@7b8b755d
2026-05-05 10:59:33.378 INFO  --> HikariPool-1 - Start completed.
2026-05-05 10:59:33.454 INFO  --> HHH10001005: Database info:
	Database JDBC URL [jdbc:mysql://localhost:3306/myTestResourcerDB?createDatabaseIfNotExist=true]
	Database driver: MySQL Connector/J
	Database dialect: MySQLDialect
	Database version: 9.6
	Default catalog/schema: myTestResourcerDB/undefined
	Autocommit mode: undefined/unknown
	Isolation level: REPEATABLE_READ [default REPEATABLE_READ]
	JDBC fetch size: none
	Pool: DataSourceConnectionProvider
	Minimum pool size: undefined/unknown
	Maximum pool size: undefined/unknown
2026-05-05 10:59:33.963 INFO  --> HHH000489: No JTA platform available (set 'hibernate.transaction.jta.platform' to enable JTA platform integration)
2026-05-05 10:59:34.073 INFO  --> Initialized JPA EntityManagerFactory for persistence unit 'default'
2026-05-05 10:59:34.128 INFO  --> Hibernate is in classpath; If applicable, HQL parser will be used.
2026-05-05 10:59:34.281 WARN  --> spring.jpa.open-in-view is enabled by default. Therefore, database queries may be performed during view rendering. Explicitly configure spring.jpa.open-in-view to disable this warning
2026-05-05 10:59:34.335 INFO  --> Global AuthenticationManager configured with UserDetailsService bean with name customUserDetailsService
2026-05-05 10:59:34.443 INFO  --> Adding welcome page template: index
2026-05-05 10:59:34.646 INFO  --> Initializing Spring TestDispatcherServlet ''
2026-05-05 10:59:34.646 INFO  --> Initializing Servlet ''
2026-05-05 10:59:34.647 INFO  --> Completed initialization in 1 ms
2026-05-05 10:59:34.664 INFO  --> Started AllDeleteEndpointsTest in 3.81 seconds (process running for 5.166)
2026-05-05 10:59:34.736 INFO  --> Deleting request with ID: 1
2026-05-05 10:59:34.809 ERROR --> Failed to delete request with ID: 1
org.springframework.jdbc.BadSqlGrammarException: PreparedStatementCallback; bad SQL grammar [DELETE FROM requests WHERE request_id = ?]
	at org.springframework.jdbc.support.SQLExceptionSubclassTranslator.doTranslate(SQLExceptionSubclassTranslator.java:112)
	at org.springframework.jdbc.support.AbstractFallbackSQLExceptionTranslator.translate(AbstractFallbackSQLExceptionTranslator.java:102)
	at org.springframework.jdbc.core.JdbcTemplate.translateException(JdbcTemplate.java:1549)
	at org.springframework.jdbc.core.JdbcTemplate.execute(JdbcTemplate.java:689)
	at org.springframework.jdbc.core.JdbcTemplate.update(JdbcTemplate.java:966)
	at org.springframework.jdbc.core.JdbcTemplate.update(JdbcTemplate.java:1010)
	at org.springframework.jdbc.core.JdbcTemplate.update(JdbcTemplate.java:1020)
	at com.myresourcer.MyResourcer.Services.DELETE_ServiceManager.deleteRequest(DELETE_ServiceManager.java:40)
	at com.myresourcer.MyResourcer.Controllers.DELETE_API_Controller.deleteRequest(DELETE_API_Controller.java:29)
	at java.base/jdk.internal.reflect.DirectMethodHandleAccessor.invoke(DirectMethodHandleAccessor.java:104)
	at java.base/java.lang.reflect.Method.invoke(Method.java:565)
	at org.springframework.web.method.support.InvocableHandlerMethod.doInvoke(InvocableHandlerMethod.java:252)
	at org.springframework.web.method.support.InvocableHandlerMethod.invokeForRequest(InvocableHandlerMethod.java:184)
	at org.springframework.web.servlet.mvc.method.annotation.ServletInvocableHandlerMethod.invokeAndHandle(ServletInvocableHandlerMethod.java:117)
	at org.springframework.web.servlet.mvc.method.annotation.RequestMappingHandlerAdapter.invokeHandlerMethod(RequestMappingHandlerAdapter.java:934)
	at org.springframework.web.servlet.mvc.method.annotation.RequestMappingHandlerAdapter.handleInternal(RequestMappingHandlerAdapter.java:853)
	at org.springframework.web.servlet.mvc.method.AbstractHandlerMethodAdapter.handle(AbstractHandlerMethodAdapter.java:86)
	at org.springframework.web.servlet.DispatcherServlet.doDispatch(DispatcherServlet.java:963)
	at org.springframework.web.servlet.DispatcherServlet.doService(DispatcherServlet.java:866)
	at org.springframework.web.servlet.FrameworkServlet.processRequest(FrameworkServlet.java:1000)
	at org.springframework.web.servlet.FrameworkServlet.doDelete(FrameworkServlet.java:925)
	at jakarta.servlet.http.HttpServlet.service(HttpServlet.java:651)
	at org.springframework.web.servlet.FrameworkServlet.service(FrameworkServlet.java:874)
	at org.springframework.test.web.servlet.TestDispatcherServlet.service(TestDispatcherServlet.java:72)
	at jakarta.servlet.http.HttpServlet.service(HttpServlet.java:710)
	at org.springframework.mock.web.MockFilterChain$ServletFilterProxy.doFilter(MockFilterChain.java:160)
	at org.springframework.mock.web.MockFilterChain.doFilter(MockFilterChain.java:127)
	at org.springframework.test.web.servlet.MockMvc.perform(MockMvc.java:199)
	at com.myresourcer.MyResourcer.AllDeleteEndpointsTest.testDeleteRequest(AllDeleteEndpointsTest.java:47)
	at java.base/jdk.internal.reflect.DirectMethodHandleAccessor.invoke(DirectMethodHandleAccessor.java:104)
	at java.base/java.lang.reflect.Method.invoke(Method.java:565)
	at org.junit.platform.commons.util.ReflectionUtils.invokeMethod(ReflectionUtils.java:701)
	at org.junit.platform.commons.support.ReflectionSupport.invokeMethod(ReflectionSupport.java:502)
	at org.junit.jupiter.engine.support.MethodReflectionUtils.invoke(MethodReflectionUtils.java:45)
	at org.junit.jupiter.engine.execution.MethodInvocation.proceed(MethodInvocation.java:61)
	at org.junit.jupiter.engine.execution.InvocationInterceptorChain$ValidatingInvocation.proceed(InvocationInterceptorChain.java:124)
	at org.junit.jupiter.engine.extension.TimeoutExtension.intercept(TimeoutExtension.java:163)
	at org.junit.jupiter.engine.extension.TimeoutExtension.interceptTestableMethod(TimeoutExtension.java:148)
	at org.junit.jupiter.engine.extension.TimeoutExtension.interceptTestMethod(TimeoutExtension.java:86)
	at org.junit.jupiter.engine.execution.InterceptingExecutableInvoker$ReflectiveInterceptorCall.lambda$ofVoidMethod$0(InterceptingExecutableInvoker.java:123)
	at org.junit.jupiter.engine.execution.InterceptingExecutableInvoker.lambda$invoke$0(InterceptingExecutableInvoker.java:105)
	at org.junit.jupiter.engine.execution.InvocationInterceptorChain$InterceptedInvocation.proceed(InvocationInterceptorChain.java:99)
	at org.junit.jupiter.engine.execution.InvocationInterceptorChain.proceed(InvocationInterceptorChain.java:66)
	at org.junit.jupiter.engine.execution.InvocationInterceptorChain.chainAndInvoke(InvocationInterceptorChain.java:47)
	at org.junit.jupiter.engine.execution.InvocationInterceptorChain.invoke(InvocationInterceptorChain.java:39)
	at org.junit.jupiter.engine.execution.InterceptingExecutableInvoker.invoke(InterceptingExecutableInvoker.java:104)
	at org.junit.jupiter.engine.execution.InterceptingExecutableInvoker.invoke(InterceptingExecutableInvoker.java:98)
	at org.junit.jupiter.engine.execution.InterceptingExecutableInvoker.invokeVoid(InterceptingExecutableInvoker.java:71)
	at org.junit.jupiter.engine.descriptor.TestMethodTestDescriptor.lambda$invokeTestMethod$0(TestMethodTestDescriptor.java:219)
	at org.junit.platform.engine.support.hierarchical.ThrowableCollector.execute(ThrowableCollector.java:74)
	at org.junit.jupiter.engine.descriptor.TestMethodTestDescriptor.invokeTestMethod(TestMethodTestDescriptor.java:215)
	at org.junit.jupiter.engine.descriptor.TestMethodTestDescriptor.execute(TestMethodTestDescriptor.java:157)
	at org.junit.jupiter.engine.descriptor.TestMethodTestDescriptor.execute(TestMethodTestDescriptor.java:70)
	at org.junit.platform.engine.support.hierarchical.NodeTestTask.lambda$executeRecursively$2(NodeTestTask.java:176)
	at org.junit.platform.engine.support.hierarchical.ThrowableCollector.execute(ThrowableCollector.java:74)
	at org.junit.platform.engine.support.hierarchical.NodeTestTask.lambda$executeRecursively$1(NodeTestTask.java:166)
	at org.junit.platform.engine.support.hierarchical.Node.around(Node.java:138)
	at org.junit.platform.engine.support.hierarchical.NodeTestTask.lambda$executeRecursively$0(NodeTestTask.java:164)
	at org.junit.platform.engine.support.hierarchical.ThrowableCollector.execute(ThrowableCollector.java:74)
	at org.junit.platform.engine.support.hierarchical.NodeTestTask.executeRecursively(NodeTestTask.java:163)
	at org.junit.platform.engine.support.hierarchical.NodeTestTask.execute(NodeTestTask.java:116)
	at java.base/java.util.ArrayList.forEach(ArrayList.java:1604)
	at org.junit.platform.engine.support.hierarchical.SameThreadHierarchicalTestExecutorService.invokeAll(SameThreadHierarchicalTestExecutorService.java:42)
	at org.junit.platform.engine.support.hierarchical.NodeTestTask.lambda$executeRecursively$2(NodeTestTask.java:180)
	at org.junit.platform.engine.support.hierarchical.ThrowableCollector.execute(ThrowableCollector.java:74)
	at org.junit.platform.engine.support.hierarchical.NodeTestTask.lambda$executeRecursively$1(NodeTestTask.java:166)
	at org.junit.platform.engine.support.hierarchical.Node.around(Node.java:138)
	at org.junit.platform.engine.support.hierarchical.NodeTestTask.lambda$executeRecursively$0(NodeTestTask.java:164)
	at org.junit.platform.engine.support.hierarchical.ThrowableCollector.execute(ThrowableCollector.java:74)
	at org.junit.platform.engine.support.hierarchical.NodeTestTask.executeRecursively(NodeTestTask.java:163)
	at org.junit.platform.engine.support.hierarchical.NodeTestTask.execute(NodeTestTask.java:116)
	at java.base/java.util.ArrayList.forEach(ArrayList.java:1604)
	at org.junit.platform.engine.support.hierarchical.SameThreadHierarchicalTestExecutorService.invokeAll(SameThreadHierarchicalTestExecutorService.java:42)
	at org.junit.platform.engine.support.hierarchical.NodeTestTask.lambda$executeRecursively$2(NodeTestTask.java:180)
	at org.junit.platform.engine.support.hierarchical.ThrowableCollector.execute(ThrowableCollector.java:74)
	at org.junit.platform.engine.support.hierarchical.NodeTestTask.lambda$executeRecursively$1(NodeTestTask.java:166)
	at org.junit.platform.engine.support.hierarchical.Node.around(Node.java:138)
	at org.junit.platform.engine.support.hierarchical.NodeTestTask.lambda$executeRecursively$0(NodeTestTask.java:164)
	at org.junit.platform.engine.support.hierarchical.ThrowableCollector.execute(ThrowableCollector.java:74)
	at org.junit.platform.engine.support.hierarchical.NodeTestTask.executeRecursively(NodeTestTask.java:163)
	at org.junit.platform.engine.support.hierarchical.NodeTestTask.execute(NodeTestTask.java:116)
	at org.junit.platform.engine.support.hierarchical.SameThreadHierarchicalTestExecutorService.submit(SameThreadHierarchicalTestExecutorService.java:36)
	at org.junit.platform.engine.support.hierarchical.HierarchicalTestExecutor.execute(HierarchicalTestExecutor.java:52)
	at org.junit.platform.engine.support.hierarchical.HierarchicalTestEngine.execute(HierarchicalTestEngine.java:58)
	at org.junit.platform.launcher.core.EngineExecutionOrchestrator.executeEngine(EngineExecutionOrchestrator.java:246)
	at org.junit.platform.launcher.core.EngineExecutionOrchestrator.failOrExecuteEngine(EngineExecutionOrchestrator.java:218)
	at org.junit.platform.launcher.core.EngineExecutionOrchestrator.execute(EngineExecutionOrchestrator.java:179)
	at org.junit.platform.launcher.core.EngineExecutionOrchestrator.execute(EngineExecutionOrchestrator.java:108)
	at org.junit.platform.launcher.core.EngineExecutionOrchestrator.lambda$execute$0(EngineExecutionOrchestrator.java:66)
	at org.junit.platform.launcher.core.EngineExecutionOrchestrator.withInterceptedStreams(EngineExecutionOrchestrator.java:157)
	at org.junit.platform.launcher.core.EngineExecutionOrchestrator.execute(EngineExecutionOrchestrator.java:65)
	at org.junit.platform.launcher.core.DefaultLauncher.execute(DefaultLauncher.java:125)
	at org.junit.platform.launcher.core.DefaultLauncher.execute(DefaultLauncher.java:114)
	at org.junit.platform.launcher.core.DefaultLauncher.execute(DefaultLauncher.java:93)
	at org.junit.platform.launcher.core.DelegatingLauncher.execute(DelegatingLauncher.java:48)
	at org.junit.platform.launcher.core.InterceptingLauncher.lambda$execute$0(InterceptingLauncher.java:41)
	at org.junit.platform.launcher.core.ClasspathAlignmentCheckingLauncherInterceptor.intercept(ClasspathAlignmentCheckingLauncherInterceptor.java:25)
	at org.junit.platform.launcher.core.InterceptingLauncher.execute(InterceptingLauncher.java:40)
	at org.junit.platform.launcher.core.DelegatingLauncher.execute(DelegatingLauncher.java:48)
	at org.junit.platform.launcher.core.SessionPerRequestLauncher.execute(SessionPerRequestLauncher.java:67)
	at com.intellij.junit6.JUnit6IdeaTestRunner.startRunnerWithArgs(JUnit6IdeaTestRunner.java:67)
	at com.intellij.rt.junit.IdeaTestRunner$Repeater$1.execute(IdeaTestRunner.java:38)
	at com.intellij.rt.execution.junit.TestsRepeater.repeat(TestsRepeater.java:11)
	at com.intellij.rt.junit.IdeaTestRunner$Repeater.startRunnerWithArgs(IdeaTestRunner.java:35)
	at com.intellij.rt.junit.JUnitStarter.prepareStreamsAndStart(JUnitStarter.java:237)
	at com.intellij.rt.junit.JUnitStarter.main(JUnitStarter.java:58)
Caused by: java.sql.SQLSyntaxErrorException: Table 'mytestresourcerdb.requests' doesn't exist
	at com.mysql.cj.jdbc.exceptions.SQLError.createSQLException(SQLError.java:112)
	at com.mysql.cj.jdbc.exceptions.SQLExceptionsMapping.translateException(SQLExceptionsMapping.java:114)
	at com.mysql.cj.jdbc.ClientPreparedStatement.executeInternal(ClientPreparedStatement.java:988)
	at com.mysql.cj.jdbc.ClientPreparedStatement.executeUpdateInternal(ClientPreparedStatement.java:1166)
	at com.mysql.cj.jdbc.ClientPreparedStatement.executeUpdateInternal(ClientPreparedStatement.java:1101)
	at com.mysql.cj.jdbc.ClientPreparedStatement.executeLargeUpdate(ClientPreparedStatement.java:1448)
	at com.mysql.cj.jdbc.ClientPreparedStatement.executeUpdate(ClientPreparedStatement.java:1084)
	at com.zaxxer.hikari.pool.ProxyPreparedStatement.executeUpdate(ProxyPreparedStatement.java:61)
	at com.zaxxer.hikari.pool.HikariProxyPreparedStatement.executeUpdate(HikariProxyPreparedStatement.java)
	at org.springframework.jdbc.core.JdbcTemplate.lambda$update$0(JdbcTemplate.java:971)
	at org.springframework.jdbc.core.JdbcTemplate.execute(JdbcTemplate.java:670)
	... 102 more
2026-05-05 10:59:34.889 INFO  --> Closing JPA EntityManagerFactory for persistence unit 'default'
2026-05-05 10:59:34.891 INFO  --> HikariPool-1 - Shutdown initiated...
2026-05-05 10:59:34.903 INFO  --> HikariPool-1 - Shutdown completed.
2026-05-05 11:02:22.501 INFO  --> Starting AllPostEndpointsTest using Java 25.0.2 with PID 70755 (started by etech in /Users/etech/Documents/OOP Project Materials/MyResourcer)
2026-05-05 11:02:22.508 DEBUG --> Running with Spring Boot v4.0.3, Spring v7.0.5
2026-05-05 11:02:22.515 INFO  --> No active profile set, falling back to 1 default profile: "default"
2026-05-05 11:02:22.982 INFO  --> Bootstrapping Spring Data JPA repositories in DEFAULT mode.
2026-05-05 11:02:23.025 INFO  --> Finished Spring Data repository scanning in 36 ms. Found 9 JPA repository interfaces.
2026-05-05 11:02:24.043 INFO  --> HHH008540: Processing PersistenceUnitInfo [name: default]
2026-05-05 11:02:24.078 INFO  --> HHH000001: Hibernate ORM core version 7.2.4.Final
2026-05-05 11:02:24.241 INFO  --> No LoadTimeWeaver setup: ignoring JPA class transformer
2026-05-05 11:02:24.266 INFO  --> HikariPool-1 - Starting...
2026-05-05 11:02:24.544 INFO  --> HikariPool-1 - Added connection com.mysql.cj.jdbc.ConnectionImpl@53f18591
2026-05-05 11:02:24.545 INFO  --> HikariPool-1 - Start completed.
2026-05-05 11:02:24.607 INFO  --> HHH10001005: Database info:
	Database JDBC URL [jdbc:mysql://localhost:3306/myTestResourcerDB?createDatabaseIfNotExist=true]
	Database driver: MySQL Connector/J
	Database dialect: MySQLDialect
	Database version: 9.6
	Default catalog/schema: myTestResourcerDB/undefined
	Autocommit mode: undefined/unknown
	Isolation level: REPEATABLE_READ [default REPEATABLE_READ]
	JDBC fetch size: none
	Pool: DataSourceConnectionProvider
	Minimum pool size: undefined/unknown
	Maximum pool size: undefined/unknown
2026-05-05 11:02:25.062 INFO  --> HHH000489: No JTA platform available (set 'hibernate.transaction.jta.platform' to enable JTA platform integration)
2026-05-05 11:02:25.146 INFO  --> Initialized JPA EntityManagerFactory for persistence unit 'default'
2026-05-05 11:02:25.194 INFO  --> Hibernate is in classpath; If applicable, HQL parser will be used.
2026-05-05 11:02:25.324 WARN  --> spring.jpa.open-in-view is enabled by default. Therefore, database queries may be performed during view rendering. Explicitly configure spring.jpa.open-in-view to disable this warning
2026-05-05 11:02:25.379 INFO  --> Global AuthenticationManager configured with UserDetailsService bean with name customUserDetailsService
2026-05-05 11:02:25.488 INFO  --> Adding welcome page template: index
2026-05-05 11:02:25.668 INFO  --> Initializing Spring TestDispatcherServlet ''
2026-05-05 11:02:25.668 INFO  --> Initializing Servlet ''
2026-05-05 11:02:25.669 INFO  --> Completed initialization in 1 ms
2026-05-05 11:02:25.685 INFO  --> Started AllPostEndpointsTest in 3.449 seconds (process running for 4.789)
2026-05-05 11:02:25.796 INFO  --> Asset Requested with ID: 1, by user with Id: 1
2026-05-05 11:02:25.839 ERROR --> Failed to Send Request for Asset with ID: 1, by user with Id: 1
org.springframework.jdbc.BadSqlGrammarException: PreparedStatementCallback; bad SQL grammar [INSERT INTO requests (asset_id, user_id, status_id, condition_id, date_out, date_in, time_out, time_in) VALUES (?, ?, ?, ?, ?, ?, ?, ?)]
	at org.springframework.jdbc.support.SQLExceptionSubclassTranslator.doTranslate(SQLExceptionSubclassTranslator.java:112)
	at org.springframework.jdbc.support.AbstractFallbackSQLExceptionTranslator.translate(AbstractFallbackSQLExceptionTranslator.java:102)
	at org.springframework.jdbc.core.JdbcTemplate.translateException(JdbcTemplate.java:1549)
	at org.springframework.jdbc.core.JdbcTemplate.execute(JdbcTemplate.java:689)
	at org.springframework.jdbc.core.JdbcTemplate.update(JdbcTemplate.java:966)
	at org.springframework.jdbc.core.JdbcTemplate.update(JdbcTemplate.java:1010)
	at org.springframework.jdbc.core.JdbcTemplate.update(JdbcTemplate.java:1020)
	at com.myresourcer.MyResourcer.Services.CREATE_ServiceManager.addRequest(CREATE_ServiceManager.java:60)
	at com.myresourcer.MyResourcer.Controllers.CREATE_API_Controller.addRequest(CREATE_API_Controller.java:37)
	at java.base/jdk.internal.reflect.DirectMethodHandleAccessor.invoke(DirectMethodHandleAccessor.java:104)
	at java.base/java.lang.reflect.Method.invoke(Method.java:565)
	at org.springframework.web.method.support.InvocableHandlerMethod.doInvoke(InvocableHandlerMethod.java:252)
	at org.springframework.web.method.support.InvocableHandlerMethod.invokeForRequest(InvocableHandlerMethod.java:184)
	at org.springframework.web.servlet.mvc.method.annotation.ServletInvocableHandlerMethod.invokeAndHandle(ServletInvocableHandlerMethod.java:117)
	at org.springframework.web.servlet.mvc.method.annotation.RequestMappingHandlerAdapter.invokeHandlerMethod(RequestMappingHandlerAdapter.java:934)
	at org.springframework.web.servlet.mvc.method.annotation.RequestMappingHandlerAdapter.handleInternal(RequestMappingHandlerAdapter.java:853)
	at org.springframework.web.servlet.mvc.method.AbstractHandlerMethodAdapter.handle(AbstractHandlerMethodAdapter.java:86)
	at org.springframework.web.servlet.DispatcherServlet.doDispatch(DispatcherServlet.java:963)
	at org.springframework.web.servlet.DispatcherServlet.doService(DispatcherServlet.java:866)
	at org.springframework.web.servlet.FrameworkServlet.processRequest(FrameworkServlet.java:1000)
	at org.springframework.web.servlet.FrameworkServlet.doPost(FrameworkServlet.java:903)
	at jakarta.servlet.http.HttpServlet.service(HttpServlet.java:649)
	at org.springframework.web.servlet.FrameworkServlet.service(FrameworkServlet.java:874)
	at org.springframework.test.web.servlet.TestDispatcherServlet.service(TestDispatcherServlet.java:72)
	at jakarta.servlet.http.HttpServlet.service(HttpServlet.java:710)
	at org.springframework.mock.web.MockFilterChain$ServletFilterProxy.doFilter(MockFilterChain.java:160)
	at org.springframework.mock.web.MockFilterChain.doFilter(MockFilterChain.java:127)
	at org.springframework.test.web.servlet.MockMvc.perform(MockMvc.java:199)
	at com.myresourcer.MyResourcer.AllCreateEndpointsTest.testAddRequest(AllPostEndpointsTest.java:63)
	at java.base/jdk.internal.reflect.DirectMethodHandleAccessor.invoke(DirectMethodHandleAccessor.java:104)
	at java.base/java.lang.reflect.Method.invoke(Method.java:565)
	at org.junit.platform.commons.util.ReflectionUtils.invokeMethod(ReflectionUtils.java:701)
	at org.junit.platform.commons.support.ReflectionSupport.invokeMethod(ReflectionSupport.java:502)
	at org.junit.jupiter.engine.support.MethodReflectionUtils.invoke(MethodReflectionUtils.java:45)
	at org.junit.jupiter.engine.execution.MethodInvocation.proceed(MethodInvocation.java:61)
	at org.junit.jupiter.engine.execution.InvocationInterceptorChain$ValidatingInvocation.proceed(InvocationInterceptorChain.java:124)
	at org.junit.jupiter.engine.extension.TimeoutExtension.intercept(TimeoutExtension.java:163)
	at org.junit.jupiter.engine.extension.TimeoutExtension.interceptTestableMethod(TimeoutExtension.java:148)
	at org.junit.jupiter.engine.extension.TimeoutExtension.interceptTestMethod(TimeoutExtension.java:86)
	at org.junit.jupiter.engine.execution.InterceptingExecutableInvoker$ReflectiveInterceptorCall.lambda$ofVoidMethod$0(InterceptingExecutableInvoker.java:123)
	at org.junit.jupiter.engine.execution.InterceptingExecutableInvoker.lambda$invoke$0(InterceptingExecutableInvoker.java:105)
	at org.junit.jupiter.engine.execution.InvocationInterceptorChain$InterceptedInvocation.proceed(InvocationInterceptorChain.java:99)
	at org.junit.jupiter.engine.execution.InvocationInterceptorChain.proceed(InvocationInterceptorChain.java:66)
	at org.junit.jupiter.engine.execution.InvocationInterceptorChain.chainAndInvoke(InvocationInterceptorChain.java:47)
	at org.junit.jupiter.engine.execution.InvocationInterceptorChain.invoke(InvocationInterceptorChain.java:39)
	at org.junit.jupiter.engine.execution.InterceptingExecutableInvoker.invoke(InterceptingExecutableInvoker.java:104)
	at org.junit.jupiter.engine.execution.InterceptingExecutableInvoker.invoke(InterceptingExecutableInvoker.java:98)
	at org.junit.jupiter.engine.execution.InterceptingExecutableInvoker.invokeVoid(InterceptingExecutableInvoker.java:71)
	at org.junit.jupiter.engine.descriptor.TestMethodTestDescriptor.lambda$invokeTestMethod$0(TestMethodTestDescriptor.java:219)
	at org.junit.platform.engine.support.hierarchical.ThrowableCollector.execute(ThrowableCollector.java:74)
	at org.junit.jupiter.engine.descriptor.TestMethodTestDescriptor.invokeTestMethod(TestMethodTestDescriptor.java:215)
	at org.junit.jupiter.engine.descriptor.TestMethodTestDescriptor.execute(TestMethodTestDescriptor.java:157)
	at org.junit.jupiter.engine.descriptor.TestMethodTestDescriptor.execute(TestMethodTestDescriptor.java:70)
	at org.junit.platform.engine.support.hierarchical.NodeTestTask.lambda$executeRecursively$2(NodeTestTask.java:176)
	at org.junit.platform.engine.support.hierarchical.ThrowableCollector.execute(ThrowableCollector.java:74)
	at org.junit.platform.engine.support.hierarchical.NodeTestTask.lambda$executeRecursively$1(NodeTestTask.java:166)
	at org.junit.platform.engine.support.hierarchical.Node.around(Node.java:138)
	at org.junit.platform.engine.support.hierarchical.NodeTestTask.lambda$executeRecursively$0(NodeTestTask.java:164)
	at org.junit.platform.engine.support.hierarchical.ThrowableCollector.execute(ThrowableCollector.java:74)
	at org.junit.platform.engine.support.hierarchical.NodeTestTask.executeRecursively(NodeTestTask.java:163)
	at org.junit.platform.engine.support.hierarchical.NodeTestTask.execute(NodeTestTask.java:116)
	at java.base/java.util.ArrayList.forEach(ArrayList.java:1604)
	at org.junit.platform.engine.support.hierarchical.SameThreadHierarchicalTestExecutorService.invokeAll(SameThreadHierarchicalTestExecutorService.java:42)
	at org.junit.platform.engine.support.hierarchical.NodeTestTask.lambda$executeRecursively$2(NodeTestTask.java:180)
	at org.junit.platform.engine.support.hierarchical.ThrowableCollector.execute(ThrowableCollector.java:74)
	at org.junit.platform.engine.support.hierarchical.NodeTestTask.lambda$executeRecursively$1(NodeTestTask.java:166)
	at org.junit.platform.engine.support.hierarchical.Node.around(Node.java:138)
	at org.junit.platform.engine.support.hierarchical.NodeTestTask.lambda$executeRecursively$0(NodeTestTask.java:164)
	at org.junit.platform.engine.support.hierarchical.ThrowableCollector.execute(ThrowableCollector.java:74)
	at org.junit.platform.engine.support.hierarchical.NodeTestTask.executeRecursively(NodeTestTask.java:163)
	at org.junit.platform.engine.support.hierarchical.NodeTestTask.execute(NodeTestTask.java:116)
	at java.base/java.util.ArrayList.forEach(ArrayList.java:1604)
	at org.junit.platform.engine.support.hierarchical.SameThreadHierarchicalTestExecutorService.invokeAll(SameThreadHierarchicalTestExecutorService.java:42)
	at org.junit.platform.engine.support.hierarchical.NodeTestTask.lambda$executeRecursively$2(NodeTestTask.java:180)
	at org.junit.platform.engine.support.hierarchical.ThrowableCollector.execute(ThrowableCollector.java:74)
	at org.junit.platform.engine.support.hierarchical.NodeTestTask.lambda$executeRecursively$1(NodeTestTask.java:166)
	at org.junit.platform.engine.support.hierarchical.Node.around(Node.java:138)
	at org.junit.platform.engine.support.hierarchical.NodeTestTask.lambda$executeRecursively$0(NodeTestTask.java:164)
	at org.junit.platform.engine.support.hierarchical.ThrowableCollector.execute(ThrowableCollector.java:74)
	at org.junit.platform.engine.support.hierarchical.NodeTestTask.executeRecursively(NodeTestTask.java:163)
	at org.junit.platform.engine.support.hierarchical.NodeTestTask.execute(NodeTestTask.java:116)
	at org.junit.platform.engine.support.hierarchical.SameThreadHierarchicalTestExecutorService.submit(SameThreadHierarchicalTestExecutorService.java:36)
	at org.junit.platform.engine.support.hierarchical.HierarchicalTestExecutor.execute(HierarchicalTestExecutor.java:52)
	at org.junit.platform.engine.support.hierarchical.HierarchicalTestEngine.execute(HierarchicalTestEngine.java:58)
	at org.junit.platform.launcher.core.EngineExecutionOrchestrator.executeEngine(EngineExecutionOrchestrator.java:246)
	at org.junit.platform.launcher.core.EngineExecutionOrchestrator.failOrExecuteEngine(EngineExecutionOrchestrator.java:218)
	at org.junit.platform.launcher.core.EngineExecutionOrchestrator.execute(EngineExecutionOrchestrator.java:179)
	at org.junit.platform.launcher.core.EngineExecutionOrchestrator.execute(EngineExecutionOrchestrator.java:108)
	at org.junit.platform.launcher.core.EngineExecutionOrchestrator.lambda$execute$0(EngineExecutionOrchestrator.java:66)
	at org.junit.platform.launcher.core.EngineExecutionOrchestrator.withInterceptedStreams(EngineExecutionOrchestrator.java:157)
	at org.junit.platform.launcher.core.EngineExecutionOrchestrator.execute(EngineExecutionOrchestrator.java:65)
	at org.junit.platform.launcher.core.DefaultLauncher.execute(DefaultLauncher.java:125)
	at org.junit.platform.launcher.core.DefaultLauncher.execute(DefaultLauncher.java:114)
	at org.junit.platform.launcher.core.DefaultLauncher.execute(DefaultLauncher.java:93)
	at org.junit.platform.launcher.core.DelegatingLauncher.execute(DelegatingLauncher.java:48)
	at org.junit.platform.launcher.core.InterceptingLauncher.lambda$execute$0(InterceptingLauncher.java:41)
	at org.junit.platform.launcher.core.ClasspathAlignmentCheckingLauncherInterceptor.intercept(ClasspathAlignmentCheckingLauncherInterceptor.java:25)
	at org.junit.platform.launcher.core.InterceptingLauncher.execute(InterceptingLauncher.java:40)
	at org.junit.platform.launcher.core.DelegatingLauncher.execute(DelegatingLauncher.java:48)
	at org.junit.platform.launcher.core.SessionPerRequestLauncher.execute(SessionPerRequestLauncher.java:67)
	at com.intellij.junit6.JUnit6IdeaTestRunner.startRunnerWithArgs(JUnit6IdeaTestRunner.java:67)
	at com.intellij.rt.junit.IdeaTestRunner$Repeater$1.execute(IdeaTestRunner.java:38)
	at com.intellij.rt.execution.junit.TestsRepeater.repeat(TestsRepeater.java:11)
	at com.intellij.rt.junit.IdeaTestRunner$Repeater.startRunnerWithArgs(IdeaTestRunner.java:35)
	at com.intellij.rt.junit.JUnitStarter.prepareStreamsAndStart(JUnitStarter.java:237)
	at com.intellij.rt.junit.JUnitStarter.main(JUnitStarter.java:58)
Caused by: java.sql.SQLSyntaxErrorException: Table 'mytestresourcerdb.requests' doesn't exist
	at com.mysql.cj.jdbc.exceptions.SQLError.createSQLException(SQLError.java:112)
	at com.mysql.cj.jdbc.exceptions.SQLExceptionsMapping.translateException(SQLExceptionsMapping.java:114)
	at com.mysql.cj.jdbc.ClientPreparedStatement.executeInternal(ClientPreparedStatement.java:988)
	at com.mysql.cj.jdbc.ClientPreparedStatement.executeUpdateInternal(ClientPreparedStatement.java:1166)
	at com.mysql.cj.jdbc.ClientPreparedStatement.executeUpdateInternal(ClientPreparedStatement.java:1101)
	at com.mysql.cj.jdbc.ClientPreparedStatement.executeLargeUpdate(ClientPreparedStatement.java:1448)
	at com.mysql.cj.jdbc.ClientPreparedStatement.executeUpdate(ClientPreparedStatement.java:1084)
	at com.zaxxer.hikari.pool.ProxyPreparedStatement.executeUpdate(ProxyPreparedStatement.java:61)
	at com.zaxxer.hikari.pool.HikariProxyPreparedStatement.executeUpdate(HikariProxyPreparedStatement.java)
	at org.springframework.jdbc.core.JdbcTemplate.lambda$update$0(JdbcTemplate.java:971)
	at org.springframework.jdbc.core.JdbcTemplate.execute(JdbcTemplate.java:670)
	... 102 more
2026-05-05 11:02:25.877 INFO  --> Adding new category: Test Category
2026-05-05 11:02:25.878 DEBUG --> Category added successfully: Test Category
2026-05-05 11:02:25.891 INFO  --> Adding new role: Test Role
2026-05-05 11:02:25.891 DEBUG --> Role added successfully: Test Role
2026-05-05 11:02:25.900 INFO  --> Adding new user: testuser
2026-05-05 11:02:25.900 DEBUG --> User added successfully: testuser
2026-05-05 11:02:25.907 INFO  --> Adding new department: Test Department
2026-05-05 11:02:25.908 DEBUG --> Department added successfully: Test Department
2026-05-05 11:02:25.923 INFO  --> Adding new asset: Test Asset
2026-05-05 11:02:25.923 DEBUG --> Asset added successfully: Test Asset
2026-05-05 11:02:25.935 INFO  --> Adding new condition: Test Condition
2026-05-05 11:02:25.935 DEBUG --> Condition added successfully: Test Condition
2026-05-05 11:02:25.943 INFO  --> Adding new status: Test Status
2026-05-05 11:02:25.943 DEBUG --> Status added successfully: Test Status
2026-05-05 11:02:25.962 INFO  --> Closing JPA EntityManagerFactory for persistence unit 'default'
2026-05-05 11:02:25.964 INFO  --> HikariPool-1 - Shutdown initiated...
2026-05-05 11:02:25.968 INFO  --> HikariPool-1 - Shutdown completed.
2026-05-05 11:04:57.232 INFO  --> Starting AllDeleteEndpointsTest using Java 25.0.2 with PID 70772 (started by etech in /Users/etech/Documents/OOP Project Materials/MyResourcer)
2026-05-05 11:04:57.240 DEBUG --> Running with Spring Boot v4.0.3, Spring v7.0.5
2026-05-05 11:04:57.241 INFO  --> No active profile set, falling back to 1 default profile: "default"
2026-05-05 11:04:57.775 INFO  --> Bootstrapping Spring Data JPA repositories in DEFAULT mode.
2026-05-05 11:04:57.829 INFO  --> Finished Spring Data repository scanning in 45 ms. Found 9 JPA repository interfaces.
2026-05-05 11:04:58.954 INFO  --> HHH008540: Processing PersistenceUnitInfo [name: default]
2026-05-05 11:04:59.001 INFO  --> HHH000001: Hibernate ORM core version 7.2.4.Final
2026-05-05 11:04:59.207 INFO  --> No LoadTimeWeaver setup: ignoring JPA class transformer
2026-05-05 11:04:59.229 INFO  --> HikariPool-1 - Starting...
2026-05-05 11:04:59.627 INFO  --> HikariPool-1 - Added connection com.mysql.cj.jdbc.ConnectionImpl@7b8b755d
2026-05-05 11:04:59.628 INFO  --> HikariPool-1 - Start completed.
2026-05-05 11:04:59.696 INFO  --> HHH10001005: Database info:
	Database JDBC URL [jdbc:mysql://localhost:3306/myTestResourcerDB?createDatabaseIfNotExist=true]
	Database driver: MySQL Connector/J
	Database dialect: MySQLDialect
	Database version: 9.6
	Default catalog/schema: myTestResourcerDB/undefined
	Autocommit mode: undefined/unknown
	Isolation level: REPEATABLE_READ [default REPEATABLE_READ]
	JDBC fetch size: none
	Pool: DataSourceConnectionProvider
	Minimum pool size: undefined/unknown
	Maximum pool size: undefined/unknown
2026-05-05 11:05:00.257 INFO  --> HHH000489: No JTA platform available (set 'hibernate.transaction.jta.platform' to enable JTA platform integration)
2026-05-05 11:05:00.348 INFO  --> Initialized JPA EntityManagerFactory for persistence unit 'default'
2026-05-05 11:05:00.409 INFO  --> Hibernate is in classpath; If applicable, HQL parser will be used.
2026-05-05 11:05:00.562 WARN  --> spring.jpa.open-in-view is enabled by default. Therefore, database queries may be performed during view rendering. Explicitly configure spring.jpa.open-in-view to disable this warning
2026-05-05 11:05:00.629 INFO  --> Global AuthenticationManager configured with UserDetailsService bean with name customUserDetailsService
2026-05-05 11:05:00.760 INFO  --> Adding welcome page template: index
2026-05-05 11:05:00.989 INFO  --> Initializing Spring TestDispatcherServlet ''
2026-05-05 11:05:00.990 INFO  --> Initializing Servlet ''
2026-05-05 11:05:00.990 INFO  --> Completed initialization in 0 ms
2026-05-05 11:05:01.006 INFO  --> Started AllDeleteEndpointsTest in 4.071 seconds (process running for 5.343)
2026-05-05 11:05:01.079 INFO  --> Deleting request with ID: 1
2026-05-05 11:05:01.112 ERROR --> Failed to delete request with ID: 1
org.springframework.jdbc.BadSqlGrammarException: PreparedStatementCallback; bad SQL grammar [DELETE FROM requests WHERE request_id = ?]
	at org.springframework.jdbc.support.SQLExceptionSubclassTranslator.doTranslate(SQLExceptionSubclassTranslator.java:112)
	at org.springframework.jdbc.support.AbstractFallbackSQLExceptionTranslator.translate(AbstractFallbackSQLExceptionTranslator.java:102)
	at org.springframework.jdbc.core.JdbcTemplate.translateException(JdbcTemplate.java:1549)
	at org.springframework.jdbc.core.JdbcTemplate.execute(JdbcTemplate.java:689)
	at org.springframework.jdbc.core.JdbcTemplate.update(JdbcTemplate.java:966)
	at org.springframework.jdbc.core.JdbcTemplate.update(JdbcTemplate.java:1010)
	at org.springframework.jdbc.core.JdbcTemplate.update(JdbcTemplate.java:1020)
	at com.myresourcer.MyResourcer.Services.DELETE_ServiceManager.deleteRequest(DELETE_ServiceManager.java:40)
	at com.myresourcer.MyResourcer.Controllers.DELETE_API_Controller.deleteRequest(DELETE_API_Controller.java:29)
	at java.base/jdk.internal.reflect.DirectMethodHandleAccessor.invoke(DirectMethodHandleAccessor.java:104)
	at java.base/java.lang.reflect.Method.invoke(Method.java:565)
	at org.springframework.web.method.support.InvocableHandlerMethod.doInvoke(InvocableHandlerMethod.java:252)
	at org.springframework.web.method.support.InvocableHandlerMethod.invokeForRequest(InvocableHandlerMethod.java:184)
	at org.springframework.web.servlet.mvc.method.annotation.ServletInvocableHandlerMethod.invokeAndHandle(ServletInvocableHandlerMethod.java:117)
	at org.springframework.web.servlet.mvc.method.annotation.RequestMappingHandlerAdapter.invokeHandlerMethod(RequestMappingHandlerAdapter.java:934)
	at org.springframework.web.servlet.mvc.method.annotation.RequestMappingHandlerAdapter.handleInternal(RequestMappingHandlerAdapter.java:853)
	at org.springframework.web.servlet.mvc.method.AbstractHandlerMethodAdapter.handle(AbstractHandlerMethodAdapter.java:86)
	at org.springframework.web.servlet.DispatcherServlet.doDispatch(DispatcherServlet.java:963)
	at org.springframework.web.servlet.DispatcherServlet.doService(DispatcherServlet.java:866)
	at org.springframework.web.servlet.FrameworkServlet.processRequest(FrameworkServlet.java:1000)
	at org.springframework.web.servlet.FrameworkServlet.doDelete(FrameworkServlet.java:925)
	at jakarta.servlet.http.HttpServlet.service(HttpServlet.java:651)
	at org.springframework.web.servlet.FrameworkServlet.service(FrameworkServlet.java:874)
	at org.springframework.test.web.servlet.TestDispatcherServlet.service(TestDispatcherServlet.java:72)
	at jakarta.servlet.http.HttpServlet.service(HttpServlet.java:710)
	at org.springframework.mock.web.MockFilterChain$ServletFilterProxy.doFilter(MockFilterChain.java:160)
	at org.springframework.mock.web.MockFilterChain.doFilter(MockFilterChain.java:127)
	at org.springframework.test.web.servlet.MockMvc.perform(MockMvc.java:199)
	at com.myresourcer.MyResourcer.AllDeleteEndpointsTest.testDeleteRequest(AllDeleteEndpointsTest.java:47)
	at java.base/jdk.internal.reflect.DirectMethodHandleAccessor.invoke(DirectMethodHandleAccessor.java:104)
	at java.base/java.lang.reflect.Method.invoke(Method.java:565)
	at org.junit.platform.commons.util.ReflectionUtils.invokeMethod(ReflectionUtils.java:701)
	at org.junit.platform.commons.support.ReflectionSupport.invokeMethod(ReflectionSupport.java:502)
	at org.junit.jupiter.engine.support.MethodReflectionUtils.invoke(MethodReflectionUtils.java:45)
	at org.junit.jupiter.engine.execution.MethodInvocation.proceed(MethodInvocation.java:61)
	at org.junit.jupiter.engine.execution.InvocationInterceptorChain$ValidatingInvocation.proceed(InvocationInterceptorChain.java:124)
	at org.junit.jupiter.engine.extension.TimeoutExtension.intercept(TimeoutExtension.java:163)
	at org.junit.jupiter.engine.extension.TimeoutExtension.interceptTestableMethod(TimeoutExtension.java:148)
	at org.junit.jupiter.engine.extension.TimeoutExtension.interceptTestMethod(TimeoutExtension.java:86)
	at org.junit.jupiter.engine.execution.InterceptingExecutableInvoker$ReflectiveInterceptorCall.lambda$ofVoidMethod$0(InterceptingExecutableInvoker.java:123)
	at org.junit.jupiter.engine.execution.InterceptingExecutableInvoker.lambda$invoke$0(InterceptingExecutableInvoker.java:105)
	at org.junit.jupiter.engine.execution.InvocationInterceptorChain$InterceptedInvocation.proceed(InvocationInterceptorChain.java:99)
	at org.junit.jupiter.engine.execution.InvocationInterceptorChain.proceed(InvocationInterceptorChain.java:66)
	at org.junit.jupiter.engine.execution.InvocationInterceptorChain.chainAndInvoke(InvocationInterceptorChain.java:47)
	at org.junit.jupiter.engine.execution.InvocationInterceptorChain.invoke(InvocationInterceptorChain.java:39)
	at org.junit.jupiter.engine.execution.InterceptingExecutableInvoker.invoke(InterceptingExecutableInvoker.java:104)
	at org.junit.jupiter.engine.execution.InterceptingExecutableInvoker.invoke(InterceptingExecutableInvoker.java:98)
	at org.junit.jupiter.engine.execution.InterceptingExecutableInvoker.invokeVoid(InterceptingExecutableInvoker.java:71)
	at org.junit.jupiter.engine.descriptor.TestMethodTestDescriptor.lambda$invokeTestMethod$0(TestMethodTestDescriptor.java:219)
	at org.junit.platform.engine.support.hierarchical.ThrowableCollector.execute(ThrowableCollector.java:74)
	at org.junit.jupiter.engine.descriptor.TestMethodTestDescriptor.invokeTestMethod(TestMethodTestDescriptor.java:215)
	at org.junit.jupiter.engine.descriptor.TestMethodTestDescriptor.execute(TestMethodTestDescriptor.java:157)
	at org.junit.jupiter.engine.descriptor.TestMethodTestDescriptor.execute(TestMethodTestDescriptor.java:70)
	at org.junit.platform.engine.support.hierarchical.NodeTestTask.lambda$executeRecursively$2(NodeTestTask.java:176)
	at org.junit.platform.engine.support.hierarchical.ThrowableCollector.execute(ThrowableCollector.java:74)
	at org.junit.platform.engine.support.hierarchical.NodeTestTask.lambda$executeRecursively$1(NodeTestTask.java:166)
	at org.junit.platform.engine.support.hierarchical.Node.around(Node.java:138)
	at org.junit.platform.engine.support.hierarchical.NodeTestTask.lambda$executeRecursively$0(NodeTestTask.java:164)
	at org.junit.platform.engine.support.hierarchical.ThrowableCollector.execute(ThrowableCollector.java:74)
	at org.junit.platform.engine.support.hierarchical.NodeTestTask.executeRecursively(NodeTestTask.java:163)
	at org.junit.platform.engine.support.hierarchical.NodeTestTask.execute(NodeTestTask.java:116)
	at java.base/java.util.ArrayList.forEach(ArrayList.java:1604)
	at org.junit.platform.engine.support.hierarchical.SameThreadHierarchicalTestExecutorService.invokeAll(SameThreadHierarchicalTestExecutorService.java:42)
	at org.junit.platform.engine.support.hierarchical.NodeTestTask.lambda$executeRecursively$2(NodeTestTask.java:180)
	at org.junit.platform.engine.support.hierarchical.ThrowableCollector.execute(ThrowableCollector.java:74)
	at org.junit.platform.engine.support.hierarchical.NodeTestTask.lambda$executeRecursively$1(NodeTestTask.java:166)
	at org.junit.platform.engine.support.hierarchical.Node.around(Node.java:138)
	at org.junit.platform.engine.support.hierarchical.NodeTestTask.lambda$executeRecursively$0(NodeTestTask.java:164)
	at org.junit.platform.engine.support.hierarchical.ThrowableCollector.execute(ThrowableCollector.java:74)
	at org.junit.platform.engine.support.hierarchical.NodeTestTask.executeRecursively(NodeTestTask.java:163)
	at org.junit.platform.engine.support.hierarchical.NodeTestTask.execute(NodeTestTask.java:116)
	at java.base/java.util.ArrayList.forEach(ArrayList.java:1604)
	at org.junit.platform.engine.support.hierarchical.SameThreadHierarchicalTestExecutorService.invokeAll(SameThreadHierarchicalTestExecutorService.java:42)
	at org.junit.platform.engine.support.hierarchical.NodeTestTask.lambda$executeRecursively$2(NodeTestTask.java:180)
	at org.junit.platform.engine.support.hierarchical.ThrowableCollector.execute(ThrowableCollector.java:74)
	at org.junit.platform.engine.support.hierarchical.NodeTestTask.lambda$executeRecursively$1(NodeTestTask.java:166)
	at org.junit.platform.engine.support.hierarchical.Node.around(Node.java:138)
	at org.junit.platform.engine.support.hierarchical.NodeTestTask.lambda$executeRecursively$0(NodeTestTask.java:164)
	at org.junit.platform.engine.support.hierarchical.ThrowableCollector.execute(ThrowableCollector.java:74)
	at org.junit.platform.engine.support.hierarchical.NodeTestTask.executeRecursively(NodeTestTask.java:163)
	at org.junit.platform.engine.support.hierarchical.NodeTestTask.execute(NodeTestTask.java:116)
	at org.junit.platform.engine.support.hierarchical.SameThreadHierarchicalTestExecutorService.submit(SameThreadHierarchicalTestExecutorService.java:36)
	at org.junit.platform.engine.support.hierarchical.HierarchicalTestExecutor.execute(HierarchicalTestExecutor.java:52)
	at org.junit.platform.engine.support.hierarchical.HierarchicalTestEngine.execute(HierarchicalTestEngine.java:58)
	at org.junit.platform.launcher.core.EngineExecutionOrchestrator.executeEngine(EngineExecutionOrchestrator.java:246)
	at org.junit.platform.launcher.core.EngineExecutionOrchestrator.failOrExecuteEngine(EngineExecutionOrchestrator.java:218)
	at org.junit.platform.launcher.core.EngineExecutionOrchestrator.execute(EngineExecutionOrchestrator.java:179)
	at org.junit.platform.launcher.core.EngineExecutionOrchestrator.execute(EngineExecutionOrchestrator.java:108)
	at org.junit.platform.launcher.core.EngineExecutionOrchestrator.lambda$execute$0(EngineExecutionOrchestrator.java:66)
	at org.junit.platform.launcher.core.EngineExecutionOrchestrator.withInterceptedStreams(EngineExecutionOrchestrator.java:157)
	at org.junit.platform.launcher.core.EngineExecutionOrchestrator.execute(EngineExecutionOrchestrator.java:65)
	at org.junit.platform.launcher.core.DefaultLauncher.execute(DefaultLauncher.java:125)
	at org.junit.platform.launcher.core.DefaultLauncher.execute(DefaultLauncher.java:114)
	at org.junit.platform.launcher.core.DefaultLauncher.execute(DefaultLauncher.java:93)
	at org.junit.platform.launcher.core.DelegatingLauncher.execute(DelegatingLauncher.java:48)
	at org.junit.platform.launcher.core.InterceptingLauncher.lambda$execute$0(InterceptingLauncher.java:41)
	at org.junit.platform.launcher.core.ClasspathAlignmentCheckingLauncherInterceptor.intercept(ClasspathAlignmentCheckingLauncherInterceptor.java:25)
	at org.junit.platform.launcher.core.InterceptingLauncher.execute(InterceptingLauncher.java:40)
	at org.junit.platform.launcher.core.DelegatingLauncher.execute(DelegatingLauncher.java:48)
	at org.junit.platform.launcher.core.SessionPerRequestLauncher.execute(SessionPerRequestLauncher.java:67)
	at com.intellij.junit6.JUnit6IdeaTestRunner.startRunnerWithArgs(JUnit6IdeaTestRunner.java:67)
	at com.intellij.rt.junit.IdeaTestRunner$Repeater$1.execute(IdeaTestRunner.java:38)
	at com.intellij.rt.execution.junit.TestsRepeater.repeat(TestsRepeater.java:11)
	at com.intellij.rt.junit.IdeaTestRunner$Repeater.startRunnerWithArgs(IdeaTestRunner.java:35)
	at com.intellij.rt.junit.JUnitStarter.prepareStreamsAndStart(JUnitStarter.java:237)
	at com.intellij.rt.junit.JUnitStarter.main(JUnitStarter.java:58)
Caused by: java.sql.SQLSyntaxErrorException: Table 'mytestresourcerdb.requests' doesn't exist
	at com.mysql.cj.jdbc.exceptions.SQLError.createSQLException(SQLError.java:112)
	at com.mysql.cj.jdbc.exceptions.SQLExceptionsMapping.translateException(SQLExceptionsMapping.java:114)
	at com.mysql.cj.jdbc.ClientPreparedStatement.executeInternal(ClientPreparedStatement.java:988)
	at com.mysql.cj.jdbc.ClientPreparedStatement.executeUpdateInternal(ClientPreparedStatement.java:1166)
	at com.mysql.cj.jdbc.ClientPreparedStatement.executeUpdateInternal(ClientPreparedStatement.java:1101)
	at com.mysql.cj.jdbc.ClientPreparedStatement.executeLargeUpdate(ClientPreparedStatement.java:1448)
	at com.mysql.cj.jdbc.ClientPreparedStatement.executeUpdate(ClientPreparedStatement.java:1084)
	at com.zaxxer.hikari.pool.ProxyPreparedStatement.executeUpdate(ProxyPreparedStatement.java:61)
	at com.zaxxer.hikari.pool.HikariProxyPreparedStatement.executeUpdate(HikariProxyPreparedStatement.java)
	at org.springframework.jdbc.core.JdbcTemplate.lambda$update$0(JdbcTemplate.java:971)
	at org.springframework.jdbc.core.JdbcTemplate.execute(JdbcTemplate.java:670)
	... 102 more
2026-05-05 11:05:01.152 INFO  --> Closing JPA EntityManagerFactory for persistence unit 'default'
2026-05-05 11:05:01.153 INFO  --> HikariPool-1 - Shutdown initiated...
2026-05-05 11:05:01.158 INFO  --> HikariPool-1 - Shutdown completed.
2026-05-05 11:10:07.761 INFO  --> Starting AllDeleteEndpointsTest using Java 25.0.2 with PID 70867 (started by etech in /Users/etech/Documents/OOP Project Materials/MyResourcer)
2026-05-05 11:10:07.771 DEBUG --> Running with Spring Boot v4.0.3, Spring v7.0.5
2026-05-05 11:10:07.774 INFO  --> No active profile set, falling back to 1 default profile: "default"
2026-05-05 11:10:08.209 INFO  --> Bootstrapping Spring Data JPA repositories in DEFAULT mode.
2026-05-05 11:10:08.253 INFO  --> Finished Spring Data repository scanning in 34 ms. Found 9 JPA repository interfaces.
2026-05-05 11:10:09.217 INFO  --> HHH008540: Processing PersistenceUnitInfo [name: default]
2026-05-05 11:10:09.260 INFO  --> HHH000001: Hibernate ORM core version 7.2.4.Final
2026-05-05 11:10:09.460 INFO  --> No LoadTimeWeaver setup: ignoring JPA class transformer
2026-05-05 11:10:09.485 INFO  --> HikariPool-1 - Starting...
2026-05-05 11:10:09.793 INFO  --> HikariPool-1 - Added connection com.mysql.cj.jdbc.ConnectionImpl@116fe252
2026-05-05 11:10:09.794 INFO  --> HikariPool-1 - Start completed.
2026-05-05 11:10:09.853 INFO  --> HHH10001005: Database info:
	Database JDBC URL [jdbc:mysql://localhost:3306/myTestResourcerDB?createDatabaseIfNotExist=true]
	Database driver: MySQL Connector/J
	Database dialect: MySQLDialect
	Database version: 9.6
	Default catalog/schema: myTestResourcerDB/undefined
	Autocommit mode: undefined/unknown
	Isolation level: REPEATABLE_READ [default REPEATABLE_READ]
	JDBC fetch size: none
	Pool: DataSourceConnectionProvider
	Minimum pool size: undefined/unknown
	Maximum pool size: undefined/unknown
2026-05-05 11:10:10.332 INFO  --> HHH000489: No JTA platform available (set 'hibernate.transaction.jta.platform' to enable JTA platform integration)
2026-05-05 11:10:10.435 INFO  --> Initialized JPA EntityManagerFactory for persistence unit 'default'
2026-05-05 11:10:10.495 INFO  --> Hibernate is in classpath; If applicable, HQL parser will be used.
2026-05-05 11:10:10.627 WARN  --> spring.jpa.open-in-view is enabled by default. Therefore, database queries may be performed during view rendering. Explicitly configure spring.jpa.open-in-view to disable this warning
2026-05-05 11:10:10.690 INFO  --> Global AuthenticationManager configured with UserDetailsService bean with name customUserDetailsService
2026-05-05 11:10:10.807 INFO  --> Adding welcome page template: index
2026-05-05 11:10:11.011 INFO  --> Initializing Spring TestDispatcherServlet ''
2026-05-05 11:10:11.011 INFO  --> Initializing Servlet ''
2026-05-05 11:10:11.012 INFO  --> Completed initialization in 1 ms
2026-05-05 11:10:11.029 INFO  --> Started AllDeleteEndpointsTest in 3.566 seconds (process running for 4.633)
2026-05-05 11:10:11.099 INFO  --> Deleting request with ID: 1
2026-05-05 11:10:11.132 ERROR --> Failed to delete request with ID: 1
org.springframework.jdbc.BadSqlGrammarException: PreparedStatementCallback; bad SQL grammar [SELECT COUNT(*) FROM requests WHERE request_id = ?]
	at org.springframework.jdbc.support.SQLExceptionSubclassTranslator.doTranslate(SQLExceptionSubclassTranslator.java:112)
	at org.springframework.jdbc.support.AbstractFallbackSQLExceptionTranslator.translate(AbstractFallbackSQLExceptionTranslator.java:102)
	at org.springframework.jdbc.core.JdbcTemplate.translateException(JdbcTemplate.java:1549)
	at org.springframework.jdbc.core.JdbcTemplate.execute(JdbcTemplate.java:689)
	at org.springframework.jdbc.core.JdbcTemplate.query(JdbcTemplate.java:732)
	at org.springframework.jdbc.core.JdbcTemplate.query(JdbcTemplate.java:757)
	at org.springframework.jdbc.core.JdbcTemplate.queryForObject(JdbcTemplate.java:893)
	at org.springframework.jdbc.core.JdbcTemplate.queryForObject(JdbcTemplate.java:907)
	at com.myresourcer.MyResourcer.Services.DELETE_ServiceManager.deleteRequest(DELETE_ServiceManager.java:41)
	at com.myresourcer.MyResourcer.Controllers.DELETE_API_Controller.deleteRequest(DELETE_API_Controller.java:29)
	at java.base/jdk.internal.reflect.DirectMethodHandleAccessor.invoke(DirectMethodHandleAccessor.java:104)
	at java.base/java.lang.reflect.Method.invoke(Method.java:565)
	at org.springframework.web.method.support.InvocableHandlerMethod.doInvoke(InvocableHandlerMethod.java:252)
	at org.springframework.web.method.support.InvocableHandlerMethod.invokeForRequest(InvocableHandlerMethod.java:184)
	at org.springframework.web.servlet.mvc.method.annotation.ServletInvocableHandlerMethod.invokeAndHandle(ServletInvocableHandlerMethod.java:117)
	at org.springframework.web.servlet.mvc.method.annotation.RequestMappingHandlerAdapter.invokeHandlerMethod(RequestMappingHandlerAdapter.java:934)
	at org.springframework.web.servlet.mvc.method.annotation.RequestMappingHandlerAdapter.handleInternal(RequestMappingHandlerAdapter.java:853)
	at org.springframework.web.servlet.mvc.method.AbstractHandlerMethodAdapter.handle(AbstractHandlerMethodAdapter.java:86)
	at org.springframework.web.servlet.DispatcherServlet.doDispatch(DispatcherServlet.java:963)
	at org.springframework.web.servlet.DispatcherServlet.doService(DispatcherServlet.java:866)
	at org.springframework.web.servlet.FrameworkServlet.processRequest(FrameworkServlet.java:1000)
	at org.springframework.web.servlet.FrameworkServlet.doDelete(FrameworkServlet.java:925)
	at jakarta.servlet.http.HttpServlet.service(HttpServlet.java:651)
	at org.springframework.web.servlet.FrameworkServlet.service(FrameworkServlet.java:874)
	at org.springframework.test.web.servlet.TestDispatcherServlet.service(TestDispatcherServlet.java:72)
	at jakarta.servlet.http.HttpServlet.service(HttpServlet.java:710)
	at org.springframework.mock.web.MockFilterChain$ServletFilterProxy.doFilter(MockFilterChain.java:160)
	at org.springframework.mock.web.MockFilterChain.doFilter(MockFilterChain.java:127)
	at org.springframework.test.web.servlet.MockMvc.perform(MockMvc.java:199)
	at com.myresourcer.MyResourcer.AllDeleteEndpointsTest.testDeleteRequest(AllDeleteEndpointsTest.java:47)
	at java.base/jdk.internal.reflect.DirectMethodHandleAccessor.invoke(DirectMethodHandleAccessor.java:104)
	at java.base/java.lang.reflect.Method.invoke(Method.java:565)
	at org.junit.platform.commons.util.ReflectionUtils.invokeMethod(ReflectionUtils.java:701)
	at org.junit.platform.commons.support.ReflectionSupport.invokeMethod(ReflectionSupport.java:502)
	at org.junit.jupiter.engine.support.MethodReflectionUtils.invoke(MethodReflectionUtils.java:45)
	at org.junit.jupiter.engine.execution.MethodInvocation.proceed(MethodInvocation.java:61)
	at org.junit.jupiter.engine.execution.InvocationInterceptorChain$ValidatingInvocation.proceed(InvocationInterceptorChain.java:124)
	at org.junit.jupiter.engine.extension.TimeoutExtension.intercept(TimeoutExtension.java:163)
	at org.junit.jupiter.engine.extension.TimeoutExtension.interceptTestableMethod(TimeoutExtension.java:148)
	at org.junit.jupiter.engine.extension.TimeoutExtension.interceptTestMethod(TimeoutExtension.java:86)
	at org.junit.jupiter.engine.execution.InterceptingExecutableInvoker$ReflectiveInterceptorCall.lambda$ofVoidMethod$0(InterceptingExecutableInvoker.java:123)
	at org.junit.jupiter.engine.execution.InterceptingExecutableInvoker.lambda$invoke$0(InterceptingExecutableInvoker.java:105)
	at org.junit.jupiter.engine.execution.InvocationInterceptorChain$InterceptedInvocation.proceed(InvocationInterceptorChain.java:99)
	at org.junit.jupiter.engine.execution.InvocationInterceptorChain.proceed(InvocationInterceptorChain.java:66)
	at org.junit.jupiter.engine.execution.InvocationInterceptorChain.chainAndInvoke(InvocationInterceptorChain.java:47)
	at org.junit.jupiter.engine.execution.InvocationInterceptorChain.invoke(InvocationInterceptorChain.java:39)
	at org.junit.jupiter.engine.execution.InterceptingExecutableInvoker.invoke(InterceptingExecutableInvoker.java:104)
	at org.junit.jupiter.engine.execution.InterceptingExecutableInvoker.invoke(InterceptingExecutableInvoker.java:98)
	at org.junit.jupiter.engine.execution.InterceptingExecutableInvoker.invokeVoid(InterceptingExecutableInvoker.java:71)
	at org.junit.jupiter.engine.descriptor.TestMethodTestDescriptor.lambda$invokeTestMethod$0(TestMethodTestDescriptor.java:219)
	at org.junit.platform.engine.support.hierarchical.ThrowableCollector.execute(ThrowableCollector.java:74)
	at org.junit.jupiter.engine.descriptor.TestMethodTestDescriptor.invokeTestMethod(TestMethodTestDescriptor.java:215)
	at org.junit.jupiter.engine.descriptor.TestMethodTestDescriptor.execute(TestMethodTestDescriptor.java:157)
	at org.junit.jupiter.engine.descriptor.TestMethodTestDescriptor.execute(TestMethodTestDescriptor.java:70)
	at org.junit.platform.engine.support.hierarchical.NodeTestTask.lambda$executeRecursively$2(NodeTestTask.java:176)
	at org.junit.platform.engine.support.hierarchical.ThrowableCollector.execute(ThrowableCollector.java:74)
	at org.junit.platform.engine.support.hierarchical.NodeTestTask.lambda$executeRecursively$1(NodeTestTask.java:166)
	at org.junit.platform.engine.support.hierarchical.Node.around(Node.java:138)
	at org.junit.platform.engine.support.hierarchical.NodeTestTask.lambda$executeRecursively$0(NodeTestTask.java:164)
	at org.junit.platform.engine.support.hierarchical.ThrowableCollector.execute(ThrowableCollector.java:74)
	at org.junit.platform.engine.support.hierarchical.NodeTestTask.executeRecursively(NodeTestTask.java:163)
	at org.junit.platform.engine.support.hierarchical.NodeTestTask.execute(NodeTestTask.java:116)
	at java.base/java.util.ArrayList.forEach(ArrayList.java:1604)
	at org.junit.platform.engine.support.hierarchical.SameThreadHierarchicalTestExecutorService.invokeAll(SameThreadHierarchicalTestExecutorService.java:42)
	at org.junit.platform.engine.support.hierarchical.NodeTestTask.lambda$executeRecursively$2(NodeTestTask.java:180)
	at org.junit.platform.engine.support.hierarchical.ThrowableCollector.execute(ThrowableCollector.java:74)
	at org.junit.platform.engine.support.hierarchical.NodeTestTask.lambda$executeRecursively$1(NodeTestTask.java:166)
	at org.junit.platform.engine.support.hierarchical.Node.around(Node.java:138)
	at org.junit.platform.engine.support.hierarchical.NodeTestTask.lambda$executeRecursively$0(NodeTestTask.java:164)
	at org.junit.platform.engine.support.hierarchical.ThrowableCollector.execute(ThrowableCollector.java:74)
	at org.junit.platform.engine.support.hierarchical.NodeTestTask.executeRecursively(NodeTestTask.java:163)
	at org.junit.platform.engine.support.hierarchical.NodeTestTask.execute(NodeTestTask.java:116)
	at java.base/java.util.ArrayList.forEach(ArrayList.java:1604)
	at org.junit.platform.engine.support.hierarchical.SameThreadHierarchicalTestExecutorService.invokeAll(SameThreadHierarchicalTestExecutorService.java:42)
	at org.junit.platform.engine.support.hierarchical.NodeTestTask.lambda$executeRecursively$2(NodeTestTask.java:180)
	at org.junit.platform.engine.support.hierarchical.ThrowableCollector.execute(ThrowableCollector.java:74)
	at org.junit.platform.engine.support.hierarchical.NodeTestTask.lambda$executeRecursively$1(NodeTestTask.java:166)
	at org.junit.platform.engine.support.hierarchical.Node.around(Node.java:138)
	at org.junit.platform.engine.support.hierarchical.NodeTestTask.lambda$executeRecursively$0(NodeTestTask.java:164)
	at org.junit.platform.engine.support.hierarchical.ThrowableCollector.execute(ThrowableCollector.java:74)
	at org.junit.platform.engine.support.hierarchical.NodeTestTask.executeRecursively(NodeTestTask.java:163)
	at org.junit.platform.engine.support.hierarchical.NodeTestTask.execute(NodeTestTask.java:116)
	at org.junit.platform.engine.support.hierarchical.SameThreadHierarchicalTestExecutorService.submit(SameThreadHierarchicalTestExecutorService.java:36)
	at org.junit.platform.engine.support.hierarchical.HierarchicalTestExecutor.execute(HierarchicalTestExecutor.java:52)
	at org.junit.platform.engine.support.hierarchical.HierarchicalTestEngine.execute(HierarchicalTestEngine.java:58)
	at org.junit.platform.launcher.core.EngineExecutionOrchestrator.executeEngine(EngineExecutionOrchestrator.java:246)
	at org.junit.platform.launcher.core.EngineExecutionOrchestrator.failOrExecuteEngine(EngineExecutionOrchestrator.java:218)
	at org.junit.platform.launcher.core.EngineExecutionOrchestrator.execute(EngineExecutionOrchestrator.java:179)
	at org.junit.platform.launcher.core.EngineExecutionOrchestrator.execute(EngineExecutionOrchestrator.java:108)
	at org.junit.platform.launcher.core.EngineExecutionOrchestrator.lambda$execute$0(EngineExecutionOrchestrator.java:66)
	at org.junit.platform.launcher.core.EngineExecutionOrchestrator.withInterceptedStreams(EngineExecutionOrchestrator.java:157)
	at org.junit.platform.launcher.core.EngineExecutionOrchestrator.execute(EngineExecutionOrchestrator.java:65)
	at org.junit.platform.launcher.core.DefaultLauncher.execute(DefaultLauncher.java:125)
	at org.junit.platform.launcher.core.DefaultLauncher.execute(DefaultLauncher.java:114)
	at org.junit.platform.launcher.core.DefaultLauncher.execute(DefaultLauncher.java:93)
	at org.junit.platform.launcher.core.DelegatingLauncher.execute(DelegatingLauncher.java:48)
	at org.junit.platform.launcher.core.InterceptingLauncher.lambda$execute$0(InterceptingLauncher.java:41)
	at org.junit.platform.launcher.core.ClasspathAlignmentCheckingLauncherInterceptor.intercept(ClasspathAlignmentCheckingLauncherInterceptor.java:25)
	at org.junit.platform.launcher.core.InterceptingLauncher.execute(InterceptingLauncher.java:40)
	at org.junit.platform.launcher.core.DelegatingLauncher.execute(DelegatingLauncher.java:48)
	at org.junit.platform.launcher.core.SessionPerRequestLauncher.execute(SessionPerRequestLauncher.java:67)
	at com.intellij.junit6.JUnit6IdeaTestRunner.startRunnerWithArgs(JUnit6IdeaTestRunner.java:67)
	at com.intellij.rt.junit.IdeaTestRunner$Repeater$1.execute(IdeaTestRunner.java:38)
	at com.intellij.rt.execution.junit.TestsRepeater.repeat(TestsRepeater.java:11)
	at com.intellij.rt.junit.IdeaTestRunner$Repeater.startRunnerWithArgs(IdeaTestRunner.java:35)
	at com.intellij.rt.junit.JUnitStarter.prepareStreamsAndStart(JUnitStarter.java:237)
	at com.intellij.rt.junit.JUnitStarter.main(JUnitStarter.java:58)
Caused by: java.sql.SQLSyntaxErrorException: Table 'mytestresourcerdb.requests' doesn't exist
	at com.mysql.cj.jdbc.exceptions.SQLError.createSQLException(SQLError.java:112)
	at com.mysql.cj.jdbc.exceptions.SQLExceptionsMapping.translateException(SQLExceptionsMapping.java:114)
	at com.mysql.cj.jdbc.ClientPreparedStatement.executeInternal(ClientPreparedStatement.java:988)
	at com.mysql.cj.jdbc.ClientPreparedStatement.executeQuery(ClientPreparedStatement.java:1056)
	at com.zaxxer.hikari.pool.ProxyPreparedStatement.executeQuery(ProxyPreparedStatement.java:52)
	at com.zaxxer.hikari.pool.HikariProxyPreparedStatement.executeQuery(HikariProxyPreparedStatement.java)
	at org.springframework.jdbc.core.JdbcTemplate.lambda$query$0(JdbcTemplate.java:738)
	at org.springframework.jdbc.core.JdbcTemplate.execute(JdbcTemplate.java:670)
	... 103 more
2026-05-05 11:10:11.164 INFO  --> Closing JPA EntityManagerFactory for persistence unit 'default'
2026-05-05 11:10:11.166 INFO  --> HikariPool-1 - Shutdown initiated...
2026-05-05 11:10:11.176 INFO  --> HikariPool-1 - Shutdown completed.
2026-05-05 11:11:28.370 INFO  --> Starting AllDeleteEndpointsTest using Java 25.0.2 with PID 70905 (started by etech in /Users/etech/Documents/OOP Project Materials/MyResourcer)
2026-05-05 11:11:28.378 DEBUG --> Running with Spring Boot v4.0.3, Spring v7.0.5
2026-05-05 11:11:28.379 INFO  --> No active profile set, falling back to 1 default profile: "default"
2026-05-05 11:11:28.858 INFO  --> Bootstrapping Spring Data JPA repositories in DEFAULT mode.
2026-05-05 11:11:28.902 INFO  --> Finished Spring Data repository scanning in 35 ms. Found 9 JPA repository interfaces.
2026-05-05 11:11:29.842 INFO  --> HHH008540: Processing PersistenceUnitInfo [name: default]
2026-05-05 11:11:29.875 INFO  --> HHH000001: Hibernate ORM core version 7.2.4.Final
2026-05-05 11:11:30.053 INFO  --> No LoadTimeWeaver setup: ignoring JPA class transformer
2026-05-05 11:11:30.077 INFO  --> HikariPool-1 - Starting...
2026-05-05 11:11:30.370 INFO  --> HikariPool-1 - Added connection com.mysql.cj.jdbc.ConnectionImpl@7b8b755d
2026-05-05 11:11:30.370 INFO  --> HikariPool-1 - Start completed.
2026-05-05 11:11:30.434 INFO  --> HHH10001005: Database info:
	Database JDBC URL [jdbc:mysql://localhost:3306/myTestResourcerDB?createDatabaseIfNotExist=true]
	Database driver: MySQL Connector/J
	Database dialect: MySQLDialect
	Database version: 9.6
	Default catalog/schema: myTestResourcerDB/undefined
	Autocommit mode: undefined/unknown
	Isolation level: REPEATABLE_READ [default REPEATABLE_READ]
	JDBC fetch size: none
	Pool: DataSourceConnectionProvider
	Minimum pool size: undefined/unknown
	Maximum pool size: undefined/unknown
2026-05-05 11:11:30.872 INFO  --> HHH000489: No JTA platform available (set 'hibernate.transaction.jta.platform' to enable JTA platform integration)
2026-05-05 11:11:30.956 INFO  --> Initialized JPA EntityManagerFactory for persistence unit 'default'
2026-05-05 11:11:31.003 INFO  --> Hibernate is in classpath; If applicable, HQL parser will be used.
2026-05-05 11:11:31.128 WARN  --> spring.jpa.open-in-view is enabled by default. Therefore, database queries may be performed during view rendering. Explicitly configure spring.jpa.open-in-view to disable this warning
2026-05-05 11:11:31.186 INFO  --> Global AuthenticationManager configured with UserDetailsService bean with name customUserDetailsService
2026-05-05 11:11:31.286 INFO  --> Adding welcome page template: index
2026-05-05 11:11:31.474 INFO  --> Initializing Spring TestDispatcherServlet ''
2026-05-05 11:11:31.474 INFO  --> Initializing Servlet ''
2026-05-05 11:11:31.475 INFO  --> Completed initialization in 1 ms
2026-05-05 11:11:31.492 INFO  --> Started AllDeleteEndpointsTest in 3.391 seconds (process running for 4.462)
2026-05-05 11:11:31.559 INFO  --> Deleting request with ID: 1
2026-05-05 11:11:31.594 DEBUG --> Request 1 successfully deleted.
2026-05-05 11:11:31.616 INFO  --> Closing JPA EntityManagerFactory for persistence unit 'default'
2026-05-05 11:11:31.617 INFO  --> HikariPool-1 - Shutdown initiated...
2026-05-05 11:11:31.620 INFO  --> HikariPool-1 - Shutdown completed.
2026-05-05 11:12:04.113 INFO  --> Starting AllDeleteEndpointsTest using Java 25.0.2 with PID 70920 (started by etech in /Users/etech/Documents/OOP Project Materials/MyResourcer)
2026-05-05 11:12:04.119 DEBUG --> Running with Spring Boot v4.0.3, Spring v7.0.5
2026-05-05 11:12:04.120 INFO  --> No active profile set, falling back to 1 default profile: "default"
2026-05-05 11:12:04.551 INFO  --> Bootstrapping Spring Data JPA repositories in DEFAULT mode.
2026-05-05 11:12:04.602 INFO  --> Finished Spring Data repository scanning in 42 ms. Found 9 JPA repository interfaces.
2026-05-05 11:12:05.607 INFO  --> HHH008540: Processing PersistenceUnitInfo [name: default]
2026-05-05 11:12:05.638 INFO  --> HHH000001: Hibernate ORM core version 7.2.4.Final
2026-05-05 11:12:05.798 INFO  --> No LoadTimeWeaver setup: ignoring JPA class transformer
2026-05-05 11:12:05.818 INFO  --> HikariPool-1 - Starting...
2026-05-05 11:12:06.072 INFO  --> HikariPool-1 - Added connection com.mysql.cj.jdbc.ConnectionImpl@2726b2f3
2026-05-05 11:12:06.073 INFO  --> HikariPool-1 - Start completed.
2026-05-05 11:12:06.136 INFO  --> HHH10001005: Database info:
	Database JDBC URL [jdbc:mysql://localhost:3306/myTestResourcerDB?createDatabaseIfNotExist=true]
	Database driver: MySQL Connector/J
	Database dialect: MySQLDialect
	Database version: 9.6
	Default catalog/schema: myTestResourcerDB/undefined
	Autocommit mode: undefined/unknown
	Isolation level: REPEATABLE_READ [default REPEATABLE_READ]
	JDBC fetch size: none
	Pool: DataSourceConnectionProvider
	Minimum pool size: undefined/unknown
	Maximum pool size: undefined/unknown
2026-05-05 11:12:06.610 INFO  --> HHH000489: No JTA platform available (set 'hibernate.transaction.jta.platform' to enable JTA platform integration)
2026-05-05 11:12:06.672 INFO  --> Initialized JPA EntityManagerFactory for persistence unit 'default'
2026-05-05 11:12:06.723 INFO  --> Hibernate is in classpath; If applicable, HQL parser will be used.
2026-05-05 11:12:06.867 WARN  --> spring.jpa.open-in-view is enabled by default. Therefore, database queries may be performed during view rendering. Explicitly configure spring.jpa.open-in-view to disable this warning
2026-05-05 11:12:06.922 INFO  --> Global AuthenticationManager configured with UserDetailsService bean with name customUserDetailsService
2026-05-05 11:12:07.019 INFO  --> Adding welcome page template: index
2026-05-05 11:12:07.209 INFO  --> Initializing Spring TestDispatcherServlet ''
2026-05-05 11:12:07.209 INFO  --> Initializing Servlet ''
2026-05-05 11:12:07.210 INFO  --> Completed initialization in 0 ms
2026-05-05 11:12:07.227 INFO  --> Started AllDeleteEndpointsTest in 3.345 seconds (process running for 4.397)
2026-05-05 11:12:07.317 INFO  --> Deleting department with ID: 1
2026-05-05 11:12:07.320 DEBUG --> Department 1 successfully deleted.
2026-05-05 11:12:07.351 INFO  --> Deleting request with ID: 1
2026-05-05 11:12:07.361 WARN  --> Request 1 could not be found or deleted.
2026-05-05 11:12:07.436 INFO  --> Updating asset with ID: 1
2026-05-05 11:12:07.436 DEBUG --> Asset 1 successfully updated.
2026-05-05 11:12:07.443 INFO  --> Deleting condition with ID: 1
2026-05-05 11:12:07.444 DEBUG --> Condition 1 successfully deleted.
2026-05-05 11:12:07.450 INFO  --> Deleting status with ID: 1
2026-05-05 11:12:07.451 DEBUG --> Status 1 successfully deleted
2026-05-05 11:12:07.457 INFO  --> Deleting category with ID: 1
2026-05-05 11:12:07.458 DEBUG --> Category 1 succesfully deleted.
2026-05-05 11:12:07.463 INFO  --> Deleting role with ID: 1
2026-05-05 11:12:07.463 DEBUG --> Role 1 successfully deleted.
2026-05-05 11:12:07.470 INFO  --> Deleting user with ID: 1
2026-05-05 11:12:07.471 DEBUG --> User 1 successfully deleted.
2026-05-05 11:12:07.490 INFO  --> Closing JPA EntityManagerFactory for persistence unit 'default'
2026-05-05 11:12:07.493 INFO  --> HikariPool-1 - Shutdown initiated...
2026-05-05 11:12:07.502 INFO  --> HikariPool-1 - Shutdown completed.
2026-05-05 11:12:24.848 INFO  --> Starting AllDeleteEndpointsTest using Java 25.0.2 with PID 70933 (started by etech in /Users/etech/Documents/OOP Project Materials/MyResourcer)
2026-05-05 11:12:24.858 DEBUG --> Running with Spring Boot v4.0.3, Spring v7.0.5
2026-05-05 11:12:24.859 INFO  --> No active profile set, falling back to 1 default profile: "default"
2026-05-05 11:12:25.223 INFO  --> Bootstrapping Spring Data JPA repositories in DEFAULT mode.
2026-05-05 11:12:25.258 INFO  --> Finished Spring Data repository scanning in 29 ms. Found 9 JPA repository interfaces.
2026-05-05 11:12:26.103 INFO  --> HHH008540: Processing PersistenceUnitInfo [name: default]
2026-05-05 11:12:26.131 INFO  --> HHH000001: Hibernate ORM core version 7.2.4.Final
2026-05-05 11:12:26.274 INFO  --> No LoadTimeWeaver setup: ignoring JPA class transformer
2026-05-05 11:12:26.293 INFO  --> HikariPool-1 - Starting...
2026-05-05 11:12:26.505 INFO  --> HikariPool-1 - Added connection com.mysql.cj.jdbc.ConnectionImpl@7b8b755d
2026-05-05 11:12:26.506 INFO  --> HikariPool-1 - Start completed.
2026-05-05 11:12:26.551 INFO  --> HHH10001005: Database info:
	Database JDBC URL [jdbc:mysql://localhost:3306/myTestResourcerDB?createDatabaseIfNotExist=true]
	Database driver: MySQL Connector/J
	Database dialect: MySQLDialect
	Database version: 9.6
	Default catalog/schema: myTestResourcerDB/undefined
	Autocommit mode: undefined/unknown
	Isolation level: REPEATABLE_READ [default REPEATABLE_READ]
	JDBC fetch size: none
	Pool: DataSourceConnectionProvider
	Minimum pool size: undefined/unknown
	Maximum pool size: undefined/unknown
2026-05-05 11:12:26.964 INFO  --> HHH000489: No JTA platform available (set 'hibernate.transaction.jta.platform' to enable JTA platform integration)
2026-05-05 11:12:27.025 INFO  --> Initialized JPA EntityManagerFactory for persistence unit 'default'
2026-05-05 11:12:27.071 INFO  --> Hibernate is in classpath; If applicable, HQL parser will be used.
2026-05-05 11:12:27.190 WARN  --> spring.jpa.open-in-view is enabled by default. Therefore, database queries may be performed during view rendering. Explicitly configure spring.jpa.open-in-view to disable this warning
2026-05-05 11:12:27.249 INFO  --> Global AuthenticationManager configured with UserDetailsService bean with name customUserDetailsService
2026-05-05 11:12:27.364 INFO  --> Adding welcome page template: index
2026-05-05 11:12:27.528 INFO  --> Initializing Spring TestDispatcherServlet ''
2026-05-05 11:12:27.528 INFO  --> Initializing Servlet ''
2026-05-05 11:12:27.529 INFO  --> Completed initialization in 1 ms
2026-05-05 11:12:27.551 INFO  --> Started AllDeleteEndpointsTest in 2.92 seconds (process running for 3.754)
2026-05-05 11:12:27.618 INFO  --> Deleting request with ID: 1
2026-05-05 11:12:27.634 WARN  --> Request 1 could not be found or deleted.
2026-05-05 11:12:27.688 INFO  --> Closing JPA EntityManagerFactory for persistence unit 'default'
2026-05-05 11:12:27.692 INFO  --> HikariPool-1 - Shutdown initiated...
2026-05-05 11:12:27.698 INFO  --> HikariPool-1 - Shutdown completed.
2026-05-05 11:12:42.370 INFO  --> Starting AllDeleteEndpointsTest using Java 25.0.2 with PID 70943 (started by etech in /Users/etech/Documents/OOP Project Materials/MyResourcer)
2026-05-05 11:12:42.384 DEBUG --> Running with Spring Boot v4.0.3, Spring v7.0.5
2026-05-05 11:12:42.385 INFO  --> No active profile set, falling back to 1 default profile: "default"
2026-05-05 11:12:42.817 INFO  --> Bootstrapping Spring Data JPA repositories in DEFAULT mode.
2026-05-05 11:12:42.866 INFO  --> Finished Spring Data repository scanning in 42 ms. Found 9 JPA repository interfaces.
2026-05-05 11:12:43.775 INFO  --> HHH008540: Processing PersistenceUnitInfo [name: default]
2026-05-05 11:12:43.807 INFO  --> HHH000001: Hibernate ORM core version 7.2.4.Final
2026-05-05 11:12:43.955 INFO  --> No LoadTimeWeaver setup: ignoring JPA class transformer
2026-05-05 11:12:43.974 INFO  --> HikariPool-1 - Starting...
2026-05-05 11:12:44.210 INFO  --> HikariPool-1 - Added connection com.mysql.cj.jdbc.ConnectionImpl@7b8b755d
2026-05-05 11:12:44.210 INFO  --> HikariPool-1 - Start completed.
2026-05-05 11:12:44.258 INFO  --> HHH10001005: Database info:
	Database JDBC URL [jdbc:mysql://localhost:3306/myTestResourcerDB?createDatabaseIfNotExist=true]
	Database driver: MySQL Connector/J
	Database dialect: MySQLDialect
	Database version: 9.6
	Default catalog/schema: myTestResourcerDB/undefined
	Autocommit mode: undefined/unknown
	Isolation level: REPEATABLE_READ [default REPEATABLE_READ]
	JDBC fetch size: none
	Pool: DataSourceConnectionProvider
	Minimum pool size: undefined/unknown
	Maximum pool size: undefined/unknown
2026-05-05 11:12:44.834 INFO  --> HHH000489: No JTA platform available (set 'hibernate.transaction.jta.platform' to enable JTA platform integration)
2026-05-05 11:12:44.916 INFO  --> Initialized JPA EntityManagerFactory for persistence unit 'default'
2026-05-05 11:12:45.004 INFO  --> Hibernate is in classpath; If applicable, HQL parser will be used.
2026-05-05 11:12:45.271 WARN  --> spring.jpa.open-in-view is enabled by default. Therefore, database queries may be performed during view rendering. Explicitly configure spring.jpa.open-in-view to disable this warning
2026-05-05 11:12:45.327 INFO  --> Global AuthenticationManager configured with UserDetailsService bean with name customUserDetailsService
2026-05-05 11:12:45.442 INFO  --> Adding welcome page template: index
2026-05-05 11:12:45.618 INFO  --> Initializing Spring TestDispatcherServlet ''
2026-05-05 11:12:45.618 INFO  --> Initializing Servlet ''
2026-05-05 11:12:45.619 INFO  --> Completed initialization in 1 ms
2026-05-05 11:12:45.635 INFO  --> Started AllDeleteEndpointsTest in 3.49 seconds (process running for 4.682)
2026-05-05 11:12:45.721 INFO  --> Deleting request with ID: 1
2026-05-05 11:12:45.730 WARN  --> Request 1 could not be found or deleted.
2026-05-05 11:12:45.762 INFO  --> Closing JPA EntityManagerFactory for persistence unit 'default'
2026-05-05 11:12:45.763 INFO  --> HikariPool-1 - Shutdown initiated...
2026-05-05 11:12:45.767 INFO  --> HikariPool-1 - Shutdown completed.
2026-05-05 11:15:12.965 INFO  --> Commencing graceful shutdown. Waiting for active requests to complete
2026-05-05 11:15:13.075 INFO  --> Graceful shutdown complete
2026-05-05 11:15:13.103 INFO  --> Closing JPA EntityManagerFactory for persistence unit 'default'
2026-05-05 11:15:13.136 INFO  --> HikariPool-1 - Shutdown initiated...
2026-05-05 11:15:13.148 INFO  --> HikariPool-1 - Shutdown completed.
2026-05-05 11:15:23.015 INFO  --> Starting AllDeleteEndpointsTest using Java 25.0.2 with PID 70975 (started by etech in /Users/etech/Documents/OOP Project Materials/MyResourcer)
2026-05-05 11:15:23.019 DEBUG --> Running with Spring Boot v4.0.3, Spring v7.0.5
2026-05-05 11:15:23.019 INFO  --> No active profile set, falling back to 1 default profile: "default"
2026-05-05 11:15:23.469 INFO  --> Bootstrapping Spring Data JPA repositories in DEFAULT mode.
2026-05-05 11:15:23.506 INFO  --> Finished Spring Data repository scanning in 29 ms. Found 9 JPA repository interfaces.
2026-05-05 11:15:24.459 INFO  --> HHH008540: Processing PersistenceUnitInfo [name: default]
2026-05-05 11:15:24.493 INFO  --> HHH000001: Hibernate ORM core version 7.2.4.Final
2026-05-05 11:15:24.652 INFO  --> No LoadTimeWeaver setup: ignoring JPA class transformer
2026-05-05 11:15:24.674 INFO  --> HikariPool-1 - Starting...
2026-05-05 11:15:24.971 INFO  --> HikariPool-1 - Added connection com.mysql.cj.jdbc.ConnectionImpl@7b8b755d
2026-05-05 11:15:24.972 INFO  --> HikariPool-1 - Start completed.
2026-05-05 11:15:25.038 INFO  --> HHH10001005: Database info:
	Database JDBC URL [jdbc:mysql://localhost:3306/myTestResourcerDB?createDatabaseIfNotExist=true]
	Database driver: MySQL Connector/J
	Database dialect: MySQLDialect
	Database version: 9.6
	Default catalog/schema: myTestResourcerDB/undefined
	Autocommit mode: undefined/unknown
	Isolation level: REPEATABLE_READ [default REPEATABLE_READ]
	JDBC fetch size: none
	Pool: DataSourceConnectionProvider
	Minimum pool size: undefined/unknown
	Maximum pool size: undefined/unknown
2026-05-05 11:15:25.486 INFO  --> HHH000489: No JTA platform available (set 'hibernate.transaction.jta.platform' to enable JTA platform integration)
2026-05-05 11:15:25.563 INFO  --> Initialized JPA EntityManagerFactory for persistence unit 'default'
2026-05-05 11:15:25.615 INFO  --> Hibernate is in classpath; If applicable, HQL parser will be used.
2026-05-05 11:15:25.745 WARN  --> spring.jpa.open-in-view is enabled by default. Therefore, database queries may be performed during view rendering. Explicitly configure spring.jpa.open-in-view to disable this warning
2026-05-05 11:15:25.797 INFO  --> Global AuthenticationManager configured with UserDetailsService bean with name customUserDetailsService
2026-05-05 11:15:25.907 INFO  --> Adding welcome page template: index
2026-05-05 11:15:26.089 INFO  --> Initializing Spring TestDispatcherServlet ''
2026-05-05 11:15:26.089 INFO  --> Initializing Servlet ''
2026-05-05 11:15:26.090 INFO  --> Completed initialization in 1 ms
2026-05-05 11:15:26.107 INFO  --> Started AllDeleteEndpointsTest in 3.425 seconds (process running for 4.549)
2026-05-05 11:15:26.181 INFO  --> Deleting request with ID: 1
2026-05-05 11:15:26.192 WARN  --> Request 1 could not be found or deleted.
2026-05-05 11:15:26.222 INFO  --> Closing JPA EntityManagerFactory for persistence unit 'default'
2026-05-05 11:15:26.224 INFO  --> HikariPool-1 - Shutdown initiated...
2026-05-05 11:15:26.230 INFO  --> HikariPool-1 - Shutdown completed.
2026-05-05 11:17:23.820 INFO  --> Starting AllDeleteEndpointsTest using Java 25.0.2 with PID 71010 (started by etech in /Users/etech/Documents/OOP Project Materials/MyResourcer)
2026-05-05 11:17:23.830 DEBUG --> Running with Spring Boot v4.0.3, Spring v7.0.5
2026-05-05 11:17:23.831 INFO  --> No active profile set, falling back to 1 default profile: "default"
2026-05-05 11:17:24.221 INFO  --> Bootstrapping Spring Data JPA repositories in DEFAULT mode.
2026-05-05 11:17:24.260 INFO  --> Finished Spring Data repository scanning in 32 ms. Found 9 JPA repository interfaces.
2026-05-05 11:17:25.190 INFO  --> HHH008540: Processing PersistenceUnitInfo [name: default]
2026-05-05 11:17:25.226 INFO  --> HHH000001: Hibernate ORM core version 7.2.4.Final
2026-05-05 11:17:25.386 INFO  --> No LoadTimeWeaver setup: ignoring JPA class transformer
2026-05-05 11:17:25.410 INFO  --> HikariPool-1 - Starting...
2026-05-05 11:17:25.696 INFO  --> HikariPool-1 - Added connection com.mysql.cj.jdbc.ConnectionImpl@7b8b755d
2026-05-05 11:17:25.697 INFO  --> HikariPool-1 - Start completed.
2026-05-05 11:17:25.773 INFO  --> HHH10001005: Database info:
	Database JDBC URL [jdbc:mysql://localhost:3306/myTestResourcerDB?createDatabaseIfNotExist=true]
	Database driver: MySQL Connector/J
	Database dialect: MySQLDialect
	Database version: 9.6
	Default catalog/schema: myTestResourcerDB/undefined
	Autocommit mode: undefined/unknown
	Isolation level: REPEATABLE_READ [default REPEATABLE_READ]
	JDBC fetch size: none
	Pool: DataSourceConnectionProvider
	Minimum pool size: undefined/unknown
	Maximum pool size: undefined/unknown
2026-05-05 11:17:26.206 INFO  --> HHH000489: No JTA platform available (set 'hibernate.transaction.jta.platform' to enable JTA platform integration)
2026-05-05 11:17:26.290 INFO  --> Initialized JPA EntityManagerFactory for persistence unit 'default'
2026-05-05 11:17:26.336 INFO  --> Hibernate is in classpath; If applicable, HQL parser will be used.
2026-05-05 11:17:26.468 WARN  --> spring.jpa.open-in-view is enabled by default. Therefore, database queries may be performed during view rendering. Explicitly configure spring.jpa.open-in-view to disable this warning
2026-05-05 11:17:26.524 INFO  --> Global AuthenticationManager configured with UserDetailsService bean with name customUserDetailsService
2026-05-05 11:17:26.635 INFO  --> Adding welcome page template: index
2026-05-05 11:17:26.805 INFO  --> Initializing Spring TestDispatcherServlet ''
2026-05-05 11:17:26.805 INFO  --> Initializing Servlet ''
2026-05-05 11:17:26.806 INFO  --> Completed initialization in 1 ms
2026-05-05 11:17:26.821 INFO  --> Started AllDeleteEndpointsTest in 3.226 seconds (process running for 4.786)
2026-05-05 11:17:26.901 INFO  --> Deleting request with ID: 1
2026-05-05 11:17:26.913 DEBUG --> Request 1 successfully deleted.
2026-05-05 11:17:26.936 INFO  --> Closing JPA EntityManagerFactory for persistence unit 'default'
2026-05-05 11:17:26.938 INFO  --> HikariPool-1 - Shutdown initiated...
2026-05-05 11:17:26.941 INFO  --> HikariPool-1 - Shutdown completed.
2026-05-05 11:24:37.734 INFO  --> Starting AllPutEndpointTest using Java 25.0.2 with PID 71088 (started by etech in /Users/etech/Documents/OOP Project Materials/MyResourcer)
2026-05-05 11:24:37.741 DEBUG --> Running with Spring Boot v4.0.3, Spring v7.0.5
2026-05-05 11:24:37.742 INFO  --> No active profile set, falling back to 1 default profile: "default"
2026-05-05 11:24:38.348 INFO  --> Bootstrapping Spring Data JPA repositories in DEFAULT mode.
2026-05-05 11:24:38.398 INFO  --> Finished Spring Data repository scanning in 37 ms. Found 9 JPA repository interfaces.
2026-05-05 11:24:39.513 INFO  --> HHH008540: Processing PersistenceUnitInfo [name: default]
2026-05-05 11:24:39.558 INFO  --> HHH000001: Hibernate ORM core version 7.2.4.Final
2026-05-05 11:24:39.819 INFO  --> No LoadTimeWeaver setup: ignoring JPA class transformer
2026-05-05 11:24:39.848 INFO  --> HikariPool-1 - Starting...
2026-05-05 11:24:40.206 INFO  --> HikariPool-1 - Added connection com.mysql.cj.jdbc.ConnectionImpl@2726b2f3
2026-05-05 11:24:40.207 INFO  --> HikariPool-1 - Start completed.
2026-05-05 11:24:40.278 INFO  --> HHH10001005: Database info:
	Database JDBC URL [jdbc:mysql://localhost:3306/myTestResourcerDB?createDatabaseIfNotExist=true]
	Database driver: MySQL Connector/J
	Database dialect: MySQLDialect
	Database version: 9.6
	Default catalog/schema: myTestResourcerDB/undefined
	Autocommit mode: undefined/unknown
	Isolation level: REPEATABLE_READ [default REPEATABLE_READ]
	JDBC fetch size: none
	Pool: DataSourceConnectionProvider
	Minimum pool size: undefined/unknown
	Maximum pool size: undefined/unknown
2026-05-05 11:24:40.884 INFO  --> HHH000489: No JTA platform available (set 'hibernate.transaction.jta.platform' to enable JTA platform integration)
2026-05-05 11:24:40.991 INFO  --> Initialized JPA EntityManagerFactory for persistence unit 'default'
2026-05-05 11:24:41.066 INFO  --> Hibernate is in classpath; If applicable, HQL parser will be used.
2026-05-05 11:24:41.236 WARN  --> spring.jpa.open-in-view is enabled by default. Therefore, database queries may be performed during view rendering. Explicitly configure spring.jpa.open-in-view to disable this warning
2026-05-05 11:24:41.296 INFO  --> Global AuthenticationManager configured with UserDetailsService bean with name customUserDetailsService
2026-05-05 11:24:41.430 INFO  --> Adding welcome page template: index
2026-05-05 11:24:41.622 INFO  --> Initializing Spring TestDispatcherServlet ''
2026-05-05 11:24:41.622 INFO  --> Initializing Servlet ''
2026-05-05 11:24:41.623 INFO  --> Completed initialization in 1 ms
2026-05-05 11:24:41.639 INFO  --> Started AllPutEndpointTest in 4.246 seconds (process running for 5.39)
2026-05-05 11:24:41.763 INFO  --> Updating department with ID: 1
2026-05-05 11:24:41.764 DEBUG --> Department 1 successfully updated.
2026-05-05 11:24:41.791 INFO  --> Updating asset with ID: 1
2026-05-05 11:24:41.791 DEBUG --> Asset 1 successfully updated.
2026-05-05 11:24:41.798 INFO  --> Updating role with ID: 1
2026-05-05 11:24:41.798 DEBUG --> Role 1 successfully updated.
2026-05-05 11:24:41.808 INFO  --> Updating user with ID: 1
2026-05-05 11:24:41.808 DEBUG --> User 1 successfully updated.
2026-05-05 11:24:41.818 INFO  --> Updating category with ID: 1
2026-05-05 11:24:41.818 DEBUG --> Category 1 successfully updated.
2026-05-05 11:24:41.833 INFO  --> Updating status with ID: 1
2026-05-05 11:24:41.834 DEBUG --> Status 1 successfully updated.
2026-05-05 11:24:41.847 INFO  --> Updating condition with ID: 1
2026-05-05 11:24:41.848 DEBUG --> Condition 1 successfully updated.
2026-05-05 11:24:41.860 INFO  --> Updating request with ID: 1
2026-05-05 11:24:41.897 ERROR --> Failed to update request with ID: 1
org.springframework.jdbc.BadSqlGrammarException: PreparedStatementCallback; bad SQL grammar [SELECT COUNT(*) FROM requests WHERE request_id = ?]
	at org.springframework.jdbc.support.SQLExceptionSubclassTranslator.doTranslate(SQLExceptionSubclassTranslator.java:112)
	at org.springframework.jdbc.support.AbstractFallbackSQLExceptionTranslator.translate(AbstractFallbackSQLExceptionTranslator.java:102)
	at org.springframework.jdbc.core.JdbcTemplate.translateException(JdbcTemplate.java:1549)
	at org.springframework.jdbc.core.JdbcTemplate.execute(JdbcTemplate.java:689)
	at org.springframework.jdbc.core.JdbcTemplate.query(JdbcTemplate.java:732)
	at org.springframework.jdbc.core.JdbcTemplate.query(JdbcTemplate.java:757)
	at org.springframework.jdbc.core.JdbcTemplate.queryForObject(JdbcTemplate.java:893)
	at org.springframework.jdbc.core.JdbcTemplate.queryForObject(JdbcTemplate.java:907)
	at com.myresourcer.MyResourcer.Services.UPDATE_ServiceManager.updateRequest(UPDATE_ServiceManager.java:55)
	at com.myresourcer.MyResourcer.Controllers.UPDATE_API_Controller.updateRequest(UPDATE_API_Controller.java:31)
	at java.base/jdk.internal.reflect.DirectMethodHandleAccessor.invoke(DirectMethodHandleAccessor.java:104)
	at java.base/java.lang.reflect.Method.invoke(Method.java:565)
	at org.springframework.web.method.support.InvocableHandlerMethod.doInvoke(InvocableHandlerMethod.java:252)
	at org.springframework.web.method.support.InvocableHandlerMethod.invokeForRequest(InvocableHandlerMethod.java:184)
	at org.springframework.web.servlet.mvc.method.annotation.ServletInvocableHandlerMethod.invokeAndHandle(ServletInvocableHandlerMethod.java:117)
	at org.springframework.web.servlet.mvc.method.annotation.RequestMappingHandlerAdapter.invokeHandlerMethod(RequestMappingHandlerAdapter.java:934)
	at org.springframework.web.servlet.mvc.method.annotation.RequestMappingHandlerAdapter.handleInternal(RequestMappingHandlerAdapter.java:853)
	at org.springframework.web.servlet.mvc.method.AbstractHandlerMethodAdapter.handle(AbstractHandlerMethodAdapter.java:86)
	at org.springframework.web.servlet.DispatcherServlet.doDispatch(DispatcherServlet.java:963)
	at org.springframework.web.servlet.DispatcherServlet.doService(DispatcherServlet.java:866)
	at org.springframework.web.servlet.FrameworkServlet.processRequest(FrameworkServlet.java:1000)
	at org.springframework.web.servlet.FrameworkServlet.doPut(FrameworkServlet.java:914)
	at jakarta.servlet.http.HttpServlet.service(HttpServlet.java:650)
	at org.springframework.web.servlet.FrameworkServlet.service(FrameworkServlet.java:874)
	at org.springframework.test.web.servlet.TestDispatcherServlet.service(TestDispatcherServlet.java:72)
	at jakarta.servlet.http.HttpServlet.service(HttpServlet.java:710)
	at org.springframework.mock.web.MockFilterChain$ServletFilterProxy.doFilter(MockFilterChain.java:160)
	at org.springframework.mock.web.MockFilterChain.doFilter(MockFilterChain.java:127)
	at org.springframework.test.web.servlet.MockMvc.perform(MockMvc.java:199)
	at com.myresourcer.MyResourcer.AllUpdateEndpointTest.testUpdateRequest(AllPutEndpointTest.java:52)
	at java.base/jdk.internal.reflect.DirectMethodHandleAccessor.invoke(DirectMethodHandleAccessor.java:104)
	at java.base/java.lang.reflect.Method.invoke(Method.java:565)
	at org.junit.platform.commons.util.ReflectionUtils.invokeMethod(ReflectionUtils.java:701)
	at org.junit.platform.commons.support.ReflectionSupport.invokeMethod(ReflectionSupport.java:502)
	at org.junit.jupiter.engine.support.MethodReflectionUtils.invoke(MethodReflectionUtils.java:45)
	at org.junit.jupiter.engine.execution.MethodInvocation.proceed(MethodInvocation.java:61)
	at org.junit.jupiter.engine.execution.InvocationInterceptorChain$ValidatingInvocation.proceed(InvocationInterceptorChain.java:124)
	at org.junit.jupiter.engine.extension.TimeoutExtension.intercept(TimeoutExtension.java:163)
	at org.junit.jupiter.engine.extension.TimeoutExtension.interceptTestableMethod(TimeoutExtension.java:148)
	at org.junit.jupiter.engine.extension.TimeoutExtension.interceptTestMethod(TimeoutExtension.java:86)
	at org.junit.jupiter.engine.execution.InterceptingExecutableInvoker$ReflectiveInterceptorCall.lambda$ofVoidMethod$0(InterceptingExecutableInvoker.java:123)
	at org.junit.jupiter.engine.execution.InterceptingExecutableInvoker.lambda$invoke$0(InterceptingExecutableInvoker.java:105)
	at org.junit.jupiter.engine.execution.InvocationInterceptorChain$InterceptedInvocation.proceed(InvocationInterceptorChain.java:99)
	at org.junit.jupiter.engine.execution.InvocationInterceptorChain.proceed(InvocationInterceptorChain.java:66)
	at org.junit.jupiter.engine.execution.InvocationInterceptorChain.chainAndInvoke(InvocationInterceptorChain.java:47)
	at org.junit.jupiter.engine.execution.InvocationInterceptorChain.invoke(InvocationInterceptorChain.java:39)
	at org.junit.jupiter.engine.execution.InterceptingExecutableInvoker.invoke(InterceptingExecutableInvoker.java:104)
	at org.junit.jupiter.engine.execution.InterceptingExecutableInvoker.invoke(InterceptingExecutableInvoker.java:98)
	at org.junit.jupiter.engine.execution.InterceptingExecutableInvoker.invokeVoid(InterceptingExecutableInvoker.java:71)
	at org.junit.jupiter.engine.descriptor.TestMethodTestDescriptor.lambda$invokeTestMethod$0(TestMethodTestDescriptor.java:219)
	at org.junit.platform.engine.support.hierarchical.ThrowableCollector.execute(ThrowableCollector.java:74)
	at org.junit.jupiter.engine.descriptor.TestMethodTestDescriptor.invokeTestMethod(TestMethodTestDescriptor.java:215)
	at org.junit.jupiter.engine.descriptor.TestMethodTestDescriptor.execute(TestMethodTestDescriptor.java:157)
	at org.junit.jupiter.engine.descriptor.TestMethodTestDescriptor.execute(TestMethodTestDescriptor.java:70)
	at org.junit.platform.engine.support.hierarchical.NodeTestTask.lambda$executeRecursively$2(NodeTestTask.java:176)
	at org.junit.platform.engine.support.hierarchical.ThrowableCollector.execute(ThrowableCollector.java:74)
	at org.junit.platform.engine.support.hierarchical.NodeTestTask.lambda$executeRecursively$1(NodeTestTask.java:166)
	at org.junit.platform.engine.support.hierarchical.Node.around(Node.java:138)
	at org.junit.platform.engine.support.hierarchical.NodeTestTask.lambda$executeRecursively$0(NodeTestTask.java:164)
	at org.junit.platform.engine.support.hierarchical.ThrowableCollector.execute(ThrowableCollector.java:74)
	at org.junit.platform.engine.support.hierarchical.NodeTestTask.executeRecursively(NodeTestTask.java:163)
	at org.junit.platform.engine.support.hierarchical.NodeTestTask.execute(NodeTestTask.java:116)
	at java.base/java.util.ArrayList.forEach(ArrayList.java:1604)
	at org.junit.platform.engine.support.hierarchical.SameThreadHierarchicalTestExecutorService.invokeAll(SameThreadHierarchicalTestExecutorService.java:42)
	at org.junit.platform.engine.support.hierarchical.NodeTestTask.lambda$executeRecursively$2(NodeTestTask.java:180)
	at org.junit.platform.engine.support.hierarchical.ThrowableCollector.execute(ThrowableCollector.java:74)
	at org.junit.platform.engine.support.hierarchical.NodeTestTask.lambda$executeRecursively$1(NodeTestTask.java:166)
	at org.junit.platform.engine.support.hierarchical.Node.around(Node.java:138)
	at org.junit.platform.engine.support.hierarchical.NodeTestTask.lambda$executeRecursively$0(NodeTestTask.java:164)
	at org.junit.platform.engine.support.hierarchical.ThrowableCollector.execute(ThrowableCollector.java:74)
	at org.junit.platform.engine.support.hierarchical.NodeTestTask.executeRecursively(NodeTestTask.java:163)
	at org.junit.platform.engine.support.hierarchical.NodeTestTask.execute(NodeTestTask.java:116)
	at java.base/java.util.ArrayList.forEach(ArrayList.java:1604)
	at org.junit.platform.engine.support.hierarchical.SameThreadHierarchicalTestExecutorService.invokeAll(SameThreadHierarchicalTestExecutorService.java:42)
	at org.junit.platform.engine.support.hierarchical.NodeTestTask.lambda$executeRecursively$2(NodeTestTask.java:180)
	at org.junit.platform.engine.support.hierarchical.ThrowableCollector.execute(ThrowableCollector.java:74)
	at org.junit.platform.engine.support.hierarchical.NodeTestTask.lambda$executeRecursively$1(NodeTestTask.java:166)
	at org.junit.platform.engine.support.hierarchical.Node.around(Node.java:138)
	at org.junit.platform.engine.support.hierarchical.NodeTestTask.lambda$executeRecursively$0(NodeTestTask.java:164)
	at org.junit.platform.engine.support.hierarchical.ThrowableCollector.execute(ThrowableCollector.java:74)
	at org.junit.platform.engine.support.hierarchical.NodeTestTask.executeRecursively(NodeTestTask.java:163)
	at org.junit.platform.engine.support.hierarchical.NodeTestTask.execute(NodeTestTask.java:116)
	at org.junit.platform.engine.support.hierarchical.SameThreadHierarchicalTestExecutorService.submit(SameThreadHierarchicalTestExecutorService.java:36)
	at org.junit.platform.engine.support.hierarchical.HierarchicalTestExecutor.execute(HierarchicalTestExecutor.java:52)
	at org.junit.platform.engine.support.hierarchical.HierarchicalTestEngine.execute(HierarchicalTestEngine.java:58)
	at org.junit.platform.launcher.core.EngineExecutionOrchestrator.executeEngine(EngineExecutionOrchestrator.java:246)
	at org.junit.platform.launcher.core.EngineExecutionOrchestrator.failOrExecuteEngine(EngineExecutionOrchestrator.java:218)
	at org.junit.platform.launcher.core.EngineExecutionOrchestrator.execute(EngineExecutionOrchestrator.java:179)
	at org.junit.platform.launcher.core.EngineExecutionOrchestrator.execute(EngineExecutionOrchestrator.java:108)
	at org.junit.platform.launcher.core.EngineExecutionOrchestrator.lambda$execute$0(EngineExecutionOrchestrator.java:66)
	at org.junit.platform.launcher.core.EngineExecutionOrchestrator.withInterceptedStreams(EngineExecutionOrchestrator.java:157)
	at org.junit.platform.launcher.core.EngineExecutionOrchestrator.execute(EngineExecutionOrchestrator.java:65)
	at org.junit.platform.launcher.core.DefaultLauncher.execute(DefaultLauncher.java:125)
	at org.junit.platform.launcher.core.DefaultLauncher.execute(DefaultLauncher.java:114)
	at org.junit.platform.launcher.core.DefaultLauncher.execute(DefaultLauncher.java:93)
	at org.junit.platform.launcher.core.DelegatingLauncher.execute(DelegatingLauncher.java:48)
	at org.junit.platform.launcher.core.InterceptingLauncher.lambda$execute$0(InterceptingLauncher.java:41)
	at org.junit.platform.launcher.core.ClasspathAlignmentCheckingLauncherInterceptor.intercept(ClasspathAlignmentCheckingLauncherInterceptor.java:25)
	at org.junit.platform.launcher.core.InterceptingLauncher.execute(InterceptingLauncher.java:40)
	at org.junit.platform.launcher.core.DelegatingLauncher.execute(DelegatingLauncher.java:48)
	at org.junit.platform.launcher.core.SessionPerRequestLauncher.execute(SessionPerRequestLauncher.java:67)
	at com.intellij.junit6.JUnit6IdeaTestRunner.startRunnerWithArgs(JUnit6IdeaTestRunner.java:67)
	at com.intellij.rt.junit.IdeaTestRunner$Repeater$1.execute(IdeaTestRunner.java:38)
	at com.intellij.rt.execution.junit.TestsRepeater.repeat(TestsRepeater.java:11)
	at com.intellij.rt.junit.IdeaTestRunner$Repeater.startRunnerWithArgs(IdeaTestRunner.java:35)
	at com.intellij.rt.junit.JUnitStarter.prepareStreamsAndStart(JUnitStarter.java:237)
	at com.intellij.rt.junit.JUnitStarter.main(JUnitStarter.java:58)
Caused by: java.sql.SQLSyntaxErrorException: Table 'mytestresourcerdb.requests' doesn't exist
	at com.mysql.cj.jdbc.exceptions.SQLError.createSQLException(SQLError.java:112)
	at com.mysql.cj.jdbc.exceptions.SQLExceptionsMapping.translateException(SQLExceptionsMapping.java:114)
	at com.mysql.cj.jdbc.ClientPreparedStatement.executeInternal(ClientPreparedStatement.java:988)
	at com.mysql.cj.jdbc.ClientPreparedStatement.executeQuery(ClientPreparedStatement.java:1056)
	at com.zaxxer.hikari.pool.ProxyPreparedStatement.executeQuery(ProxyPreparedStatement.java:52)
	at com.zaxxer.hikari.pool.HikariProxyPreparedStatement.executeQuery(HikariProxyPreparedStatement.java)
	at org.springframework.jdbc.core.JdbcTemplate.lambda$query$0(JdbcTemplate.java:738)
	at org.springframework.jdbc.core.JdbcTemplate.execute(JdbcTemplate.java:670)
	... 103 more
2026-05-05 11:24:41.921 INFO  --> Closing JPA EntityManagerFactory for persistence unit 'default'
2026-05-05 11:24:41.925 INFO  --> HikariPool-1 - Shutdown initiated...
2026-05-05 11:24:41.931 INFO  --> HikariPool-1 - Shutdown completed.
2026-05-05 11:27:15.474 INFO  --> Starting AllPutEndpointTest using Java 25.0.2 with PID 71124 (started by etech in /Users/etech/Documents/OOP Project Materials/MyResourcer)
2026-05-05 11:27:15.483 DEBUG --> Running with Spring Boot v4.0.3, Spring v7.0.5
2026-05-05 11:27:15.485 INFO  --> No active profile set, falling back to 1 default profile: "default"
2026-05-05 11:27:16.014 INFO  --> Bootstrapping Spring Data JPA repositories in DEFAULT mode.
2026-05-05 11:27:16.055 INFO  --> Finished Spring Data repository scanning in 34 ms. Found 9 JPA repository interfaces.
2026-05-05 11:27:17.104 INFO  --> HHH008540: Processing PersistenceUnitInfo [name: default]
2026-05-05 11:27:17.141 INFO  --> HHH000001: Hibernate ORM core version 7.2.4.Final
2026-05-05 11:27:17.316 INFO  --> No LoadTimeWeaver setup: ignoring JPA class transformer
2026-05-05 11:27:17.346 INFO  --> HikariPool-1 - Starting...
2026-05-05 11:27:17.658 INFO  --> HikariPool-1 - Added connection com.mysql.cj.jdbc.ConnectionImpl@2726b2f3
2026-05-05 11:27:17.659 INFO  --> HikariPool-1 - Start completed.
2026-05-05 11:27:17.773 INFO  --> HHH10001005: Database info:
	Database JDBC URL [jdbc:mysql://localhost:3306/myTestResourcerDB?createDatabaseIfNotExist=true]
	Database driver: MySQL Connector/J
	Database dialect: MySQLDialect
	Database version: 9.6
	Default catalog/schema: myTestResourcerDB/undefined
	Autocommit mode: undefined/unknown
	Isolation level: REPEATABLE_READ [default REPEATABLE_READ]
	JDBC fetch size: none
	Pool: DataSourceConnectionProvider
	Minimum pool size: undefined/unknown
	Maximum pool size: undefined/unknown
2026-05-05 11:27:18.277 INFO  --> HHH000489: No JTA platform available (set 'hibernate.transaction.jta.platform' to enable JTA platform integration)
2026-05-05 11:27:18.368 INFO  --> Initialized JPA EntityManagerFactory for persistence unit 'default'
2026-05-05 11:27:18.418 INFO  --> Hibernate is in classpath; If applicable, HQL parser will be used.
2026-05-05 11:27:18.568 WARN  --> spring.jpa.open-in-view is enabled by default. Therefore, database queries may be performed during view rendering. Explicitly configure spring.jpa.open-in-view to disable this warning
2026-05-05 11:27:18.630 INFO  --> Global AuthenticationManager configured with UserDetailsService bean with name customUserDetailsService
2026-05-05 11:27:18.740 INFO  --> Adding welcome page template: index
2026-05-05 11:27:18.951 INFO  --> Initializing Spring TestDispatcherServlet ''
2026-05-05 11:27:18.951 INFO  --> Initializing Servlet ''
2026-05-05 11:27:18.952 INFO  --> Completed initialization in 1 ms
2026-05-05 11:27:18.977 INFO  --> Started AllPutEndpointTest in 3.764 seconds (process running for 4.865)
2026-05-05 11:27:19.098 INFO  --> Updating department with ID: 1
2026-05-05 11:27:19.106 DEBUG --> Department 1 successfully updated.
2026-05-05 11:27:19.150 INFO  --> Updating asset with ID: 1
2026-05-05 11:27:19.150 DEBUG --> Asset 1 successfully updated.
2026-05-05 11:27:19.159 INFO  --> Updating role with ID: 1
2026-05-05 11:27:19.159 DEBUG --> Role 1 successfully updated.
2026-05-05 11:27:19.177 INFO  --> Updating user with ID: 1
2026-05-05 11:27:19.178 DEBUG --> User 1 successfully updated.
2026-05-05 11:27:19.188 INFO  --> Updating category with ID: 1
2026-05-05 11:27:19.188 DEBUG --> Category 1 successfully updated.
2026-05-05 11:27:19.200 INFO  --> Updating status with ID: 1
2026-05-05 11:27:19.201 DEBUG --> Status 1 successfully updated.
2026-05-05 11:27:19.214 INFO  --> Updating condition with ID: 1
2026-05-05 11:27:19.214 DEBUG --> Condition 1 successfully updated.
2026-05-05 11:27:19.233 INFO  --> Updating request with ID: 1
2026-05-05 11:27:19.262 ERROR --> Failed to update request with ID: 1
org.springframework.jdbc.BadSqlGrammarException: PreparedStatementCallback; bad SQL grammar [SELECT COUNT(*) FROM requests WHERE request_id = ?]
	at org.springframework.jdbc.support.SQLExceptionSubclassTranslator.doTranslate(SQLExceptionSubclassTranslator.java:112)
	at org.springframework.jdbc.support.AbstractFallbackSQLExceptionTranslator.translate(AbstractFallbackSQLExceptionTranslator.java:102)
	at org.springframework.jdbc.core.JdbcTemplate.translateException(JdbcTemplate.java:1549)
	at org.springframework.jdbc.core.JdbcTemplate.execute(JdbcTemplate.java:689)
	at org.springframework.jdbc.core.JdbcTemplate.query(JdbcTemplate.java:732)
	at org.springframework.jdbc.core.JdbcTemplate.query(JdbcTemplate.java:757)
	at org.springframework.jdbc.core.JdbcTemplate.queryForObject(JdbcTemplate.java:893)
	at org.springframework.jdbc.core.JdbcTemplate.queryForObject(JdbcTemplate.java:907)
	at com.myresourcer.MyResourcer.Services.UPDATE_ServiceManager.updateRequest(UPDATE_ServiceManager.java:55)
	at com.myresourcer.MyResourcer.Controllers.UPDATE_API_Controller.updateRequest(UPDATE_API_Controller.java:31)
	at java.base/jdk.internal.reflect.DirectMethodHandleAccessor.invoke(DirectMethodHandleAccessor.java:104)
	at java.base/java.lang.reflect.Method.invoke(Method.java:565)
	at org.springframework.web.method.support.InvocableHandlerMethod.doInvoke(InvocableHandlerMethod.java:252)
	at org.springframework.web.method.support.InvocableHandlerMethod.invokeForRequest(InvocableHandlerMethod.java:184)
	at org.springframework.web.servlet.mvc.method.annotation.ServletInvocableHandlerMethod.invokeAndHandle(ServletInvocableHandlerMethod.java:117)
	at org.springframework.web.servlet.mvc.method.annotation.RequestMappingHandlerAdapter.invokeHandlerMethod(RequestMappingHandlerAdapter.java:934)
	at org.springframework.web.servlet.mvc.method.annotation.RequestMappingHandlerAdapter.handleInternal(RequestMappingHandlerAdapter.java:853)
	at org.springframework.web.servlet.mvc.method.AbstractHandlerMethodAdapter.handle(AbstractHandlerMethodAdapter.java:86)
	at org.springframework.web.servlet.DispatcherServlet.doDispatch(DispatcherServlet.java:963)
	at org.springframework.web.servlet.DispatcherServlet.doService(DispatcherServlet.java:866)
	at org.springframework.web.servlet.FrameworkServlet.processRequest(FrameworkServlet.java:1000)
	at org.springframework.web.servlet.FrameworkServlet.doPut(FrameworkServlet.java:914)
	at jakarta.servlet.http.HttpServlet.service(HttpServlet.java:650)
	at org.springframework.web.servlet.FrameworkServlet.service(FrameworkServlet.java:874)
	at org.springframework.test.web.servlet.TestDispatcherServlet.service(TestDispatcherServlet.java:72)
	at jakarta.servlet.http.HttpServlet.service(HttpServlet.java:710)
	at org.springframework.mock.web.MockFilterChain$ServletFilterProxy.doFilter(MockFilterChain.java:160)
	at org.springframework.mock.web.MockFilterChain.doFilter(MockFilterChain.java:127)
	at org.springframework.test.web.servlet.MockMvc.perform(MockMvc.java:199)
	at com.myresourcer.MyResourcer.AllUpdateEndpointTest.testUpdateRequest(AllPutEndpointTest.java:52)
	at java.base/jdk.internal.reflect.DirectMethodHandleAccessor.invoke(DirectMethodHandleAccessor.java:104)
	at java.base/java.lang.reflect.Method.invoke(Method.java:565)
	at org.junit.platform.commons.util.ReflectionUtils.invokeMethod(ReflectionUtils.java:701)
	at org.junit.platform.commons.support.ReflectionSupport.invokeMethod(ReflectionSupport.java:502)
	at org.junit.jupiter.engine.support.MethodReflectionUtils.invoke(MethodReflectionUtils.java:45)
	at org.junit.jupiter.engine.execution.MethodInvocation.proceed(MethodInvocation.java:61)
	at org.junit.jupiter.engine.execution.InvocationInterceptorChain$ValidatingInvocation.proceed(InvocationInterceptorChain.java:124)
	at org.junit.jupiter.engine.extension.TimeoutExtension.intercept(TimeoutExtension.java:163)
	at org.junit.jupiter.engine.extension.TimeoutExtension.interceptTestableMethod(TimeoutExtension.java:148)
	at org.junit.jupiter.engine.extension.TimeoutExtension.interceptTestMethod(TimeoutExtension.java:86)
	at org.junit.jupiter.engine.execution.InterceptingExecutableInvoker$ReflectiveInterceptorCall.lambda$ofVoidMethod$0(InterceptingExecutableInvoker.java:123)
	at org.junit.jupiter.engine.execution.InterceptingExecutableInvoker.lambda$invoke$0(InterceptingExecutableInvoker.java:105)
	at org.junit.jupiter.engine.execution.InvocationInterceptorChain$InterceptedInvocation.proceed(InvocationInterceptorChain.java:99)
	at org.junit.jupiter.engine.execution.InvocationInterceptorChain.proceed(InvocationInterceptorChain.java:66)
	at org.junit.jupiter.engine.execution.InvocationInterceptorChain.chainAndInvoke(InvocationInterceptorChain.java:47)
	at org.junit.jupiter.engine.execution.InvocationInterceptorChain.invoke(InvocationInterceptorChain.java:39)
	at org.junit.jupiter.engine.execution.InterceptingExecutableInvoker.invoke(InterceptingExecutableInvoker.java:104)
	at org.junit.jupiter.engine.execution.InterceptingExecutableInvoker.invoke(InterceptingExecutableInvoker.java:98)
	at org.junit.jupiter.engine.execution.InterceptingExecutableInvoker.invokeVoid(InterceptingExecutableInvoker.java:71)
	at org.junit.jupiter.engine.descriptor.TestMethodTestDescriptor.lambda$invokeTestMethod$0(TestMethodTestDescriptor.java:219)
	at org.junit.platform.engine.support.hierarchical.ThrowableCollector.execute(ThrowableCollector.java:74)
	at org.junit.jupiter.engine.descriptor.TestMethodTestDescriptor.invokeTestMethod(TestMethodTestDescriptor.java:215)
	at org.junit.jupiter.engine.descriptor.TestMethodTestDescriptor.execute(TestMethodTestDescriptor.java:157)
	at org.junit.jupiter.engine.descriptor.TestMethodTestDescriptor.execute(TestMethodTestDescriptor.java:70)
	at org.junit.platform.engine.support.hierarchical.NodeTestTask.lambda$executeRecursively$2(NodeTestTask.java:176)
	at org.junit.platform.engine.support.hierarchical.ThrowableCollector.execute(ThrowableCollector.java:74)
	at org.junit.platform.engine.support.hierarchical.NodeTestTask.lambda$executeRecursively$1(NodeTestTask.java:166)
	at org.junit.platform.engine.support.hierarchical.Node.around(Node.java:138)
	at org.junit.platform.engine.support.hierarchical.NodeTestTask.lambda$executeRecursively$0(NodeTestTask.java:164)
	at org.junit.platform.engine.support.hierarchical.ThrowableCollector.execute(ThrowableCollector.java:74)
	at org.junit.platform.engine.support.hierarchical.NodeTestTask.executeRecursively(NodeTestTask.java:163)
	at org.junit.platform.engine.support.hierarchical.NodeTestTask.execute(NodeTestTask.java:116)
	at java.base/java.util.ArrayList.forEach(ArrayList.java:1604)
	at org.junit.platform.engine.support.hierarchical.SameThreadHierarchicalTestExecutorService.invokeAll(SameThreadHierarchicalTestExecutorService.java:42)
	at org.junit.platform.engine.support.hierarchical.NodeTestTask.lambda$executeRecursively$2(NodeTestTask.java:180)
	at org.junit.platform.engine.support.hierarchical.ThrowableCollector.execute(ThrowableCollector.java:74)
	at org.junit.platform.engine.support.hierarchical.NodeTestTask.lambda$executeRecursively$1(NodeTestTask.java:166)
	at org.junit.platform.engine.support.hierarchical.Node.around(Node.java:138)
	at org.junit.platform.engine.support.hierarchical.NodeTestTask.lambda$executeRecursively$0(NodeTestTask.java:164)
	at org.junit.platform.engine.support.hierarchical.ThrowableCollector.execute(ThrowableCollector.java:74)
	at org.junit.platform.engine.support.hierarchical.NodeTestTask.executeRecursively(NodeTestTask.java:163)
	at org.junit.platform.engine.support.hierarchical.NodeTestTask.execute(NodeTestTask.java:116)
	at java.base/java.util.ArrayList.forEach(ArrayList.java:1604)
	at org.junit.platform.engine.support.hierarchical.SameThreadHierarchicalTestExecutorService.invokeAll(SameThreadHierarchicalTestExecutorService.java:42)
	at org.junit.platform.engine.support.hierarchical.NodeTestTask.lambda$executeRecursively$2(NodeTestTask.java:180)
	at org.junit.platform.engine.support.hierarchical.ThrowableCollector.execute(ThrowableCollector.java:74)
	at org.junit.platform.engine.support.hierarchical.NodeTestTask.lambda$executeRecursively$1(NodeTestTask.java:166)
	at org.junit.platform.engine.support.hierarchical.Node.around(Node.java:138)
	at org.junit.platform.engine.support.hierarchical.NodeTestTask.lambda$executeRecursively$0(NodeTestTask.java:164)
	at org.junit.platform.engine.support.hierarchical.ThrowableCollector.execute(ThrowableCollector.java:74)
	at org.junit.platform.engine.support.hierarchical.NodeTestTask.executeRecursively(NodeTestTask.java:163)
	at org.junit.platform.engine.support.hierarchical.NodeTestTask.execute(NodeTestTask.java:116)
	at org.junit.platform.engine.support.hierarchical.SameThreadHierarchicalTestExecutorService.submit(SameThreadHierarchicalTestExecutorService.java:36)
	at org.junit.platform.engine.support.hierarchical.HierarchicalTestExecutor.execute(HierarchicalTestExecutor.java:52)
	at org.junit.platform.engine.support.hierarchical.HierarchicalTestEngine.execute(HierarchicalTestEngine.java:58)
	at org.junit.platform.launcher.core.EngineExecutionOrchestrator.executeEngine(EngineExecutionOrchestrator.java:246)
	at org.junit.platform.launcher.core.EngineExecutionOrchestrator.failOrExecuteEngine(EngineExecutionOrchestrator.java:218)
	at org.junit.platform.launcher.core.EngineExecutionOrchestrator.execute(EngineExecutionOrchestrator.java:179)
	at org.junit.platform.launcher.core.EngineExecutionOrchestrator.execute(EngineExecutionOrchestrator.java:108)
	at org.junit.platform.launcher.core.EngineExecutionOrchestrator.lambda$execute$0(EngineExecutionOrchestrator.java:66)
	at org.junit.platform.launcher.core.EngineExecutionOrchestrator.withInterceptedStreams(EngineExecutionOrchestrator.java:157)
	at org.junit.platform.launcher.core.EngineExecutionOrchestrator.execute(EngineExecutionOrchestrator.java:65)
	at org.junit.platform.launcher.core.DefaultLauncher.execute(DefaultLauncher.java:125)
	at org.junit.platform.launcher.core.DefaultLauncher.execute(DefaultLauncher.java:114)
	at org.junit.platform.launcher.core.DefaultLauncher.execute(DefaultLauncher.java:93)
	at org.junit.platform.launcher.core.DelegatingLauncher.execute(DelegatingLauncher.java:48)
	at org.junit.platform.launcher.core.InterceptingLauncher.lambda$execute$0(InterceptingLauncher.java:41)
	at org.junit.platform.launcher.core.ClasspathAlignmentCheckingLauncherInterceptor.intercept(ClasspathAlignmentCheckingLauncherInterceptor.java:25)
	at org.junit.platform.launcher.core.InterceptingLauncher.execute(InterceptingLauncher.java:40)
	at org.junit.platform.launcher.core.DelegatingLauncher.execute(DelegatingLauncher.java:48)
	at org.junit.platform.launcher.core.SessionPerRequestLauncher.execute(SessionPerRequestLauncher.java:67)
	at com.intellij.junit6.JUnit6IdeaTestRunner.startRunnerWithArgs(JUnit6IdeaTestRunner.java:67)
	at com.intellij.rt.junit.IdeaTestRunner$Repeater$1.execute(IdeaTestRunner.java:38)
	at com.intellij.rt.execution.junit.TestsRepeater.repeat(TestsRepeater.java:11)
	at com.intellij.rt.junit.IdeaTestRunner$Repeater.startRunnerWithArgs(IdeaTestRunner.java:35)
	at com.intellij.rt.junit.JUnitStarter.prepareStreamsAndStart(JUnitStarter.java:237)
	at com.intellij.rt.junit.JUnitStarter.main(JUnitStarter.java:58)
Caused by: java.sql.SQLSyntaxErrorException: Table 'mytestresourcerdb.requests' doesn't exist
	at com.mysql.cj.jdbc.exceptions.SQLError.createSQLException(SQLError.java:112)
	at com.mysql.cj.jdbc.exceptions.SQLExceptionsMapping.translateException(SQLExceptionsMapping.java:114)
	at com.mysql.cj.jdbc.ClientPreparedStatement.executeInternal(ClientPreparedStatement.java:988)
	at com.mysql.cj.jdbc.ClientPreparedStatement.executeQuery(ClientPreparedStatement.java:1056)
	at com.zaxxer.hikari.pool.ProxyPreparedStatement.executeQuery(ProxyPreparedStatement.java:52)
	at com.zaxxer.hikari.pool.HikariProxyPreparedStatement.executeQuery(HikariProxyPreparedStatement.java)
	at org.springframework.jdbc.core.JdbcTemplate.lambda$query$0(JdbcTemplate.java:738)
	at org.springframework.jdbc.core.JdbcTemplate.execute(JdbcTemplate.java:670)
	... 103 more
2026-05-05 11:27:19.294 INFO  --> Closing JPA EntityManagerFactory for persistence unit 'default'
2026-05-05 11:27:19.301 INFO  --> HikariPool-1 - Shutdown initiated...
2026-05-05 11:27:19.315 INFO  --> HikariPool-1 - Shutdown completed.
2026-05-05 11:29:14.479 INFO  --> Starting AllPutEndpointTest using Java 25.0.2 with PID 71141 (started by etech in /Users/etech/Documents/OOP Project Materials/MyResourcer)
2026-05-05 11:29:14.490 DEBUG --> Running with Spring Boot v4.0.3, Spring v7.0.5
2026-05-05 11:29:14.491 INFO  --> No active profile set, falling back to 1 default profile: "default"
2026-05-05 11:29:14.990 INFO  --> Bootstrapping Spring Data JPA repositories in DEFAULT mode.
2026-05-05 11:29:15.043 INFO  --> Finished Spring Data repository scanning in 45 ms. Found 9 JPA repository interfaces.
2026-05-05 11:29:16.112 INFO  --> HHH008540: Processing PersistenceUnitInfo [name: default]
2026-05-05 11:29:16.146 INFO  --> HHH000001: Hibernate ORM core version 7.2.4.Final
2026-05-05 11:29:16.365 INFO  --> No LoadTimeWeaver setup: ignoring JPA class transformer
2026-05-05 11:29:16.385 INFO  --> HikariPool-1 - Starting...
2026-05-05 11:29:16.650 INFO  --> HikariPool-1 - Added connection com.mysql.cj.jdbc.ConnectionImpl@2726b2f3
2026-05-05 11:29:16.651 INFO  --> HikariPool-1 - Start completed.
2026-05-05 11:29:16.718 INFO  --> HHH10001005: Database info:
	Database JDBC URL [jdbc:mysql://localhost:3306/myTestResourcerDB?createDatabaseIfNotExist=true]
	Database driver: MySQL Connector/J
	Database dialect: MySQLDialect
	Database version: 9.6
	Default catalog/schema: myTestResourcerDB/undefined
	Autocommit mode: undefined/unknown
	Isolation level: REPEATABLE_READ [default REPEATABLE_READ]
	JDBC fetch size: none
	Pool: DataSourceConnectionProvider
	Minimum pool size: undefined/unknown
	Maximum pool size: undefined/unknown
2026-05-05 11:29:17.182 INFO  --> HHH000489: No JTA platform available (set 'hibernate.transaction.jta.platform' to enable JTA platform integration)
2026-05-05 11:29:17.269 INFO  --> Initialized JPA EntityManagerFactory for persistence unit 'default'
2026-05-05 11:29:17.324 INFO  --> Hibernate is in classpath; If applicable, HQL parser will be used.
2026-05-05 11:29:17.453 WARN  --> spring.jpa.open-in-view is enabled by default. Therefore, database queries may be performed during view rendering. Explicitly configure spring.jpa.open-in-view to disable this warning
2026-05-05 11:29:17.512 INFO  --> Global AuthenticationManager configured with UserDetailsService bean with name customUserDetailsService
2026-05-05 11:29:17.611 INFO  --> Adding welcome page template: index
2026-05-05 11:29:17.838 INFO  --> Initializing Spring TestDispatcherServlet ''
2026-05-05 11:29:17.838 INFO  --> Initializing Servlet ''
2026-05-05 11:29:17.839 INFO  --> Completed initialization in 1 ms
2026-05-05 11:29:17.857 INFO  --> Started AllPutEndpointTest in 3.603 seconds (process running for 4.74)
2026-05-05 11:29:17.988 INFO  --> Updating department with ID: 1
2026-05-05 11:29:17.990 DEBUG --> Department 1 successfully updated.
2026-05-05 11:29:18.034 INFO  --> Updating asset with ID: 1
2026-05-05 11:29:18.034 DEBUG --> Asset 1 successfully updated.
2026-05-05 11:29:18.043 INFO  --> Updating role with ID: 1
2026-05-05 11:29:18.043 DEBUG --> Role 1 successfully updated.
2026-05-05 11:29:18.054 INFO  --> Updating user with ID: 1
2026-05-05 11:29:18.055 DEBUG --> User 1 successfully updated.
2026-05-05 11:29:18.063 INFO  --> Updating category with ID: 1
2026-05-05 11:29:18.064 DEBUG --> Category 1 successfully updated.
2026-05-05 11:29:18.073 INFO  --> Updating status with ID: 1
2026-05-05 11:29:18.073 DEBUG --> Status 1 successfully updated.
2026-05-05 11:29:18.081 INFO  --> Updating condition with ID: 1
2026-05-05 11:29:18.081 DEBUG --> Condition 1 successfully updated.
2026-05-05 11:29:18.092 INFO  --> Updating request with ID: 1
2026-05-05 11:29:18.104 WARN  --> Request 1 could not be found or updated.
2026-05-05 11:29:18.119 INFO  --> Closing JPA EntityManagerFactory for persistence unit 'default'
2026-05-05 11:29:18.120 INFO  --> HikariPool-1 - Shutdown initiated...
2026-05-05 11:29:18.123 INFO  --> HikariPool-1 - Shutdown completed.
2026-05-05 11:34:55.713 INFO  --> Starting AllPutEndpointTest using Java 25.0.2 with PID 71213 (started by etech in /Users/etech/Documents/OOP Project Materials/MyResourcer)
2026-05-05 11:34:55.719 DEBUG --> Running with Spring Boot v4.0.3, Spring v7.0.5
2026-05-05 11:34:55.720 INFO  --> No active profile set, falling back to 1 default profile: "default"
2026-05-05 11:34:56.163 INFO  --> Bootstrapping Spring Data JPA repositories in DEFAULT mode.
2026-05-05 11:34:56.205 INFO  --> Finished Spring Data repository scanning in 36 ms. Found 9 JPA repository interfaces.
2026-05-05 11:34:57.214 INFO  --> HHH008540: Processing PersistenceUnitInfo [name: default]
2026-05-05 11:34:57.252 INFO  --> HHH000001: Hibernate ORM core version 7.2.4.Final
2026-05-05 11:34:57.421 INFO  --> No LoadTimeWeaver setup: ignoring JPA class transformer
2026-05-05 11:34:57.450 INFO  --> HikariPool-1 - Starting...
2026-05-05 11:34:57.829 INFO  --> HikariPool-1 - Added connection com.mysql.cj.jdbc.ConnectionImpl@4dfbe8c2
2026-05-05 11:34:57.829 INFO  --> HikariPool-1 - Start completed.
2026-05-05 11:34:57.892 INFO  --> HHH10001005: Database info:
	Database JDBC URL [jdbc:mysql://localhost:3306/myTestResourcerDB?createDatabaseIfNotExist=true]
	Database driver: MySQL Connector/J
	Database dialect: MySQLDialect
	Database version: 9.6
	Default catalog/schema: myTestResourcerDB/undefined
	Autocommit mode: undefined/unknown
	Isolation level: REPEATABLE_READ [default REPEATABLE_READ]
	JDBC fetch size: none
	Pool: DataSourceConnectionProvider
	Minimum pool size: undefined/unknown
	Maximum pool size: undefined/unknown
2026-05-05 11:34:58.403 INFO  --> HHH000489: No JTA platform available (set 'hibernate.transaction.jta.platform' to enable JTA platform integration)
2026-05-05 11:34:58.479 INFO  --> Initialized JPA EntityManagerFactory for persistence unit 'default'
2026-05-05 11:34:58.527 INFO  --> Hibernate is in classpath; If applicable, HQL parser will be used.
2026-05-05 11:34:58.657 WARN  --> spring.jpa.open-in-view is enabled by default. Therefore, database queries may be performed during view rendering. Explicitly configure spring.jpa.open-in-view to disable this warning
2026-05-05 11:34:58.727 INFO  --> Global AuthenticationManager configured with UserDetailsService bean with name customUserDetailsService
2026-05-05 11:34:58.835 INFO  --> Adding welcome page template: index
2026-05-05 11:34:59.028 INFO  --> Initializing Spring TestDispatcherServlet ''
2026-05-05 11:34:59.028 INFO  --> Initializing Servlet ''
2026-05-05 11:34:59.029 INFO  --> Completed initialization in 1 ms
2026-05-05 11:34:59.044 INFO  --> Started AllPutEndpointTest in 3.567 seconds (process running for 4.523)
2026-05-05 11:34:59.158 INFO  --> Updating department with ID: 1
2026-05-05 11:34:59.159 DEBUG --> Department 1 successfully updated.
2026-05-05 11:34:59.181 INFO  --> Updating asset with ID: 1
2026-05-05 11:34:59.182 DEBUG --> Asset 1 successfully updated.
2026-05-05 11:34:59.189 INFO  --> Updating role with ID: 1
2026-05-05 11:34:59.189 DEBUG --> Role 1 successfully updated.
2026-05-05 11:34:59.203 INFO  --> Updating user with ID: 1
2026-05-05 11:34:59.204 DEBUG --> User 1 successfully updated.
2026-05-05 11:34:59.217 INFO  --> Updating category with ID: 1
2026-05-05 11:34:59.218 DEBUG --> Category 1 successfully updated.
2026-05-05 11:34:59.230 INFO  --> Updating status with ID: 1
2026-05-05 11:34:59.231 DEBUG --> Status 1 successfully updated.
2026-05-05 11:34:59.246 INFO  --> Updating condition with ID: 1
2026-05-05 11:34:59.247 DEBUG --> Condition 1 successfully updated.
2026-05-05 11:34:59.257 INFO  --> Updating request with ID: 1
2026-05-05 11:34:59.267 WARN  --> Request 1 could not be found or updated.
2026-05-05 11:34:59.284 INFO  --> Closing JPA EntityManagerFactory for persistence unit 'default'
2026-05-05 11:34:59.286 INFO  --> HikariPool-1 - Shutdown initiated...
2026-05-05 11:34:59.289 INFO  --> HikariPool-1 - Shutdown completed.
2026-05-05 12:10:43.246 INFO  --> Starting AllPutEndpointTest using Java 25.0.2 with PID 71565 (started by etech in /Users/etech/Documents/OOP Project Materials/MyResourcer)
2026-05-05 12:10:43.259 DEBUG --> Running with Spring Boot v4.0.3, Spring v7.0.5
2026-05-05 12:10:43.260 INFO  --> No active profile set, falling back to 1 default profile: "default"
2026-05-05 12:10:43.816 INFO  --> Bootstrapping Spring Data JPA repositories in DEFAULT mode.
2026-05-05 12:10:43.860 INFO  --> Finished Spring Data repository scanning in 35 ms. Found 9 JPA repository interfaces.
2026-05-05 12:10:44.500 WARN  --> Exception encountered during context initialization - cancelling refresh attempt: java.lang.IllegalStateException: Could not initialize plugin: interface org.mockito.plugins.MockMaker (alternate: null)
2026-05-05 12:10:48.438 INFO  --> Starting MyResourcerApplication using Java 25.0.2 with PID 71579 (/Users/etech/Documents/OOP Project Materials/MyResourcer/target/classes started by etech in /Users/etech/Documents/OOP Project Materials/MyResourcer)
2026-05-05 12:10:48.448 DEBUG --> Running with Spring Boot v4.0.3, Spring v7.0.5
2026-05-05 12:10:48.449 INFO  --> No active profile set, falling back to 1 default profile: "default"
2026-05-05 12:10:48.879 INFO  --> Bootstrapping Spring Data JPA repositories in DEFAULT mode.
2026-05-05 12:10:48.915 INFO  --> Finished Spring Data repository scanning in 32 ms. Found 9 JPA repository interfaces.
2026-05-05 12:10:49.142 INFO  --> Tomcat initialized with port 8080 (http)
2026-05-05 12:10:49.149 INFO  --> Initializing ProtocolHandler ["http-nio-8080"]
2026-05-05 12:10:49.150 INFO  --> Starting service [Tomcat]
2026-05-05 12:10:49.151 INFO  --> Starting Servlet engine: [Apache Tomcat/11.0.18]
2026-05-05 12:10:49.167 INFO  --> Root WebApplicationContext: initialization completed in 657 ms
2026-05-05 12:10:49.250 INFO  --> HHH008540: Processing PersistenceUnitInfo [name: default]
2026-05-05 12:10:49.279 INFO  --> HHH000001: Hibernate ORM core version 7.2.4.Final
2026-05-05 12:10:49.493 INFO  --> No LoadTimeWeaver setup: ignoring JPA class transformer
2026-05-05 12:10:49.509 INFO  --> HikariPool-1 - Starting...
2026-05-05 12:10:49.766 INFO  --> HikariPool-1 - Added connection com.mysql.cj.jdbc.ConnectionImpl@2078bf0a
2026-05-05 12:10:49.767 INFO  --> HikariPool-1 - Start completed.
2026-05-05 12:10:49.835 INFO  --> HHH10001005: Database info:
	Database JDBC URL [jdbc:mysql://localhost:3306/myTestResourcerDB?createDatabaseIfNotExist=true]
	Database driver: MySQL Connector/J
	Database dialect: MySQLDialect
	Database version: 9.6
	Default catalog/schema: myTestResourcerDB/undefined
	Autocommit mode: undefined/unknown
	Isolation level: REPEATABLE_READ [default REPEATABLE_READ]
	JDBC fetch size: none
	Pool: DataSourceConnectionProvider
	Minimum pool size: undefined/unknown
	Maximum pool size: undefined/unknown
2026-05-05 12:10:50.281 INFO  --> HHH000489: No JTA platform available (set 'hibernate.transaction.jta.platform' to enable JTA platform integration)
2026-05-05 12:10:50.364 INFO  --> Initialized JPA EntityManagerFactory for persistence unit 'default'
2026-05-05 12:10:50.409 INFO  --> Hibernate is in classpath; If applicable, HQL parser will be used.
2026-05-05 12:10:50.581 WARN  --> spring.jpa.open-in-view is enabled by default. Therefore, database queries may be performed during view rendering. Explicitly configure spring.jpa.open-in-view to disable this warning
2026-05-05 12:10:50.620 INFO  --> Global AuthenticationManager configured with UserDetailsService bean with name customUserDetailsService
2026-05-05 12:10:50.699 INFO  --> Adding welcome page template: index
2026-05-05 12:10:50.823 INFO  --> Starting ProtocolHandler ["http-nio-8080"]
2026-05-05 12:10:50.829 INFO  --> Tomcat started on port 8080 (http) with context path '/'
2026-05-05 12:10:50.832 INFO  --> Started MyResourcerApplication in 2.703 seconds (process running for 3.123)
2026-05-05 12:11:09.663 INFO  --> Initializing Spring DispatcherServlet 'dispatcherServlet'
2026-05-05 12:11:09.665 INFO  --> Initializing Servlet 'dispatcherServlet'
2026-05-05 12:11:09.670 INFO  --> Completed initialization in 5 ms
2026-05-05 12:11:14.686 INFO  --> Administrator accessing dashboard tess at 2026-05-05T12:11:14.686562
2026-05-05 12:22:38.173 INFO  --> Starting AllCreateEndpointsTest using Java 25.0.2 with PID 71699 (started by etech in /Users/etech/Documents/OOP Project Materials/MyResourcer)
2026-05-05 12:22:38.179 DEBUG --> Running with Spring Boot v4.0.3, Spring v7.0.5
2026-05-05 12:22:38.180 INFO  --> No active profile set, falling back to 1 default profile: "default"
2026-05-05 12:22:38.695 INFO  --> Bootstrapping Spring Data JPA repositories in DEFAULT mode.
2026-05-05 12:22:38.744 INFO  --> Finished Spring Data repository scanning in 41 ms. Found 9 JPA repository interfaces.
2026-05-05 12:22:39.852 INFO  --> HHH008540: Processing PersistenceUnitInfo [name: default]
2026-05-05 12:22:39.890 INFO  --> HHH000001: Hibernate ORM core version 7.2.4.Final
2026-05-05 12:22:40.082 INFO  --> No LoadTimeWeaver setup: ignoring JPA class transformer
2026-05-05 12:22:40.114 INFO  --> HikariPool-1 - Starting...
2026-05-05 12:22:40.408 INFO  --> HikariPool-1 - Added connection com.mysql.cj.jdbc.ConnectionImpl@2726b2f3
2026-05-05 12:22:40.409 INFO  --> HikariPool-1 - Start completed.
2026-05-05 12:22:40.485 INFO  --> HHH10001005: Database info:
	Database JDBC URL [jdbc:mysql://localhost:3306/myTestResourcerDB?createDatabaseIfNotExist=true]
	Database driver: MySQL Connector/J
	Database dialect: MySQLDialect
	Database version: 9.6
	Default catalog/schema: myTestResourcerDB/undefined
	Autocommit mode: undefined/unknown
	Isolation level: REPEATABLE_READ [default REPEATABLE_READ]
	JDBC fetch size: none
	Pool: DataSourceConnectionProvider
	Minimum pool size: undefined/unknown
	Maximum pool size: undefined/unknown
2026-05-05 12:22:40.971 INFO  --> HHH000489: No JTA platform available (set 'hibernate.transaction.jta.platform' to enable JTA platform integration)
2026-05-05 12:22:41.058 INFO  --> Initialized JPA EntityManagerFactory for persistence unit 'default'
2026-05-05 12:22:41.110 INFO  --> Hibernate is in classpath; If applicable, HQL parser will be used.
2026-05-05 12:22:41.243 WARN  --> spring.jpa.open-in-view is enabled by default. Therefore, database queries may be performed during view rendering. Explicitly configure spring.jpa.open-in-view to disable this warning
2026-05-05 12:22:41.298 INFO  --> Global AuthenticationManager configured with UserDetailsService bean with name customUserDetailsService
2026-05-05 12:22:41.410 INFO  --> Adding welcome page template: index
2026-05-05 12:22:41.605 INFO  --> Initializing Spring TestDispatcherServlet ''
2026-05-05 12:22:41.605 INFO  --> Initializing Servlet ''
2026-05-05 12:22:41.606 INFO  --> Completed initialization in 1 ms
2026-05-05 12:22:41.622 INFO  --> Started AllCreateEndpointsTest in 3.713 seconds (process running for 4.889)
2026-05-05 12:22:41.742 INFO  --> Asset Requested with ID: 1, by user with Id: 1
2026-05-05 12:22:41.774 ERROR --> Failed to Send Request for Asset with ID: 1, by user with Id: 1
org.springframework.jdbc.BadSqlGrammarException: PreparedStatementCallback; bad SQL grammar [INSERT INTO request (asset_id, user_id, status_id, condition_id, date_out, date_in, time_out, time_in) VALUES (?, ?, ?, ?, ?, ?, ?, ?)]
	at org.springframework.jdbc.support.SQLExceptionSubclassTranslator.doTranslate(SQLExceptionSubclassTranslator.java:112)
	at org.springframework.jdbc.support.AbstractFallbackSQLExceptionTranslator.translate(AbstractFallbackSQLExceptionTranslator.java:102)
	at org.springframework.jdbc.core.JdbcTemplate.translateException(JdbcTemplate.java:1549)
	at org.springframework.jdbc.core.JdbcTemplate.execute(JdbcTemplate.java:689)
	at org.springframework.jdbc.core.JdbcTemplate.update(JdbcTemplate.java:966)
	at org.springframework.jdbc.core.JdbcTemplate.update(JdbcTemplate.java:1010)
	at org.springframework.jdbc.core.JdbcTemplate.update(JdbcTemplate.java:1020)
	at com.myresourcer.MyResourcer.Services.CREATE_ServiceManager.addRequest(CREATE_ServiceManager.java:60)
	at com.myresourcer.MyResourcer.Controllers.CREATE_API_Controller.addRequest(CREATE_API_Controller.java:37)
	at java.base/jdk.internal.reflect.DirectMethodHandleAccessor.invoke(DirectMethodHandleAccessor.java:104)
	at java.base/java.lang.reflect.Method.invoke(Method.java:565)
	at org.springframework.web.method.support.InvocableHandlerMethod.doInvoke(InvocableHandlerMethod.java:252)
	at org.springframework.web.method.support.InvocableHandlerMethod.invokeForRequest(InvocableHandlerMethod.java:184)
	at org.springframework.web.servlet.mvc.method.annotation.ServletInvocableHandlerMethod.invokeAndHandle(ServletInvocableHandlerMethod.java:117)
	at org.springframework.web.servlet.mvc.method.annotation.RequestMappingHandlerAdapter.invokeHandlerMethod(RequestMappingHandlerAdapter.java:934)
	at org.springframework.web.servlet.mvc.method.annotation.RequestMappingHandlerAdapter.handleInternal(RequestMappingHandlerAdapter.java:853)
	at org.springframework.web.servlet.mvc.method.AbstractHandlerMethodAdapter.handle(AbstractHandlerMethodAdapter.java:86)
	at org.springframework.web.servlet.DispatcherServlet.doDispatch(DispatcherServlet.java:963)
	at org.springframework.web.servlet.DispatcherServlet.doService(DispatcherServlet.java:866)
	at org.springframework.web.servlet.FrameworkServlet.processRequest(FrameworkServlet.java:1000)
	at org.springframework.web.servlet.FrameworkServlet.doPost(FrameworkServlet.java:903)
	at jakarta.servlet.http.HttpServlet.service(HttpServlet.java:649)
	at org.springframework.web.servlet.FrameworkServlet.service(FrameworkServlet.java:874)
	at org.springframework.test.web.servlet.TestDispatcherServlet.service(TestDispatcherServlet.java:72)
	at jakarta.servlet.http.HttpServlet.service(HttpServlet.java:710)
	at org.springframework.mock.web.MockFilterChain$ServletFilterProxy.doFilter(MockFilterChain.java:160)
	at org.springframework.mock.web.MockFilterChain.doFilter(MockFilterChain.java:127)
	at org.springframework.test.web.servlet.MockMvc.perform(MockMvc.java:199)
	at com.myresourcer.MyResourcer.AllCreateEndpointsTest.testAddRequest(AllCreateEndpointsTest.java:63)
	at java.base/jdk.internal.reflect.DirectMethodHandleAccessor.invoke(DirectMethodHandleAccessor.java:104)
	at java.base/java.lang.reflect.Method.invoke(Method.java:565)
	at org.junit.platform.commons.util.ReflectionUtils.invokeMethod(ReflectionUtils.java:701)
	at org.junit.platform.commons.support.ReflectionSupport.invokeMethod(ReflectionSupport.java:502)
	at org.junit.jupiter.engine.support.MethodReflectionUtils.invoke(MethodReflectionUtils.java:45)
	at org.junit.jupiter.engine.execution.MethodInvocation.proceed(MethodInvocation.java:61)
	at org.junit.jupiter.engine.execution.InvocationInterceptorChain$ValidatingInvocation.proceed(InvocationInterceptorChain.java:124)
	at org.junit.jupiter.engine.extension.TimeoutExtension.intercept(TimeoutExtension.java:163)
	at org.junit.jupiter.engine.extension.TimeoutExtension.interceptTestableMethod(TimeoutExtension.java:148)
	at org.junit.jupiter.engine.extension.TimeoutExtension.interceptTestMethod(TimeoutExtension.java:86)
	at org.junit.jupiter.engine.execution.InterceptingExecutableInvoker$ReflectiveInterceptorCall.lambda$ofVoidMethod$0(InterceptingExecutableInvoker.java:123)
	at org.junit.jupiter.engine.execution.InterceptingExecutableInvoker.lambda$invoke$0(InterceptingExecutableInvoker.java:105)
	at org.junit.jupiter.engine.execution.InvocationInterceptorChain$InterceptedInvocation.proceed(InvocationInterceptorChain.java:99)
	at org.junit.jupiter.engine.execution.InvocationInterceptorChain.proceed(InvocationInterceptorChain.java:66)
	at org.junit.jupiter.engine.execution.InvocationInterceptorChain.chainAndInvoke(InvocationInterceptorChain.java:47)
	at org.junit.jupiter.engine.execution.InvocationInterceptorChain.invoke(InvocationInterceptorChain.java:39)
	at org.junit.jupiter.engine.execution.InterceptingExecutableInvoker.invoke(InterceptingExecutableInvoker.java:104)
	at org.junit.jupiter.engine.execution.InterceptingExecutableInvoker.invoke(InterceptingExecutableInvoker.java:98)
	at org.junit.jupiter.engine.execution.InterceptingExecutableInvoker.invokeVoid(InterceptingExecutableInvoker.java:71)
	at org.junit.jupiter.engine.descriptor.TestMethodTestDescriptor.lambda$invokeTestMethod$0(TestMethodTestDescriptor.java:219)
	at org.junit.platform.engine.support.hierarchical.ThrowableCollector.execute(ThrowableCollector.java:74)
	at org.junit.jupiter.engine.descriptor.TestMethodTestDescriptor.invokeTestMethod(TestMethodTestDescriptor.java:215)
	at org.junit.jupiter.engine.descriptor.TestMethodTestDescriptor.execute(TestMethodTestDescriptor.java:157)
	at org.junit.jupiter.engine.descriptor.TestMethodTestDescriptor.execute(TestMethodTestDescriptor.java:70)
	at org.junit.platform.engine.support.hierarchical.NodeTestTask.lambda$executeRecursively$2(NodeTestTask.java:176)
	at org.junit.platform.engine.support.hierarchical.ThrowableCollector.execute(ThrowableCollector.java:74)
	at org.junit.platform.engine.support.hierarchical.NodeTestTask.lambda$executeRecursively$1(NodeTestTask.java:166)
	at org.junit.platform.engine.support.hierarchical.Node.around(Node.java:138)
	at org.junit.platform.engine.support.hierarchical.NodeTestTask.lambda$executeRecursively$0(NodeTestTask.java:164)
	at org.junit.platform.engine.support.hierarchical.ThrowableCollector.execute(ThrowableCollector.java:74)
	at org.junit.platform.engine.support.hierarchical.NodeTestTask.executeRecursively(NodeTestTask.java:163)
	at org.junit.platform.engine.support.hierarchical.NodeTestTask.execute(NodeTestTask.java:116)
	at java.base/java.util.ArrayList.forEach(ArrayList.java:1604)
	at org.junit.platform.engine.support.hierarchical.SameThreadHierarchicalTestExecutorService.invokeAll(SameThreadHierarchicalTestExecutorService.java:42)
	at org.junit.platform.engine.support.hierarchical.NodeTestTask.lambda$executeRecursively$2(NodeTestTask.java:180)
	at org.junit.platform.engine.support.hierarchical.ThrowableCollector.execute(ThrowableCollector.java:74)
	at org.junit.platform.engine.support.hierarchical.NodeTestTask.lambda$executeRecursively$1(NodeTestTask.java:166)
	at org.junit.platform.engine.support.hierarchical.Node.around(Node.java:138)
	at org.junit.platform.engine.support.hierarchical.NodeTestTask.lambda$executeRecursively$0(NodeTestTask.java:164)
	at org.junit.platform.engine.support.hierarchical.ThrowableCollector.execute(ThrowableCollector.java:74)
	at org.junit.platform.engine.support.hierarchical.NodeTestTask.executeRecursively(NodeTestTask.java:163)
	at org.junit.platform.engine.support.hierarchical.NodeTestTask.execute(NodeTestTask.java:116)
	at java.base/java.util.ArrayList.forEach(ArrayList.java:1604)
	at org.junit.platform.engine.support.hierarchical.SameThreadHierarchicalTestExecutorService.invokeAll(SameThreadHierarchicalTestExecutorService.java:42)
	at org.junit.platform.engine.support.hierarchical.NodeTestTask.lambda$executeRecursively$2(NodeTestTask.java:180)
	at org.junit.platform.engine.support.hierarchical.ThrowableCollector.execute(ThrowableCollector.java:74)
	at org.junit.platform.engine.support.hierarchical.NodeTestTask.lambda$executeRecursively$1(NodeTestTask.java:166)
	at org.junit.platform.engine.support.hierarchical.Node.around(Node.java:138)
	at org.junit.platform.engine.support.hierarchical.NodeTestTask.lambda$executeRecursively$0(NodeTestTask.java:164)
	at org.junit.platform.engine.support.hierarchical.ThrowableCollector.execute(ThrowableCollector.java:74)
	at org.junit.platform.engine.support.hierarchical.NodeTestTask.executeRecursively(NodeTestTask.java:163)
	at org.junit.platform.engine.support.hierarchical.NodeTestTask.execute(NodeTestTask.java:116)
	at org.junit.platform.engine.support.hierarchical.SameThreadHierarchicalTestExecutorService.submit(SameThreadHierarchicalTestExecutorService.java:36)
	at org.junit.platform.engine.support.hierarchical.HierarchicalTestExecutor.execute(HierarchicalTestExecutor.java:52)
	at org.junit.platform.engine.support.hierarchical.HierarchicalTestEngine.execute(HierarchicalTestEngine.java:58)
	at org.junit.platform.launcher.core.EngineExecutionOrchestrator.executeEngine(EngineExecutionOrchestrator.java:246)
	at org.junit.platform.launcher.core.EngineExecutionOrchestrator.failOrExecuteEngine(EngineExecutionOrchestrator.java:218)
	at org.junit.platform.launcher.core.EngineExecutionOrchestrator.execute(EngineExecutionOrchestrator.java:179)
	at org.junit.platform.launcher.core.EngineExecutionOrchestrator.execute(EngineExecutionOrchestrator.java:108)
	at org.junit.platform.launcher.core.EngineExecutionOrchestrator.lambda$execute$0(EngineExecutionOrchestrator.java:66)
	at org.junit.platform.launcher.core.EngineExecutionOrchestrator.withInterceptedStreams(EngineExecutionOrchestrator.java:157)
	at org.junit.platform.launcher.core.EngineExecutionOrchestrator.execute(EngineExecutionOrchestrator.java:65)
	at org.junit.platform.launcher.core.DefaultLauncher.execute(DefaultLauncher.java:125)
	at org.junit.platform.launcher.core.DefaultLauncher.execute(DefaultLauncher.java:114)
	at org.junit.platform.launcher.core.DefaultLauncher.execute(DefaultLauncher.java:93)
	at org.junit.platform.launcher.core.DelegatingLauncher.execute(DelegatingLauncher.java:48)
	at org.junit.platform.launcher.core.InterceptingLauncher.lambda$execute$0(InterceptingLauncher.java:41)
	at org.junit.platform.launcher.core.ClasspathAlignmentCheckingLauncherInterceptor.intercept(ClasspathAlignmentCheckingLauncherInterceptor.java:25)
	at org.junit.platform.launcher.core.InterceptingLauncher.execute(InterceptingLauncher.java:40)
	at org.junit.platform.launcher.core.DelegatingLauncher.execute(DelegatingLauncher.java:48)
	at org.junit.platform.launcher.core.SessionPerRequestLauncher.execute(SessionPerRequestLauncher.java:67)
	at com.intellij.junit6.JUnit6IdeaTestRunner.startRunnerWithArgs(JUnit6IdeaTestRunner.java:67)
	at com.intellij.rt.junit.IdeaTestRunner$Repeater$1.execute(IdeaTestRunner.java:38)
	at com.intellij.rt.execution.junit.TestsRepeater.repeat(TestsRepeater.java:11)
	at com.intellij.rt.junit.IdeaTestRunner$Repeater.startRunnerWithArgs(IdeaTestRunner.java:35)
	at com.intellij.rt.junit.JUnitStarter.prepareStreamsAndStart(JUnitStarter.java:237)
	at com.intellij.rt.junit.JUnitStarter.main(JUnitStarter.java:58)
Caused by: java.sql.SQLSyntaxErrorException: Unknown column 'user_id' in 'field list'
	at com.mysql.cj.jdbc.exceptions.SQLError.createSQLException(SQLError.java:112)
	at com.mysql.cj.jdbc.exceptions.SQLExceptionsMapping.translateException(SQLExceptionsMapping.java:114)
	at com.mysql.cj.jdbc.ClientPreparedStatement.executeInternal(ClientPreparedStatement.java:988)
	at com.mysql.cj.jdbc.ClientPreparedStatement.executeUpdateInternal(ClientPreparedStatement.java:1166)
	at com.mysql.cj.jdbc.ClientPreparedStatement.executeUpdateInternal(ClientPreparedStatement.java:1101)
	at com.mysql.cj.jdbc.ClientPreparedStatement.executeLargeUpdate(ClientPreparedStatement.java:1448)
	at com.mysql.cj.jdbc.ClientPreparedStatement.executeUpdate(ClientPreparedStatement.java:1084)
	at com.zaxxer.hikari.pool.ProxyPreparedStatement.executeUpdate(ProxyPreparedStatement.java:61)
	at com.zaxxer.hikari.pool.HikariProxyPreparedStatement.executeUpdate(HikariProxyPreparedStatement.java)
	at org.springframework.jdbc.core.JdbcTemplate.lambda$update$0(JdbcTemplate.java:971)
	at org.springframework.jdbc.core.JdbcTemplate.execute(JdbcTemplate.java:670)
	... 102 more
2026-05-05 12:22:41.819 INFO  --> Adding new category: Test Category
2026-05-05 12:22:41.821 DEBUG --> Category added successfully: Test Category
2026-05-05 12:22:41.829 INFO  --> Adding new role: Test Role
2026-05-05 12:22:41.829 DEBUG --> Role added successfully: Test Role
2026-05-05 12:22:41.838 INFO  --> Adding new user: testuser
2026-05-05 12:22:41.838 DEBUG --> User added successfully: testuser
2026-05-05 12:22:41.846 INFO  --> Adding new department: Test Department
2026-05-05 12:22:41.846 DEBUG --> Department added successfully: Test Department
2026-05-05 12:22:41.861 INFO  --> Adding new asset: Test Asset
2026-05-05 12:22:41.862 DEBUG --> Asset added successfully: Test Asset
2026-05-05 12:22:41.873 INFO  --> Adding new condition: Test Condition
2026-05-05 12:22:41.873 DEBUG --> Condition added successfully: Test Condition
2026-05-05 12:22:41.880 INFO  --> Adding new status: Test Status
2026-05-05 12:22:41.880 DEBUG --> Status added successfully: Test Status
2026-05-05 12:22:41.890 INFO  --> Closing JPA EntityManagerFactory for persistence unit 'default'
2026-05-05 12:22:41.892 INFO  --> HikariPool-1 - Shutdown initiated...
2026-05-05 12:22:41.895 INFO  --> HikariPool-1 - Shutdown completed.
2026-05-05 12:23:29.080 INFO  --> Starting AllCreateEndpointsTest using Java 25.0.2 with PID 71725 (started by etech in /Users/etech/Documents/OOP Project Materials/MyResourcer)
2026-05-05 12:23:29.088 DEBUG --> Running with Spring Boot v4.0.3, Spring v7.0.5
2026-05-05 12:23:29.091 INFO  --> No active profile set, falling back to 1 default profile: "default"
2026-05-05 12:23:29.461 INFO  --> Bootstrapping Spring Data JPA repositories in DEFAULT mode.
2026-05-05 12:23:29.494 INFO  --> Finished Spring Data repository scanning in 28 ms. Found 9 JPA repository interfaces.
2026-05-05 12:23:30.464 INFO  --> HHH008540: Processing PersistenceUnitInfo [name: default]
2026-05-05 12:23:30.495 INFO  --> HHH000001: Hibernate ORM core version 7.2.4.Final
2026-05-05 12:23:30.652 INFO  --> No LoadTimeWeaver setup: ignoring JPA class transformer
2026-05-05 12:23:30.672 INFO  --> HikariPool-1 - Starting...
2026-05-05 12:23:30.910 INFO  --> HikariPool-1 - Added connection com.mysql.cj.jdbc.ConnectionImpl@2726b2f3
2026-05-05 12:23:30.911 INFO  --> HikariPool-1 - Start completed.
2026-05-05 12:23:30.957 INFO  --> HHH10001005: Database info:
	Database JDBC URL [jdbc:mysql://localhost:3306/myTestResourcerDB?createDatabaseIfNotExist=true]
	Database driver: MySQL Connector/J
	Database dialect: MySQLDialect
	Database version: 9.6
	Default catalog/schema: myTestResourcerDB/undefined
	Autocommit mode: undefined/unknown
	Isolation level: REPEATABLE_READ [default REPEATABLE_READ]
	JDBC fetch size: none
	Pool: DataSourceConnectionProvider
	Minimum pool size: undefined/unknown
	Maximum pool size: undefined/unknown
2026-05-05 12:23:31.418 INFO  --> HHH000489: No JTA platform available (set 'hibernate.transaction.jta.platform' to enable JTA platform integration)
2026-05-05 12:23:31.489 INFO  --> Initialized JPA EntityManagerFactory for persistence unit 'default'
2026-05-05 12:23:31.537 INFO  --> Hibernate is in classpath; If applicable, HQL parser will be used.
2026-05-05 12:23:31.663 WARN  --> spring.jpa.open-in-view is enabled by default. Therefore, database queries may be performed during view rendering. Explicitly configure spring.jpa.open-in-view to disable this warning
2026-05-05 12:23:31.727 INFO  --> Global AuthenticationManager configured with UserDetailsService bean with name customUserDetailsService
2026-05-05 12:23:31.838 INFO  --> Adding welcome page template: index
2026-05-05 12:23:32.040 INFO  --> Initializing Spring TestDispatcherServlet ''
2026-05-05 12:23:32.041 INFO  --> Initializing Servlet ''
2026-05-05 12:23:32.041 INFO  --> Completed initialization in 0 ms
2026-05-05 12:23:32.058 INFO  --> Started AllCreateEndpointsTest in 3.208 seconds (process running for 4.289)
2026-05-05 12:23:32.175 INFO  --> Asset Requested with ID: 1, by user with Id: 1
2026-05-05 12:23:32.209 ERROR --> Failed to Send Request for Asset with ID: 1, by user with Id: 1
org.springframework.dao.DataIntegrityViolationException: PreparedStatementCallback; SQL [INSERT INTO request (asset_id, id, status_id, condition_id, date_out, date_in, time_out, time_in) VALUES (?, ?, ?, ?, ?, ?, ?, ?)]; Cannot add or update a child row: a foreign key constraint fails (`mytestresourcerdb`.`request`, CONSTRAINT `FK9vq2pk42lwv57luvm5h5yle7y` FOREIGN KEY (`status_id`) REFERENCES `status` (`status_id`))
	at org.springframework.jdbc.support.SQLExceptionSubclassTranslator.doTranslate(SQLExceptionSubclassTranslator.java:106)
	at org.springframework.jdbc.support.AbstractFallbackSQLExceptionTranslator.translate(AbstractFallbackSQLExceptionTranslator.java:102)
	at org.springframework.jdbc.core.JdbcTemplate.translateException(JdbcTemplate.java:1549)
	at org.springframework.jdbc.core.JdbcTemplate.execute(JdbcTemplate.java:689)
	at org.springframework.jdbc.core.JdbcTemplate.update(JdbcTemplate.java:966)
	at org.springframework.jdbc.core.JdbcTemplate.update(JdbcTemplate.java:1010)
	at org.springframework.jdbc.core.JdbcTemplate.update(JdbcTemplate.java:1020)
	at com.myresourcer.MyResourcer.Services.CREATE_ServiceManager.addRequest(CREATE_ServiceManager.java:60)
	at com.myresourcer.MyResourcer.Controllers.CREATE_API_Controller.addRequest(CREATE_API_Controller.java:37)
	at java.base/jdk.internal.reflect.DirectMethodHandleAccessor.invoke(DirectMethodHandleAccessor.java:104)
	at java.base/java.lang.reflect.Method.invoke(Method.java:565)
	at org.springframework.web.method.support.InvocableHandlerMethod.doInvoke(InvocableHandlerMethod.java:252)
	at org.springframework.web.method.support.InvocableHandlerMethod.invokeForRequest(InvocableHandlerMethod.java:184)
	at org.springframework.web.servlet.mvc.method.annotation.ServletInvocableHandlerMethod.invokeAndHandle(ServletInvocableHandlerMethod.java:117)
	at org.springframework.web.servlet.mvc.method.annotation.RequestMappingHandlerAdapter.invokeHandlerMethod(RequestMappingHandlerAdapter.java:934)
	at org.springframework.web.servlet.mvc.method.annotation.RequestMappingHandlerAdapter.handleInternal(RequestMappingHandlerAdapter.java:853)
	at org.springframework.web.servlet.mvc.method.AbstractHandlerMethodAdapter.handle(AbstractHandlerMethodAdapter.java:86)
	at org.springframework.web.servlet.DispatcherServlet.doDispatch(DispatcherServlet.java:963)
	at org.springframework.web.servlet.DispatcherServlet.doService(DispatcherServlet.java:866)
	at org.springframework.web.servlet.FrameworkServlet.processRequest(FrameworkServlet.java:1000)
	at org.springframework.web.servlet.FrameworkServlet.doPost(FrameworkServlet.java:903)
	at jakarta.servlet.http.HttpServlet.service(HttpServlet.java:649)
	at org.springframework.web.servlet.FrameworkServlet.service(FrameworkServlet.java:874)
	at org.springframework.test.web.servlet.TestDispatcherServlet.service(TestDispatcherServlet.java:72)
	at jakarta.servlet.http.HttpServlet.service(HttpServlet.java:710)
	at org.springframework.mock.web.MockFilterChain$ServletFilterProxy.doFilter(MockFilterChain.java:160)
	at org.springframework.mock.web.MockFilterChain.doFilter(MockFilterChain.java:127)
	at org.springframework.test.web.servlet.MockMvc.perform(MockMvc.java:199)
	at com.myresourcer.MyResourcer.AllCreateEndpointsTest.testAddRequest(AllCreateEndpointsTest.java:63)
	at java.base/jdk.internal.reflect.DirectMethodHandleAccessor.invoke(DirectMethodHandleAccessor.java:104)
	at java.base/java.lang.reflect.Method.invoke(Method.java:565)
	at org.junit.platform.commons.util.ReflectionUtils.invokeMethod(ReflectionUtils.java:701)
	at org.junit.platform.commons.support.ReflectionSupport.invokeMethod(ReflectionSupport.java:502)
	at org.junit.jupiter.engine.support.MethodReflectionUtils.invoke(MethodReflectionUtils.java:45)
	at org.junit.jupiter.engine.execution.MethodInvocation.proceed(MethodInvocation.java:61)
	at org.junit.jupiter.engine.execution.InvocationInterceptorChain$ValidatingInvocation.proceed(InvocationInterceptorChain.java:124)
	at org.junit.jupiter.engine.extension.TimeoutExtension.intercept(TimeoutExtension.java:163)
	at org.junit.jupiter.engine.extension.TimeoutExtension.interceptTestableMethod(TimeoutExtension.java:148)
	at org.junit.jupiter.engine.extension.TimeoutExtension.interceptTestMethod(TimeoutExtension.java:86)
	at org.junit.jupiter.engine.execution.InterceptingExecutableInvoker$ReflectiveInterceptorCall.lambda$ofVoidMethod$0(InterceptingExecutableInvoker.java:123)
	at org.junit.jupiter.engine.execution.InterceptingExecutableInvoker.lambda$invoke$0(InterceptingExecutableInvoker.java:105)
	at org.junit.jupiter.engine.execution.InvocationInterceptorChain$InterceptedInvocation.proceed(InvocationInterceptorChain.java:99)
	at org.junit.jupiter.engine.execution.InvocationInterceptorChain.proceed(InvocationInterceptorChain.java:66)
	at org.junit.jupiter.engine.execution.InvocationInterceptorChain.chainAndInvoke(InvocationInterceptorChain.java:47)
	at org.junit.jupiter.engine.execution.InvocationInterceptorChain.invoke(InvocationInterceptorChain.java:39)
	at org.junit.jupiter.engine.execution.InterceptingExecutableInvoker.invoke(InterceptingExecutableInvoker.java:104)
	at org.junit.jupiter.engine.execution.InterceptingExecutableInvoker.invoke(InterceptingExecutableInvoker.java:98)
	at org.junit.jupiter.engine.execution.InterceptingExecutableInvoker.invokeVoid(InterceptingExecutableInvoker.java:71)
	at org.junit.jupiter.engine.descriptor.TestMethodTestDescriptor.lambda$invokeTestMethod$0(TestMethodTestDescriptor.java:219)
	at org.junit.platform.engine.support.hierarchical.ThrowableCollector.execute(ThrowableCollector.java:74)
	at org.junit.jupiter.engine.descriptor.TestMethodTestDescriptor.invokeTestMethod(TestMethodTestDescriptor.java:215)
	at org.junit.jupiter.engine.descriptor.TestMethodTestDescriptor.execute(TestMethodTestDescriptor.java:157)
	at org.junit.jupiter.engine.descriptor.TestMethodTestDescriptor.execute(TestMethodTestDescriptor.java:70)
	at org.junit.platform.engine.support.hierarchical.NodeTestTask.lambda$executeRecursively$2(NodeTestTask.java:176)
	at org.junit.platform.engine.support.hierarchical.ThrowableCollector.execute(ThrowableCollector.java:74)
	at org.junit.platform.engine.support.hierarchical.NodeTestTask.lambda$executeRecursively$1(NodeTestTask.java:166)
	at org.junit.platform.engine.support.hierarchical.Node.around(Node.java:138)
	at org.junit.platform.engine.support.hierarchical.NodeTestTask.lambda$executeRecursively$0(NodeTestTask.java:164)
	at org.junit.platform.engine.support.hierarchical.ThrowableCollector.execute(ThrowableCollector.java:74)
	at org.junit.platform.engine.support.hierarchical.NodeTestTask.executeRecursively(NodeTestTask.java:163)
	at org.junit.platform.engine.support.hierarchical.NodeTestTask.execute(NodeTestTask.java:116)
	at java.base/java.util.ArrayList.forEach(ArrayList.java:1604)
	at org.junit.platform.engine.support.hierarchical.SameThreadHierarchicalTestExecutorService.invokeAll(SameThreadHierarchicalTestExecutorService.java:42)
	at org.junit.platform.engine.support.hierarchical.NodeTestTask.lambda$executeRecursively$2(NodeTestTask.java:180)
	at org.junit.platform.engine.support.hierarchical.ThrowableCollector.execute(ThrowableCollector.java:74)
	at org.junit.platform.engine.support.hierarchical.NodeTestTask.lambda$executeRecursively$1(NodeTestTask.java:166)
	at org.junit.platform.engine.support.hierarchical.Node.around(Node.java:138)
	at org.junit.platform.engine.support.hierarchical.NodeTestTask.lambda$executeRecursively$0(NodeTestTask.java:164)
	at org.junit.platform.engine.support.hierarchical.ThrowableCollector.execute(ThrowableCollector.java:74)
	at org.junit.platform.engine.support.hierarchical.NodeTestTask.executeRecursively(NodeTestTask.java:163)
	at org.junit.platform.engine.support.hierarchical.NodeTestTask.execute(NodeTestTask.java:116)
	at java.base/java.util.ArrayList.forEach(ArrayList.java:1604)
	at org.junit.platform.engine.support.hierarchical.SameThreadHierarchicalTestExecutorService.invokeAll(SameThreadHierarchicalTestExecutorService.java:42)
	at org.junit.platform.engine.support.hierarchical.NodeTestTask.lambda$executeRecursively$2(NodeTestTask.java:180)
	at org.junit.platform.engine.support.hierarchical.ThrowableCollector.execute(ThrowableCollector.java:74)
	at org.junit.platform.engine.support.hierarchical.NodeTestTask.lambda$executeRecursively$1(NodeTestTask.java:166)
	at org.junit.platform.engine.support.hierarchical.Node.around(Node.java:138)
	at org.junit.platform.engine.support.hierarchical.NodeTestTask.lambda$executeRecursively$0(NodeTestTask.java:164)
	at org.junit.platform.engine.support.hierarchical.ThrowableCollector.execute(ThrowableCollector.java:74)
	at org.junit.platform.engine.support.hierarchical.NodeTestTask.executeRecursively(NodeTestTask.java:163)
	at org.junit.platform.engine.support.hierarchical.NodeTestTask.execute(NodeTestTask.java:116)
	at org.junit.platform.engine.support.hierarchical.SameThreadHierarchicalTestExecutorService.submit(SameThreadHierarchicalTestExecutorService.java:36)
	at org.junit.platform.engine.support.hierarchical.HierarchicalTestExecutor.execute(HierarchicalTestExecutor.java:52)
	at org.junit.platform.engine.support.hierarchical.HierarchicalTestEngine.execute(HierarchicalTestEngine.java:58)
	at org.junit.platform.launcher.core.EngineExecutionOrchestrator.executeEngine(EngineExecutionOrchestrator.java:246)
	at org.junit.platform.launcher.core.EngineExecutionOrchestrator.failOrExecuteEngine(EngineExecutionOrchestrator.java:218)
	at org.junit.platform.launcher.core.EngineExecutionOrchestrator.execute(EngineExecutionOrchestrator.java:179)
	at org.junit.platform.launcher.core.EngineExecutionOrchestrator.execute(EngineExecutionOrchestrator.java:108)
	at org.junit.platform.launcher.core.EngineExecutionOrchestrator.lambda$execute$0(EngineExecutionOrchestrator.java:66)
	at org.junit.platform.launcher.core.EngineExecutionOrchestrator.withInterceptedStreams(EngineExecutionOrchestrator.java:157)
	at org.junit.platform.launcher.core.EngineExecutionOrchestrator.execute(EngineExecutionOrchestrator.java:65)
	at org.junit.platform.launcher.core.DefaultLauncher.execute(DefaultLauncher.java:125)
	at org.junit.platform.launcher.core.DefaultLauncher.execute(DefaultLauncher.java:114)
	at org.junit.platform.launcher.core.DefaultLauncher.execute(DefaultLauncher.java:93)
	at org.junit.platform.launcher.core.DelegatingLauncher.execute(DelegatingLauncher.java:48)
	at org.junit.platform.launcher.core.InterceptingLauncher.lambda$execute$0(InterceptingLauncher.java:41)
	at org.junit.platform.launcher.core.ClasspathAlignmentCheckingLauncherInterceptor.intercept(ClasspathAlignmentCheckingLauncherInterceptor.java:25)
	at org.junit.platform.launcher.core.InterceptingLauncher.execute(InterceptingLauncher.java:40)
	at org.junit.platform.launcher.core.DelegatingLauncher.execute(DelegatingLauncher.java:48)
	at org.junit.platform.launcher.core.SessionPerRequestLauncher.execute(SessionPerRequestLauncher.java:67)
	at com.intellij.junit6.JUnit6IdeaTestRunner.startRunnerWithArgs(JUnit6IdeaTestRunner.java:67)
	at com.intellij.rt.junit.IdeaTestRunner$Repeater$1.execute(IdeaTestRunner.java:38)
	at com.intellij.rt.execution.junit.TestsRepeater.repeat(TestsRepeater.java:11)
	at com.intellij.rt.junit.IdeaTestRunner$Repeater.startRunnerWithArgs(IdeaTestRunner.java:35)
	at com.intellij.rt.junit.JUnitStarter.prepareStreamsAndStart(JUnitStarter.java:237)
	at com.intellij.rt.junit.JUnitStarter.main(JUnitStarter.java:58)
Caused by: java.sql.SQLIntegrityConstraintViolationException: Cannot add or update a child row: a foreign key constraint fails (`mytestresourcerdb`.`request`, CONSTRAINT `FK9vq2pk42lwv57luvm5h5yle7y` FOREIGN KEY (`status_id`) REFERENCES `status` (`status_id`))
	at com.mysql.cj.jdbc.exceptions.SQLError.createSQLException(SQLError.java:109)
	at com.mysql.cj.jdbc.exceptions.SQLExceptionsMapping.translateException(SQLExceptionsMapping.java:114)
	at com.mysql.cj.jdbc.ClientPreparedStatement.executeInternal(ClientPreparedStatement.java:988)
	at com.mysql.cj.jdbc.ClientPreparedStatement.executeUpdateInternal(ClientPreparedStatement.java:1166)
	at com.mysql.cj.jdbc.ClientPreparedStatement.executeUpdateInternal(ClientPreparedStatement.java:1101)
	at com.mysql.cj.jdbc.ClientPreparedStatement.executeLargeUpdate(ClientPreparedStatement.java:1448)
	at com.mysql.cj.jdbc.ClientPreparedStatement.executeUpdate(ClientPreparedStatement.java:1084)
	at com.zaxxer.hikari.pool.ProxyPreparedStatement.executeUpdate(ProxyPreparedStatement.java:61)
	at com.zaxxer.hikari.pool.HikariProxyPreparedStatement.executeUpdate(HikariProxyPreparedStatement.java)
	at org.springframework.jdbc.core.JdbcTemplate.lambda$update$0(JdbcTemplate.java:971)
	at org.springframework.jdbc.core.JdbcTemplate.execute(JdbcTemplate.java:670)
	... 102 more
2026-05-05 12:23:32.273 INFO  --> Adding new category: Test Category
2026-05-05 12:23:32.277 DEBUG --> Category added successfully: Test Category
2026-05-05 12:23:32.290 INFO  --> Adding new role: Test Role
2026-05-05 12:23:32.290 DEBUG --> Role added successfully: Test Role
2026-05-05 12:23:32.303 INFO  --> Adding new user: testuser
2026-05-05 12:23:32.303 DEBUG --> User added successfully: testuser
2026-05-05 12:23:32.311 INFO  --> Adding new department: Test Department
2026-05-05 12:23:32.311 DEBUG --> Department added successfully: Test Department
2026-05-05 12:23:32.325 INFO  --> Adding new asset: Test Asset
2026-05-05 12:23:32.325 DEBUG --> Asset added successfully: Test Asset
2026-05-05 12:23:32.334 INFO  --> Adding new condition: Test Condition
2026-05-05 12:23:32.335 DEBUG --> Condition added successfully: Test Condition
2026-05-05 12:23:32.341 INFO  --> Adding new status: Test Status
2026-05-05 12:23:32.341 DEBUG --> Status added successfully: Test Status
2026-05-05 12:23:32.350 INFO  --> Closing JPA EntityManagerFactory for persistence unit 'default'
2026-05-05 12:23:32.352 INFO  --> HikariPool-1 - Shutdown initiated...
2026-05-05 12:23:32.355 INFO  --> HikariPool-1 - Shutdown completed.
2026-05-05 12:26:55.990 INFO  --> Commencing graceful shutdown. Waiting for active requests to complete
2026-05-05 12:26:56.012 INFO  --> Graceful shutdown complete
2026-05-05 12:26:56.024 INFO  --> Closing JPA EntityManagerFactory for persistence unit 'default'
2026-05-05 12:26:56.035 INFO  --> HikariPool-1 - Shutdown initiated...
2026-05-05 12:26:56.048 INFO  --> HikariPool-1 - Shutdown completed.
2026-05-05 13:45:37.723 INFO  --> Starting MyResourcerApplication using Java 25.0.2 with PID 74989 (/Users/etech/Documents/OOP Project Materials/MyResourcer/target/classes started by etech in /Users/etech/Documents/OOP Project Materials/MyResourcer)
2026-05-05 13:45:37.727 DEBUG --> Running with Spring Boot v4.0.3, Spring v7.0.5
2026-05-05 13:45:37.728 INFO  --> No active profile set, falling back to 1 default profile: "default"
2026-05-05 13:45:38.091 INFO  --> Bootstrapping Spring Data JPA repositories in DEFAULT mode.
2026-05-05 13:45:38.132 INFO  --> Finished Spring Data repository scanning in 26 ms. Found 9 JPA repository interfaces.
2026-05-05 13:45:38.362 INFO  --> Tomcat initialized with port 8080 (http)
2026-05-05 13:45:38.370 INFO  --> Initializing ProtocolHandler ["http-nio-8080"]
2026-05-05 13:45:38.371 INFO  --> Starting service [Tomcat]
2026-05-05 13:45:38.371 INFO  --> Starting Servlet engine: [Apache Tomcat/11.0.18]
2026-05-05 13:45:38.387 INFO  --> Root WebApplicationContext: initialization completed in 640 ms
2026-05-05 13:45:38.473 INFO  --> HHH008540: Processing PersistenceUnitInfo [name: default]
2026-05-05 13:45:38.501 INFO  --> HHH000001: Hibernate ORM core version 7.2.4.Final
2026-05-05 13:45:38.714 INFO  --> No LoadTimeWeaver setup: ignoring JPA class transformer
2026-05-05 13:45:38.732 INFO  --> HikariPool-1 - Starting...
2026-05-05 13:45:38.998 INFO  --> HikariPool-1 - Added connection com.mysql.cj.jdbc.ConnectionImpl@6c46dc02
2026-05-05 13:45:38.999 INFO  --> HikariPool-1 - Start completed.
2026-05-05 13:45:39.064 INFO  --> HHH10001005: Database info:
	Database JDBC URL [jdbc:mysql://localhost:3306/myTestResourcerDB?createDatabaseIfNotExist=true]
	Database driver: MySQL Connector/J
	Database dialect: MySQLDialect
	Database version: 9.6
	Default catalog/schema: myTestResourcerDB/undefined
	Autocommit mode: undefined/unknown
	Isolation level: REPEATABLE_READ [default REPEATABLE_READ]
	JDBC fetch size: none
	Pool: DataSourceConnectionProvider
	Minimum pool size: undefined/unknown
	Maximum pool size: undefined/unknown
2026-05-05 13:45:39.522 INFO  --> HHH000489: No JTA platform available (set 'hibernate.transaction.jta.platform' to enable JTA platform integration)
2026-05-05 13:45:39.656 INFO  --> Initialized JPA EntityManagerFactory for persistence unit 'default'
2026-05-05 13:45:39.707 INFO  --> Hibernate is in classpath; If applicable, HQL parser will be used.
2026-05-05 13:45:39.887 WARN  --> spring.jpa.open-in-view is enabled by default. Therefore, database queries may be performed during view rendering. Explicitly configure spring.jpa.open-in-view to disable this warning
2026-05-05 13:45:39.918 INFO  --> Global AuthenticationManager configured with UserDetailsService bean with name customUserDetailsService
2026-05-05 13:45:40.028 INFO  --> Adding welcome page template: index
2026-05-05 13:45:40.193 INFO  --> Starting ProtocolHandler ["http-nio-8080"]
2026-05-05 13:45:40.213 INFO  --> Tomcat started on port 8080 (http) with context path '/'
2026-05-05 13:45:40.218 INFO  --> Started MyResourcerApplication in 2.782 seconds (process running for 3.297)
2026-05-05 13:45:40.219 INFO  --> Loading plugins...
2026-05-05 13:45:40.219 INFO  --> Plugin registered: MyPlugin
2026-05-05 13:45:40.220 INFO  --> Plugins loaded: [MyPlugin]
2026-05-05 13:49:09.005 INFO  --> Starting AllUpdateEndpointTest using Java 25.0.2 with PID 75057 (started by etech in /Users/etech/Documents/OOP Project Materials/MyResourcer)
2026-05-05 13:49:09.008 DEBUG --> Running with Spring Boot v4.0.3, Spring v7.0.5
2026-05-05 13:49:09.009 INFO  --> No active profile set, falling back to 1 default profile: "default"
2026-05-05 13:49:09.583 INFO  --> Bootstrapping Spring Data JPA repositories in DEFAULT mode.
2026-05-05 13:49:09.667 INFO  --> Finished Spring Data repository scanning in 75 ms. Found 9 JPA repository interfaces.
2026-05-05 13:49:10.846 INFO  --> HHH008540: Processing PersistenceUnitInfo [name: default]
2026-05-05 13:49:10.884 INFO  --> HHH000001: Hibernate ORM core version 7.2.4.Final
2026-05-05 13:49:11.106 INFO  --> No LoadTimeWeaver setup: ignoring JPA class transformer
2026-05-05 13:49:11.138 INFO  --> HikariPool-1 - Starting...
2026-05-05 13:49:11.453 INFO  --> HikariPool-1 - Added connection com.mysql.cj.jdbc.ConnectionImpl@354baab2
2026-05-05 13:49:11.454 INFO  --> HikariPool-1 - Start completed.
2026-05-05 13:49:11.537 INFO  --> HHH10001005: Database info:
	Database JDBC URL [jdbc:mysql://localhost:3306/myTestResourcerDB?createDatabaseIfNotExist=true]
	Database driver: MySQL Connector/J
	Database dialect: MySQLDialect
	Database version: 9.6
	Default catalog/schema: myTestResourcerDB/undefined
	Autocommit mode: undefined/unknown
	Isolation level: REPEATABLE_READ [default REPEATABLE_READ]
	JDBC fetch size: none
	Pool: DataSourceConnectionProvider
	Minimum pool size: undefined/unknown
	Maximum pool size: undefined/unknown
2026-05-05 13:49:12.036 INFO  --> HHH000489: No JTA platform available (set 'hibernate.transaction.jta.platform' to enable JTA platform integration)
2026-05-05 13:49:12.143 INFO  --> Initialized JPA EntityManagerFactory for persistence unit 'default'
2026-05-05 13:49:12.217 INFO  --> Hibernate is in classpath; If applicable, HQL parser will be used.
2026-05-05 13:49:12.362 WARN  --> spring.jpa.open-in-view is enabled by default. Therefore, database queries may be performed during view rendering. Explicitly configure spring.jpa.open-in-view to disable this warning
2026-05-05 13:49:12.419 INFO  --> Global AuthenticationManager configured with UserDetailsService bean with name customUserDetailsService
2026-05-05 13:49:12.525 INFO  --> Adding welcome page template: index
2026-05-05 13:49:12.709 INFO  --> Initializing Spring TestDispatcherServlet ''
2026-05-05 13:49:12.710 INFO  --> Initializing Servlet ''
2026-05-05 13:49:12.710 INFO  --> Completed initialization in 0 ms
2026-05-05 13:49:12.726 INFO  --> Started AllUpdateEndpointTest in 3.97 seconds (process running for 5.43)
2026-05-05 13:49:12.728 INFO  --> Loading plugins...
2026-05-05 13:49:12.728 INFO  --> Plugin registered: MyPlugin
2026-05-05 13:49:12.728 INFO  --> Plugins loaded: [MyPlugin]
2026-05-05 13:49:12.854 INFO  --> Updating department with ID: 1
2026-05-05 13:49:12.857 DEBUG --> Department 1 successfully updated.
2026-05-05 13:49:12.885 INFO  --> Updating asset with ID: 1
2026-05-05 13:49:12.885 DEBUG --> Asset 1 successfully updated.
2026-05-05 13:49:12.892 INFO  --> Updating role with ID: 1
2026-05-05 13:49:12.893 DEBUG --> Role 1 successfully updated.
2026-05-05 13:49:12.903 INFO  --> Updating user with ID: 1
2026-05-05 13:49:12.903 DEBUG --> User 1 successfully updated.
2026-05-05 13:49:12.914 INFO  --> Updating category with ID: 1
2026-05-05 13:49:12.915 DEBUG --> Category 1 successfully updated.
2026-05-05 13:49:12.924 INFO  --> Updating status with ID: 1
2026-05-05 13:49:12.924 DEBUG --> Status 1 successfully updated.
2026-05-05 13:49:12.933 INFO  --> Updating condition with ID: 1
2026-05-05 13:49:12.933 DEBUG --> Condition 1 successfully updated.
2026-05-05 13:49:12.946 INFO  --> Updating request with ID: 1
2026-05-05 13:49:12.965 WARN  --> Request 1 could not be found or updated.
2026-05-05 13:49:12.988 INFO  --> Closing JPA EntityManagerFactory for persistence unit 'default'
2026-05-05 13:49:12.991 INFO  --> HikariPool-1 - Shutdown initiated...
2026-05-05 13:49:12.995 INFO  --> HikariPool-1 - Shutdown completed.
2026-05-05 13:52:51.034 INFO  --> Starting AllUpdateEndpointTest using Java 25.0.2 with PID 75266 (started by etech in /Users/etech/Documents/OOP Project Materials/MyResourcer)
2026-05-05 13:52:51.039 DEBUG --> Running with Spring Boot v4.0.3, Spring v7.0.5
2026-05-05 13:52:51.039 INFO  --> No active profile set, falling back to 1 default profile: "default"
2026-05-05 13:52:51.467 INFO  --> Bootstrapping Spring Data JPA repositories in DEFAULT mode.
2026-05-05 13:52:51.502 INFO  --> Finished Spring Data repository scanning in 29 ms. Found 9 JPA repository interfaces.
2026-05-05 13:52:52.557 INFO  --> HHH008540: Processing PersistenceUnitInfo [name: default]
2026-05-05 13:52:52.591 INFO  --> HHH000001: Hibernate ORM core version 7.2.4.Final
2026-05-05 13:52:52.774 INFO  --> No LoadTimeWeaver setup: ignoring JPA class transformer
2026-05-05 13:52:52.795 INFO  --> HikariPool-1 - Starting...
2026-05-05 13:52:53.156 INFO  --> HikariPool-1 - Added connection com.mysql.cj.jdbc.ConnectionImpl@5e2abb58
2026-05-05 13:52:53.157 INFO  --> HikariPool-1 - Start completed.
2026-05-05 13:52:53.239 INFO  --> HHH10001005: Database info:
	Database JDBC URL [jdbc:mysql://localhost:3306/myTestResourcerDB?createDatabaseIfNotExist=true]
	Database driver: MySQL Connector/J
	Database dialect: MySQLDialect
	Database version: 9.6
	Default catalog/schema: myTestResourcerDB/undefined
	Autocommit mode: undefined/unknown
	Isolation level: REPEATABLE_READ [default REPEATABLE_READ]
	JDBC fetch size: none
	Pool: DataSourceConnectionProvider
	Minimum pool size: undefined/unknown
	Maximum pool size: undefined/unknown
2026-05-05 13:52:53.783 INFO  --> HHH000489: No JTA platform available (set 'hibernate.transaction.jta.platform' to enable JTA platform integration)
2026-05-05 13:52:53.878 INFO  --> Initialized JPA EntityManagerFactory for persistence unit 'default'
2026-05-05 13:52:53.940 INFO  --> Hibernate is in classpath; If applicable, HQL parser will be used.
2026-05-05 13:52:54.069 WARN  --> spring.jpa.open-in-view is enabled by default. Therefore, database queries may be performed during view rendering. Explicitly configure spring.jpa.open-in-view to disable this warning
2026-05-05 13:52:54.150 INFO  --> Global AuthenticationManager configured with UserDetailsService bean with name customUserDetailsService
2026-05-05 13:52:54.265 INFO  --> Adding welcome page template: index
2026-05-05 13:52:54.470 INFO  --> Initializing Spring TestDispatcherServlet ''
2026-05-05 13:52:54.470 INFO  --> Initializing Servlet ''
2026-05-05 13:52:54.471 INFO  --> Completed initialization in 1 ms
2026-05-05 13:52:54.488 INFO  --> Started AllUpdateEndpointTest in 3.715 seconds (process running for 4.66)
2026-05-05 13:52:54.490 INFO  --> Loading plugins...
2026-05-05 13:52:54.490 INFO  --> Plugin registered: MyPlugin
2026-05-05 13:52:54.490 INFO  --> Plugins loaded: [MyPlugin]
2026-05-05 13:52:54.633 INFO  --> Updating request with ID: 1
2026-05-05 13:52:54.635 DEBUG --> Request 1 successfully updated.
2026-05-05 13:52:54.687 INFO  --> Closing JPA EntityManagerFactory for persistence unit 'default'
2026-05-05 13:52:54.690 INFO  --> HikariPool-1 - Shutdown initiated...
2026-05-05 13:52:54.697 INFO  --> HikariPool-1 - Shutdown completed.
2026-05-05 13:53:09.648 INFO  --> Starting AllUpdateEndpointTest using Java 25.0.2 with PID 75462 (started by etech in /Users/etech/Documents/OOP Project Materials/MyResourcer)
2026-05-05 13:53:09.653 DEBUG --> Running with Spring Boot v4.0.3, Spring v7.0.5
2026-05-05 13:53:09.654 INFO  --> No active profile set, falling back to 1 default profile: "default"
2026-05-05 13:53:10.047 INFO  --> Bootstrapping Spring Data JPA repositories in DEFAULT mode.
2026-05-05 13:53:10.080 INFO  --> Finished Spring Data repository scanning in 27 ms. Found 9 JPA repository interfaces.
2026-05-05 13:53:11.074 INFO  --> HHH008540: Processing PersistenceUnitInfo [name: default]
2026-05-05 13:53:11.108 INFO  --> HHH000001: Hibernate ORM core version 7.2.4.Final
2026-05-05 13:53:11.284 INFO  --> No LoadTimeWeaver setup: ignoring JPA class transformer
2026-05-05 13:53:11.304 INFO  --> HikariPool-1 - Starting...
2026-05-05 13:53:11.608 INFO  --> HikariPool-1 - Added connection com.mysql.cj.jdbc.ConnectionImpl@3d287f7c
2026-05-05 13:53:11.609 INFO  --> HikariPool-1 - Start completed.
2026-05-05 13:53:11.681 INFO  --> HHH10001005: Database info:
	Database JDBC URL [jdbc:mysql://localhost:3306/myTestResourcerDB?createDatabaseIfNotExist=true]
	Database driver: MySQL Connector/J
	Database dialect: MySQLDialect
	Database version: 9.6
	Default catalog/schema: myTestResourcerDB/undefined
	Autocommit mode: undefined/unknown
	Isolation level: REPEATABLE_READ [default REPEATABLE_READ]
	JDBC fetch size: none
	Pool: DataSourceConnectionProvider
	Minimum pool size: undefined/unknown
	Maximum pool size: undefined/unknown
2026-05-05 13:53:12.126 INFO  --> HHH000489: No JTA platform available (set 'hibernate.transaction.jta.platform' to enable JTA platform integration)
2026-05-05 13:53:12.209 INFO  --> Initialized JPA EntityManagerFactory for persistence unit 'default'
2026-05-05 13:53:12.261 INFO  --> Hibernate is in classpath; If applicable, HQL parser will be used.
2026-05-05 13:53:12.376 WARN  --> spring.jpa.open-in-view is enabled by default. Therefore, database queries may be performed during view rendering. Explicitly configure spring.jpa.open-in-view to disable this warning
2026-05-05 13:53:12.439 INFO  --> Global AuthenticationManager configured with UserDetailsService bean with name customUserDetailsService
2026-05-05 13:53:12.541 INFO  --> Adding welcome page template: index
2026-05-05 13:53:12.736 INFO  --> Initializing Spring TestDispatcherServlet ''
2026-05-05 13:53:12.736 INFO  --> Initializing Servlet ''
2026-05-05 13:53:12.737 INFO  --> Completed initialization in 1 ms
2026-05-05 13:53:12.753 INFO  --> Started AllUpdateEndpointTest in 3.356 seconds (process running for 4.176)
2026-05-05 13:53:12.755 INFO  --> Loading plugins...
2026-05-05 13:53:12.755 INFO  --> Plugin registered: MyPlugin
2026-05-05 13:53:12.755 INFO  --> Plugins loaded: [MyPlugin]
2026-05-05 13:53:12.861 INFO  --> Updating department with ID: 1
2026-05-05 13:53:12.862 DEBUG --> Department 1 successfully updated.
2026-05-05 13:53:12.884 INFO  --> Updating asset with ID: 1
2026-05-05 13:53:12.885 DEBUG --> Asset 1 successfully updated.
2026-05-05 13:53:12.890 INFO  --> Updating role with ID: 1
2026-05-05 13:53:12.890 DEBUG --> Role 1 successfully updated.
2026-05-05 13:53:12.897 INFO  --> Updating user with ID: 1
2026-05-05 13:53:12.898 DEBUG --> User 1 successfully updated.
2026-05-05 13:53:12.903 INFO  --> Updating category with ID: 1
2026-05-05 13:53:12.903 DEBUG --> Category 1 successfully updated.
2026-05-05 13:53:12.909 INFO  --> Updating status with ID: 1
2026-05-05 13:53:12.909 DEBUG --> Status 1 successfully updated.
2026-05-05 13:53:12.915 INFO  --> Updating condition with ID: 1
2026-05-05 13:53:12.915 DEBUG --> Condition 1 successfully updated.
2026-05-05 13:53:12.927 INFO  --> Updating request with ID: 1
2026-05-05 13:53:12.928 DEBUG --> Request 1 successfully updated.
2026-05-05 13:53:12.960 INFO  --> Closing JPA EntityManagerFactory for persistence unit 'default'
2026-05-05 13:53:12.961 INFO  --> HikariPool-1 - Shutdown initiated...
2026-05-05 13:53:12.964 INFO  --> HikariPool-1 - Shutdown completed.
2026-05-05 13:53:42.732 INFO  --> Starting AllUpdateEndpointTest using Java 25.0.2 with PID 75544 (started by etech in /Users/etech/Documents/OOP Project Materials/MyResourcer)
2026-05-05 13:53:42.740 DEBUG --> Running with Spring Boot v4.0.3, Spring v7.0.5
2026-05-05 13:53:42.741 INFO  --> No active profile set, falling back to 1 default profile: "default"
2026-05-05 13:53:43.168 INFO  --> Bootstrapping Spring Data JPA repositories in DEFAULT mode.
2026-05-05 13:53:43.202 INFO  --> Finished Spring Data repository scanning in 28 ms. Found 9 JPA repository interfaces.
2026-05-05 13:53:44.328 INFO  --> HHH008540: Processing PersistenceUnitInfo [name: default]
2026-05-05 13:53:44.365 INFO  --> HHH000001: Hibernate ORM core version 7.2.4.Final
2026-05-05 13:53:44.537 INFO  --> No LoadTimeWeaver setup: ignoring JPA class transformer
2026-05-05 13:53:44.574 INFO  --> HikariPool-1 - Starting...
2026-05-05 13:53:44.850 INFO  --> HikariPool-1 - Added connection com.mysql.cj.jdbc.ConnectionImpl@77e2a5d3
2026-05-05 13:53:44.851 INFO  --> HikariPool-1 - Start completed.
2026-05-05 13:53:44.931 INFO  --> HHH10001005: Database info:
	Database JDBC URL [jdbc:mysql://localhost:3306/myTestResourcerDB?createDatabaseIfNotExist=true]
	Database driver: MySQL Connector/J
	Database dialect: MySQLDialect
	Database version: 9.6
	Default catalog/schema: myTestResourcerDB/undefined
	Autocommit mode: undefined/unknown
	Isolation level: REPEATABLE_READ [default REPEATABLE_READ]
	JDBC fetch size: none
	Pool: DataSourceConnectionProvider
	Minimum pool size: undefined/unknown
	Maximum pool size: undefined/unknown
2026-05-05 13:53:45.409 INFO  --> HHH000489: No JTA platform available (set 'hibernate.transaction.jta.platform' to enable JTA platform integration)
2026-05-05 13:53:45.488 INFO  --> Initialized JPA EntityManagerFactory for persistence unit 'default'
2026-05-05 13:53:45.545 INFO  --> Hibernate is in classpath; If applicable, HQL parser will be used.
2026-05-05 13:53:45.672 WARN  --> spring.jpa.open-in-view is enabled by default. Therefore, database queries may be performed during view rendering. Explicitly configure spring.jpa.open-in-view to disable this warning
2026-05-05 13:53:45.737 INFO  --> Global AuthenticationManager configured with UserDetailsService bean with name customUserDetailsService
2026-05-05 13:53:45.879 INFO  --> Adding welcome page template: index
2026-05-05 13:53:46.056 INFO  --> Initializing Spring TestDispatcherServlet ''
2026-05-05 13:53:46.056 INFO  --> Initializing Servlet ''
2026-05-05 13:53:46.057 INFO  --> Completed initialization in 1 ms
2026-05-05 13:53:46.081 INFO  --> Started AllUpdateEndpointTest in 3.635 seconds (process running for 5.152)
2026-05-05 13:53:46.083 INFO  --> Loading plugins...
2026-05-05 13:53:46.083 INFO  --> Plugin registered: MyPlugin
2026-05-05 13:53:46.083 INFO  --> Plugins loaded: [MyPlugin]
2026-05-05 13:53:46.208 INFO  --> Updating request with ID: 1
2026-05-05 13:53:46.210 DEBUG --> Request 1 successfully updated.
2026-05-05 13:53:46.232 INFO  --> Closing JPA EntityManagerFactory for persistence unit 'default'
2026-05-05 13:53:46.233 INFO  --> HikariPool-1 - Shutdown initiated...
2026-05-05 13:53:46.236 INFO  --> HikariPool-1 - Shutdown completed.
2026-05-05 13:54:01.880 INFO  --> Starting AllUpdateEndpointTest using Java 25.0.2 with PID 75567 (started by etech in /Users/etech/Documents/OOP Project Materials/MyResourcer)
2026-05-05 13:54:01.883 DEBUG --> Running with Spring Boot v4.0.3, Spring v7.0.5
2026-05-05 13:54:01.886 INFO  --> No active profile set, falling back to 1 default profile: "default"
2026-05-05 13:54:02.264 INFO  --> Bootstrapping Spring Data JPA repositories in DEFAULT mode.
2026-05-05 13:54:02.303 INFO  --> Finished Spring Data repository scanning in 29 ms. Found 9 JPA repository interfaces.
2026-05-05 13:54:03.290 INFO  --> HHH008540: Processing PersistenceUnitInfo [name: default]
2026-05-05 13:54:03.319 INFO  --> HHH000001: Hibernate ORM core version 7.2.4.Final
2026-05-05 13:54:03.466 INFO  --> No LoadTimeWeaver setup: ignoring JPA class transformer
2026-05-05 13:54:03.483 INFO  --> HikariPool-1 - Starting...
2026-05-05 13:54:03.786 INFO  --> HikariPool-1 - Added connection com.mysql.cj.jdbc.ConnectionImpl@63f609a4
2026-05-05 13:54:03.787 INFO  --> HikariPool-1 - Start completed.
2026-05-05 13:54:03.835 INFO  --> HHH10001005: Database info:
	Database JDBC URL [jdbc:mysql://localhost:3306/myTestResourcerDB?createDatabaseIfNotExist=true]
	Database driver: MySQL Connector/J
	Database dialect: MySQLDialect
	Database version: 9.6
	Default catalog/schema: myTestResourcerDB/undefined
	Autocommit mode: undefined/unknown
	Isolation level: REPEATABLE_READ [default REPEATABLE_READ]
	JDBC fetch size: none
	Pool: DataSourceConnectionProvider
	Minimum pool size: undefined/unknown
	Maximum pool size: undefined/unknown
2026-05-05 13:54:04.312 INFO  --> HHH000489: No JTA platform available (set 'hibernate.transaction.jta.platform' to enable JTA platform integration)
2026-05-05 13:54:04.389 INFO  --> Initialized JPA EntityManagerFactory for persistence unit 'default'
2026-05-05 13:54:04.458 INFO  --> Hibernate is in classpath; If applicable, HQL parser will be used.
2026-05-05 13:54:04.621 WARN  --> spring.jpa.open-in-view is enabled by default. Therefore, database queries may be performed during view rendering. Explicitly configure spring.jpa.open-in-view to disable this warning
2026-05-05 13:54:04.703 INFO  --> Global AuthenticationManager configured with UserDetailsService bean with name customUserDetailsService
2026-05-05 13:54:04.813 INFO  --> Adding welcome page template: index
2026-05-05 13:54:04.997 INFO  --> Initializing Spring TestDispatcherServlet ''
2026-05-05 13:54:04.998 INFO  --> Initializing Servlet ''
2026-05-05 13:54:04.998 INFO  --> Completed initialization in 0 ms
2026-05-05 13:54:05.015 INFO  --> Started AllUpdateEndpointTest in 3.34 seconds (process running for 4.4)
2026-05-05 13:54:05.016 INFO  --> Loading plugins...
2026-05-05 13:54:05.017 INFO  --> Plugin registered: MyPlugin
2026-05-05 13:54:05.017 INFO  --> Plugins loaded: [MyPlugin]
2026-05-05 13:54:05.141 INFO  --> Updating department with ID: 1
2026-05-05 13:54:05.143 DEBUG --> Department 1 successfully updated.
2026-05-05 13:54:05.167 INFO  --> Updating asset with ID: 1
2026-05-05 13:54:05.167 DEBUG --> Asset 1 successfully updated.
2026-05-05 13:54:05.174 INFO  --> Updating role with ID: 1
2026-05-05 13:54:05.175 DEBUG --> Role 1 successfully updated.
2026-05-05 13:54:05.187 INFO  --> Updating user with ID: 1
2026-05-05 13:54:05.188 DEBUG --> User 1 successfully updated.
2026-05-05 13:54:05.195 INFO  --> Updating category with ID: 1
2026-05-05 13:54:05.195 DEBUG --> Category 1 successfully updated.
2026-05-05 13:54:05.203 INFO  --> Updating status with ID: 1
2026-05-05 13:54:05.204 DEBUG --> Status 1 successfully updated.
2026-05-05 13:54:05.212 INFO  --> Updating condition with ID: 1
2026-05-05 13:54:05.212 DEBUG --> Condition 1 successfully updated.
2026-05-05 13:54:05.227 INFO  --> Updating request with ID: 1
2026-05-05 13:54:05.228 DEBUG --> Request 1 successfully updated.
2026-05-05 13:54:05.238 INFO  --> Closing JPA EntityManagerFactory for persistence unit 'default'
2026-05-05 13:54:05.239 INFO  --> HikariPool-1 - Shutdown initiated...
2026-05-05 13:54:05.242 INFO  --> HikariPool-1 - Shutdown completed.
2026-05-05 13:55:57.078 INFO  --> Starting AllDeleteEndpointsTest using Java 25.0.2 with PID 75823 (started by etech in /Users/etech/Documents/OOP Project Materials/MyResourcer)
2026-05-05 13:55:57.083 DEBUG --> Running with Spring Boot v4.0.3, Spring v7.0.5
2026-05-05 13:55:57.083 INFO  --> No active profile set, falling back to 1 default profile: "default"
2026-05-05 13:55:57.463 INFO  --> Bootstrapping Spring Data JPA repositories in DEFAULT mode.
2026-05-05 13:55:57.499 INFO  --> Finished Spring Data repository scanning in 30 ms. Found 9 JPA repository interfaces.
2026-05-05 13:55:58.663 INFO  --> HHH008540: Processing PersistenceUnitInfo [name: default]
2026-05-05 13:55:58.697 INFO  --> HHH000001: Hibernate ORM core version 7.2.4.Final
2026-05-05 13:55:58.863 INFO  --> No LoadTimeWeaver setup: ignoring JPA class transformer
2026-05-05 13:55:58.883 INFO  --> HikariPool-1 - Starting...
2026-05-05 13:55:59.174 INFO  --> HikariPool-1 - Added connection com.mysql.cj.jdbc.ConnectionImpl@5e2abb58
2026-05-05 13:55:59.174 INFO  --> HikariPool-1 - Start completed.
2026-05-05 13:55:59.302 INFO  --> HHH10001005: Database info:
	Database JDBC URL [jdbc:mysql://localhost:3306/myTestResourcerDB?createDatabaseIfNotExist=true]
	Database driver: MySQL Connector/J
	Database dialect: MySQLDialect
	Database version: 9.6
	Default catalog/schema: myTestResourcerDB/undefined
	Autocommit mode: undefined/unknown
	Isolation level: REPEATABLE_READ [default REPEATABLE_READ]
	JDBC fetch size: none
	Pool: DataSourceConnectionProvider
	Minimum pool size: undefined/unknown
	Maximum pool size: undefined/unknown
2026-05-05 13:55:59.825 INFO  --> HHH000489: No JTA platform available (set 'hibernate.transaction.jta.platform' to enable JTA platform integration)
2026-05-05 13:55:59.958 INFO  --> Initialized JPA EntityManagerFactory for persistence unit 'default'
2026-05-05 13:56:00.027 INFO  --> Hibernate is in classpath; If applicable, HQL parser will be used.
2026-05-05 13:56:00.337 WARN  --> spring.jpa.open-in-view is enabled by default. Therefore, database queries may be performed during view rendering. Explicitly configure spring.jpa.open-in-view to disable this warning
2026-05-05 13:56:00.446 INFO  --> Global AuthenticationManager configured with UserDetailsService bean with name customUserDetailsService
2026-05-05 13:56:00.577 INFO  --> Adding welcome page template: index
2026-05-05 13:56:00.794 INFO  --> Initializing Spring TestDispatcherServlet ''
2026-05-05 13:56:00.794 INFO  --> Initializing Servlet ''
2026-05-05 13:56:00.795 INFO  --> Completed initialization in 1 ms
2026-05-05 13:56:00.815 INFO  --> Started AllDeleteEndpointsTest in 3.967 seconds (process running for 4.779)
2026-05-05 13:56:00.817 INFO  --> Loading plugins...
2026-05-05 13:56:00.818 INFO  --> Plugin registered: MyPlugin
2026-05-05 13:56:00.818 INFO  --> Plugins loaded: [MyPlugin]
2026-05-05 13:56:00.943 INFO  --> Deleting request with ID: 1
2026-05-05 13:56:00.945 DEBUG --> Request 1 successfully deleted.
2026-05-05 13:56:01.030 INFO  --> Closing JPA EntityManagerFactory for persistence unit 'default'
2026-05-05 13:56:01.032 INFO  --> HikariPool-1 - Shutdown initiated...
2026-05-05 13:56:01.037 INFO  --> HikariPool-1 - Shutdown completed.
2026-05-05 13:56:12.943 INFO  --> Starting AllDeleteEndpointsTest using Java 25.0.2 with PID 76019 (started by etech in /Users/etech/Documents/OOP Project Materials/MyResourcer)
2026-05-05 13:56:12.953 DEBUG --> Running with Spring Boot v4.0.3, Spring v7.0.5
2026-05-05 13:56:12.954 INFO  --> No active profile set, falling back to 1 default profile: "default"
2026-05-05 13:56:13.555 INFO  --> Bootstrapping Spring Data JPA repositories in DEFAULT mode.
2026-05-05 13:56:13.598 INFO  --> Finished Spring Data repository scanning in 35 ms. Found 9 JPA repository interfaces.
2026-05-05 13:56:14.895 INFO  --> HHH008540: Processing PersistenceUnitInfo [name: default]
2026-05-05 13:56:14.935 INFO  --> HHH000001: Hibernate ORM core version 7.2.4.Final
2026-05-05 13:56:15.127 INFO  --> No LoadTimeWeaver setup: ignoring JPA class transformer
2026-05-05 13:56:15.154 INFO  --> HikariPool-1 - Starting...
2026-05-05 13:56:15.491 INFO  --> HikariPool-1 - Added connection com.mysql.cj.jdbc.ConnectionImpl@3d287f7c
2026-05-05 13:56:15.492 INFO  --> HikariPool-1 - Start completed.
2026-05-05 13:56:15.568 INFO  --> HHH10001005: Database info:
	Database JDBC URL [jdbc:mysql://localhost:3306/myTestResourcerDB?createDatabaseIfNotExist=true]
	Database driver: MySQL Connector/J
	Database dialect: MySQLDialect
	Database version: 9.6
	Default catalog/schema: myTestResourcerDB/undefined
	Autocommit mode: undefined/unknown
	Isolation level: REPEATABLE_READ [default REPEATABLE_READ]
	JDBC fetch size: none
	Pool: DataSourceConnectionProvider
	Minimum pool size: undefined/unknown
	Maximum pool size: undefined/unknown
2026-05-05 13:56:16.139 INFO  --> HHH000489: No JTA platform available (set 'hibernate.transaction.jta.platform' to enable JTA platform integration)
2026-05-05 13:56:16.256 INFO  --> Initialized JPA EntityManagerFactory for persistence unit 'default'
2026-05-05 13:56:16.354 INFO  --> Hibernate is in classpath; If applicable, HQL parser will be used.
2026-05-05 13:56:16.517 WARN  --> spring.jpa.open-in-view is enabled by default. Therefore, database queries may be performed during view rendering. Explicitly configure spring.jpa.open-in-view to disable this warning
2026-05-05 13:56:16.591 INFO  --> Global AuthenticationManager configured with UserDetailsService bean with name customUserDetailsService
2026-05-05 13:56:16.704 INFO  --> Adding welcome page template: index
2026-05-05 13:56:16.905 INFO  --> Initializing Spring TestDispatcherServlet ''
2026-05-05 13:56:16.905 INFO  --> Initializing Servlet ''
2026-05-05 13:56:16.906 INFO  --> Completed initialization in 1 ms
2026-05-05 13:56:16.930 INFO  --> Started AllDeleteEndpointsTest in 4.278 seconds (process running for 5.616)
2026-05-05 13:56:16.932 INFO  --> Loading plugins...
2026-05-05 13:56:16.932 INFO  --> Plugin registered: MyPlugin
2026-05-05 13:56:16.932 INFO  --> Plugins loaded: [MyPlugin]
2026-05-05 13:56:17.004 INFO  --> Deleting department with ID: 1
2026-05-05 13:56:17.006 DEBUG --> Department 1 successfully deleted.
2026-05-05 13:56:17.031 INFO  --> Deleting request with ID: 1
2026-05-05 13:56:17.032 DEBUG --> Request 1 successfully deleted.
2026-05-05 13:56:17.099 INFO  --> Updating asset with ID: 1
2026-05-05 13:56:17.099 DEBUG --> Asset 1 successfully updated.
2026-05-05 13:56:17.105 INFO  --> Deleting condition with ID: 1
2026-05-05 13:56:17.106 DEBUG --> Condition 1 successfully deleted.
2026-05-05 13:56:17.110 INFO  --> Deleting status with ID: 1
2026-05-05 13:56:17.110 DEBUG --> Status 1 successfully deleted
2026-05-05 13:56:17.115 INFO  --> Deleting category with ID: 1
2026-05-05 13:56:17.115 DEBUG --> Category 1 succesfully deleted.
2026-05-05 13:56:17.119 INFO  --> Deleting role with ID: 1
2026-05-05 13:56:17.119 DEBUG --> Role 1 successfully deleted.
2026-05-05 13:56:17.122 INFO  --> Deleting user with ID: 1
2026-05-05 13:56:17.123 DEBUG --> User 1 successfully deleted.
2026-05-05 13:56:17.152 INFO  --> Closing JPA EntityManagerFactory for persistence unit 'default'
2026-05-05 13:56:17.153 INFO  --> HikariPool-1 - Shutdown initiated...
2026-05-05 13:56:17.156 INFO  --> HikariPool-1 - Shutdown completed.
2026-05-05 13:57:02.121 INFO  --> Starting AllDeleteEndpointsTest using Java 25.0.2 with PID 76138 (started by etech in /Users/etech/Documents/OOP Project Materials/MyResourcer)
2026-05-05 13:57:02.128 DEBUG --> Running with Spring Boot v4.0.3, Spring v7.0.5
2026-05-05 13:57:02.128 INFO  --> No active profile set, falling back to 1 default profile: "default"
2026-05-05 13:57:03.188 INFO  --> Bootstrapping Spring Data JPA repositories in DEFAULT mode.
2026-05-05 13:57:03.565 INFO  --> Finished Spring Data repository scanning in 223 ms. Found 9 JPA repository interfaces.
2026-05-05 13:57:04.984 INFO  --> HHH008540: Processing PersistenceUnitInfo [name: default]
2026-05-05 13:57:05.027 INFO  --> HHH000001: Hibernate ORM core version 7.2.4.Final
2026-05-05 13:57:05.239 INFO  --> No LoadTimeWeaver setup: ignoring JPA class transformer
2026-05-05 13:57:05.262 INFO  --> HikariPool-1 - Starting...
2026-05-05 13:57:05.697 INFO  --> HikariPool-1 - Added connection com.mysql.cj.jdbc.ConnectionImpl@57596d71
2026-05-05 13:57:05.698 INFO  --> HikariPool-1 - Start completed.
2026-05-05 13:57:05.759 INFO  --> HHH10001005: Database info:
	Database JDBC URL [jdbc:mysql://localhost:3306/myTestResourcerDB?createDatabaseIfNotExist=true]
	Database driver: MySQL Connector/J
	Database dialect: MySQLDialect
	Database version: 9.6
	Default catalog/schema: myTestResourcerDB/undefined
	Autocommit mode: undefined/unknown
	Isolation level: REPEATABLE_READ [default REPEATABLE_READ]
	JDBC fetch size: none
	Pool: DataSourceConnectionProvider
	Minimum pool size: undefined/unknown
	Maximum pool size: undefined/unknown
2026-05-05 13:57:06.306 INFO  --> HHH000489: No JTA platform available (set 'hibernate.transaction.jta.platform' to enable JTA platform integration)
2026-05-05 13:57:06.396 INFO  --> Initialized JPA EntityManagerFactory for persistence unit 'default'
2026-05-05 13:57:06.457 INFO  --> Hibernate is in classpath; If applicable, HQL parser will be used.
2026-05-05 13:57:06.589 WARN  --> spring.jpa.open-in-view is enabled by default. Therefore, database queries may be performed during view rendering. Explicitly configure spring.jpa.open-in-view to disable this warning
2026-05-05 13:57:06.682 INFO  --> Global AuthenticationManager configured with UserDetailsService bean with name customUserDetailsService
2026-05-05 13:57:06.835 INFO  --> Adding welcome page template: index
2026-05-05 13:57:07.063 INFO  --> Initializing Spring TestDispatcherServlet ''
2026-05-05 13:57:07.063 INFO  --> Initializing Servlet ''
2026-05-05 13:57:07.064 INFO  --> Completed initialization in 1 ms
2026-05-05 13:57:07.082 INFO  --> Started AllDeleteEndpointsTest in 5.27 seconds (process running for 6.812)
2026-05-05 13:57:07.083 INFO  --> Loading plugins...
2026-05-05 13:57:07.084 INFO  --> Plugin registered: MyPlugin
2026-05-05 13:57:07.084 INFO  --> Plugins loaded: [MyPlugin]
2026-05-05 13:57:07.173 INFO  --> Deleting department with ID: 1
2026-05-05 13:57:07.175 DEBUG --> Department 1 successfully deleted.
2026-05-05 13:57:07.207 INFO  --> Deleting request with ID: 1
2026-05-05 13:57:07.207 DEBUG --> Request 1 successfully deleted.
2026-05-05 13:57:07.272 INFO  --> Updating asset with ID: 1
2026-05-05 13:57:07.272 DEBUG --> Asset 1 successfully updated.
2026-05-05 13:57:07.279 INFO  --> Deleting condition with ID: 1
2026-05-05 13:57:07.279 DEBUG --> Condition 1 successfully deleted.
2026-05-05 13:57:07.285 INFO  --> Deleting status with ID: 1
2026-05-05 13:57:07.285 DEBUG --> Status 1 successfully deleted
2026-05-05 13:57:07.291 INFO  --> Deleting category with ID: 1
2026-05-05 13:57:07.292 DEBUG --> Category 1 succesfully deleted.
2026-05-05 13:57:07.299 INFO  --> Deleting role with ID: 1
2026-05-05 13:57:07.301 DEBUG --> Role 1 successfully deleted.
2026-05-05 13:57:07.308 INFO  --> Deleting user with ID: 1
2026-05-05 13:57:07.309 DEBUG --> User 1 successfully deleted.
2026-05-05 13:57:07.318 INFO  --> Closing JPA EntityManagerFactory for persistence unit 'default'
2026-05-05 13:57:07.320 INFO  --> HikariPool-1 - Shutdown initiated...
2026-05-05 13:57:07.324 INFO  --> HikariPool-1 - Shutdown completed.
2026-05-05 13:59:03.963 INFO  --> Starting AllCreateEndpointsTest using Java 25.0.2 with PID 76699 (started by etech in /Users/etech/Documents/OOP Project Materials/MyResourcer)
2026-05-05 13:59:03.974 DEBUG --> Running with Spring Boot v4.0.3, Spring v7.0.5
2026-05-05 13:59:03.975 INFO  --> No active profile set, falling back to 1 default profile: "default"
2026-05-05 13:59:04.550 INFO  --> Bootstrapping Spring Data JPA repositories in DEFAULT mode.
2026-05-05 13:59:04.606 INFO  --> Finished Spring Data repository scanning in 42 ms. Found 9 JPA repository interfaces.
2026-05-05 13:59:05.835 INFO  --> HHH008540: Processing PersistenceUnitInfo [name: default]
2026-05-05 13:59:05.876 INFO  --> HHH000001: Hibernate ORM core version 7.2.4.Final
2026-05-05 13:59:06.087 INFO  --> No LoadTimeWeaver setup: ignoring JPA class transformer
2026-05-05 13:59:06.111 INFO  --> HikariPool-1 - Starting...
2026-05-05 13:59:06.447 INFO  --> HikariPool-1 - Added connection com.mysql.cj.jdbc.ConnectionImpl@5e2abb58
2026-05-05 13:59:06.448 INFO  --> HikariPool-1 - Start completed.
2026-05-05 13:59:06.522 INFO  --> HHH10001005: Database info:
	Database JDBC URL [jdbc:mysql://localhost:3306/myTestResourcerDB?createDatabaseIfNotExist=true]
	Database driver: MySQL Connector/J
	Database dialect: MySQLDialect
	Database version: 9.6
	Default catalog/schema: myTestResourcerDB/undefined
	Autocommit mode: undefined/unknown
	Isolation level: REPEATABLE_READ [default REPEATABLE_READ]
	JDBC fetch size: none
	Pool: DataSourceConnectionProvider
	Minimum pool size: undefined/unknown
	Maximum pool size: undefined/unknown
2026-05-05 13:59:06.988 INFO  --> HHH000489: No JTA platform available (set 'hibernate.transaction.jta.platform' to enable JTA platform integration)
2026-05-05 13:59:07.083 INFO  --> Initialized JPA EntityManagerFactory for persistence unit 'default'
2026-05-05 13:59:07.141 INFO  --> Hibernate is in classpath; If applicable, HQL parser will be used.
2026-05-05 13:59:07.270 WARN  --> spring.jpa.open-in-view is enabled by default. Therefore, database queries may be performed during view rendering. Explicitly configure spring.jpa.open-in-view to disable this warning
2026-05-05 13:59:07.345 INFO  --> Global AuthenticationManager configured with UserDetailsService bean with name customUserDetailsService
2026-05-05 13:59:07.473 INFO  --> Adding welcome page template: index
2026-05-05 13:59:07.677 INFO  --> Initializing Spring TestDispatcherServlet ''
2026-05-05 13:59:07.678 INFO  --> Initializing Servlet ''
2026-05-05 13:59:07.679 INFO  --> Completed initialization in 1 ms
2026-05-05 13:59:07.698 INFO  --> Started AllCreateEndpointsTest in 3.977 seconds (process running for 4.96)
2026-05-05 13:59:07.700 INFO  --> Loading plugins...
2026-05-05 13:59:07.700 INFO  --> Plugin registered: MyPlugin
2026-05-05 13:59:07.700 INFO  --> Plugins loaded: [MyPlugin]
2026-05-05 13:59:07.836 INFO  --> Asset Requested with ID: 1, by user with Id: 1
2026-05-05 13:59:07.837 WARN  --> Request could not be processed for asset ID: 1, by user with Id: 1
2026-05-05 13:59:07.896 INFO  --> Closing JPA EntityManagerFactory for persistence unit 'default'
2026-05-05 13:59:07.898 INFO  --> HikariPool-1 - Shutdown initiated...
2026-05-05 13:59:07.903 INFO  --> HikariPool-1 - Shutdown completed.
2026-05-05 13:59:25.883 INFO  --> Starting AllCreateEndpointsTest using Java 25.0.2 with PID 76936 (started by etech in /Users/etech/Documents/OOP Project Materials/MyResourcer)
2026-05-05 13:59:25.891 DEBUG --> Running with Spring Boot v4.0.3, Spring v7.0.5
2026-05-05 13:59:25.892 INFO  --> No active profile set, falling back to 1 default profile: "default"
2026-05-05 13:59:26.432 INFO  --> Bootstrapping Spring Data JPA repositories in DEFAULT mode.
2026-05-05 13:59:26.470 INFO  --> Finished Spring Data repository scanning in 32 ms. Found 9 JPA repository interfaces.
2026-05-05 13:59:27.665 INFO  --> HHH008540: Processing PersistenceUnitInfo [name: default]
2026-05-05 13:59:27.706 INFO  --> HHH000001: Hibernate ORM core version 7.2.4.Final
2026-05-05 13:59:27.911 INFO  --> No LoadTimeWeaver setup: ignoring JPA class transformer
2026-05-05 13:59:27.940 INFO  --> HikariPool-1 - Starting...
2026-05-05 13:59:28.374 INFO  --> HikariPool-1 - Added connection com.mysql.cj.jdbc.ConnectionImpl@6347ebbc
2026-05-05 13:59:28.375 INFO  --> HikariPool-1 - Start completed.
2026-05-05 13:59:28.439 INFO  --> HHH10001005: Database info:
	Database JDBC URL [jdbc:mysql://localhost:3306/myTestResourcerDB?createDatabaseIfNotExist=true]
	Database driver: MySQL Connector/J
	Database dialect: MySQLDialect
	Database version: 9.6
	Default catalog/schema: myTestResourcerDB/undefined
	Autocommit mode: undefined/unknown
	Isolation level: REPEATABLE_READ [default REPEATABLE_READ]
	JDBC fetch size: none
	Pool: DataSourceConnectionProvider
	Minimum pool size: undefined/unknown
	Maximum pool size: undefined/unknown
2026-05-05 13:59:28.920 INFO  --> HHH000489: No JTA platform available (set 'hibernate.transaction.jta.platform' to enable JTA platform integration)
2026-05-05 13:59:29.006 INFO  --> Initialized JPA EntityManagerFactory for persistence unit 'default'
2026-05-05 13:59:29.076 INFO  --> Hibernate is in classpath; If applicable, HQL parser will be used.
2026-05-05 13:59:29.220 WARN  --> spring.jpa.open-in-view is enabled by default. Therefore, database queries may be performed during view rendering. Explicitly configure spring.jpa.open-in-view to disable this warning
2026-05-05 13:59:29.279 INFO  --> Global AuthenticationManager configured with UserDetailsService bean with name customUserDetailsService
2026-05-05 13:59:29.381 INFO  --> Adding welcome page template: index
2026-05-05 13:59:29.570 INFO  --> Initializing Spring TestDispatcherServlet ''
2026-05-05 13:59:29.570 INFO  --> Initializing Servlet ''
2026-05-05 13:59:29.571 INFO  --> Completed initialization in 1 ms
2026-05-05 13:59:29.589 INFO  --> Started AllCreateEndpointsTest in 3.972 seconds (process running for 4.876)
2026-05-05 13:59:29.591 INFO  --> Loading plugins...
2026-05-05 13:59:29.591 INFO  --> Plugin registered: MyPlugin
2026-05-05 13:59:29.591 INFO  --> Plugins loaded: [MyPlugin]
2026-05-05 13:59:29.751 INFO  --> Asset Requested with ID: 1, by user with Id: 1
2026-05-05 13:59:29.754 WARN  --> Request could not be processed for asset ID: 1, by user with Id: 1
2026-05-05 13:59:29.843 INFO  --> Closing JPA EntityManagerFactory for persistence unit 'default'
2026-05-05 13:59:29.845 INFO  --> HikariPool-1 - Shutdown initiated...
2026-05-05 13:59:29.851 INFO  --> HikariPool-1 - Shutdown completed.
2026-05-05 14:00:19.439 INFO  --> Starting AllCreateEndpointsTest using Java 25.0.2 with PID 77259 (started by etech in /Users/etech/Documents/OOP Project Materials/MyResourcer)
2026-05-05 14:00:19.446 DEBUG --> Running with Spring Boot v4.0.3, Spring v7.0.5
2026-05-05 14:00:19.447 INFO  --> No active profile set, falling back to 1 default profile: "default"
2026-05-05 14:00:20.025 INFO  --> Bootstrapping Spring Data JPA repositories in DEFAULT mode.
2026-05-05 14:00:20.112 INFO  --> Finished Spring Data repository scanning in 77 ms. Found 9 JPA repository interfaces.
2026-05-05 14:00:21.676 INFO  --> HHH008540: Processing PersistenceUnitInfo [name: default]
2026-05-05 14:00:21.716 INFO  --> HHH000001: Hibernate ORM core version 7.2.4.Final
2026-05-05 14:00:21.925 INFO  --> No LoadTimeWeaver setup: ignoring JPA class transformer
2026-05-05 14:00:21.946 INFO  --> HikariPool-1 - Starting...
2026-05-05 14:00:22.541 INFO  --> HikariPool-1 - Added connection com.mysql.cj.jdbc.ConnectionImpl@5e2abb58
2026-05-05 14:00:22.545 INFO  --> HikariPool-1 - Start completed.
2026-05-05 14:00:22.618 INFO  --> HHH10001005: Database info:
	Database JDBC URL [jdbc:mysql://localhost:3306/myTestResourcerDB?createDatabaseIfNotExist=true]
	Database driver: MySQL Connector/J
	Database dialect: MySQLDialect
	Database version: 9.6
	Default catalog/schema: myTestResourcerDB/undefined
	Autocommit mode: undefined/unknown
	Isolation level: REPEATABLE_READ [default REPEATABLE_READ]
	JDBC fetch size: none
	Pool: DataSourceConnectionProvider
	Minimum pool size: undefined/unknown
	Maximum pool size: undefined/unknown
2026-05-05 14:00:23.179 INFO  --> HHH000489: No JTA platform available (set 'hibernate.transaction.jta.platform' to enable JTA platform integration)
2026-05-05 14:00:23.267 INFO  --> Initialized JPA EntityManagerFactory for persistence unit 'default'
2026-05-05 14:00:23.333 INFO  --> Hibernate is in classpath; If applicable, HQL parser will be used.
2026-05-05 14:00:23.486 WARN  --> spring.jpa.open-in-view is enabled by default. Therefore, database queries may be performed during view rendering. Explicitly configure spring.jpa.open-in-view to disable this warning
2026-05-05 14:00:23.583 INFO  --> Global AuthenticationManager configured with UserDetailsService bean with name customUserDetailsService
2026-05-05 14:00:23.726 INFO  --> Adding welcome page template: index
2026-05-05 14:00:23.963 INFO  --> Initializing Spring TestDispatcherServlet ''
2026-05-05 14:00:23.963 INFO  --> Initializing Servlet ''
2026-05-05 14:00:23.964 INFO  --> Completed initialization in 1 ms
2026-05-05 14:00:23.989 INFO  --> Started AllCreateEndpointsTest in 4.827 seconds (process running for 6.016)
2026-05-05 14:00:23.990 INFO  --> Loading plugins...
2026-05-05 14:00:23.991 INFO  --> Plugin registered: MyPlugin
2026-05-05 14:00:23.991 INFO  --> Plugins loaded: [MyPlugin]
2026-05-05 14:00:24.218 INFO  --> Asset Requested with ID: 1, by user with Id: 1
2026-05-05 14:00:24.219 WARN  --> Request could not be processed for asset ID: 1, by user with Id: 1
2026-05-05 14:00:24.363 INFO  --> Closing JPA EntityManagerFactory for persistence unit 'default'
2026-05-05 14:00:24.369 INFO  --> HikariPool-1 - Shutdown initiated...
2026-05-05 14:00:24.380 INFO  --> HikariPool-1 - Shutdown completed.
2026-05-05 14:00:55.463 INFO  --> Starting AllCreateEndpointsTest using Java 25.0.2 with PID 77526 (started by etech in /Users/etech/Documents/OOP Project Materials/MyResourcer)
2026-05-05 14:00:55.467 DEBUG --> Running with Spring Boot v4.0.3, Spring v7.0.5
2026-05-05 14:00:55.468 INFO  --> No active profile set, falling back to 1 default profile: "default"
2026-05-05 14:00:55.876 INFO  --> Bootstrapping Spring Data JPA repositories in DEFAULT mode.
2026-05-05 14:00:55.911 INFO  --> Finished Spring Data repository scanning in 28 ms. Found 9 JPA repository interfaces.
2026-05-05 14:00:57.023 INFO  --> HHH008540: Processing PersistenceUnitInfo [name: default]
2026-05-05 14:00:57.073 INFO  --> HHH000001: Hibernate ORM core version 7.2.4.Final
2026-05-05 14:00:57.255 INFO  --> No LoadTimeWeaver setup: ignoring JPA class transformer
2026-05-05 14:00:57.277 INFO  --> HikariPool-1 - Starting...
2026-05-05 14:00:57.610 INFO  --> HikariPool-1 - Added connection com.mysql.cj.jdbc.ConnectionImpl@5e2abb58
2026-05-05 14:00:57.611 INFO  --> HikariPool-1 - Start completed.
2026-05-05 14:00:57.673 INFO  --> HHH10001005: Database info:
	Database JDBC URL [jdbc:mysql://localhost:3306/myTestResourcerDB?createDatabaseIfNotExist=true]
	Database driver: MySQL Connector/J
	Database dialect: MySQLDialect
	Database version: 9.6
	Default catalog/schema: myTestResourcerDB/undefined
	Autocommit mode: undefined/unknown
	Isolation level: REPEATABLE_READ [default REPEATABLE_READ]
	JDBC fetch size: none
	Pool: DataSourceConnectionProvider
	Minimum pool size: undefined/unknown
	Maximum pool size: undefined/unknown
2026-05-05 14:00:58.154 INFO  --> HHH000489: No JTA platform available (set 'hibernate.transaction.jta.platform' to enable JTA platform integration)
2026-05-05 14:00:58.237 INFO  --> Initialized JPA EntityManagerFactory for persistence unit 'default'
2026-05-05 14:00:58.296 INFO  --> Hibernate is in classpath; If applicable, HQL parser will be used.
2026-05-05 14:00:58.423 WARN  --> spring.jpa.open-in-view is enabled by default. Therefore, database queries may be performed during view rendering. Explicitly configure spring.jpa.open-in-view to disable this warning
2026-05-05 14:00:58.497 INFO  --> Global AuthenticationManager configured with UserDetailsService bean with name customUserDetailsService
2026-05-05 14:00:58.617 INFO  --> Adding welcome page template: index
2026-05-05 14:00:58.806 INFO  --> Initializing Spring TestDispatcherServlet ''
2026-05-05 14:00:58.806 INFO  --> Initializing Servlet ''
2026-05-05 14:00:58.808 INFO  --> Completed initialization in 2 ms
2026-05-05 14:00:58.831 INFO  --> Started AllCreateEndpointsTest in 3.595 seconds (process running for 4.497)
2026-05-05 14:00:58.833 INFO  --> Loading plugins...
2026-05-05 14:00:58.834 INFO  --> Plugin registered: MyPlugin
2026-05-05 14:00:58.834 INFO  --> Plugins loaded: [MyPlugin]
2026-05-05 14:00:58.964 INFO  --> Asset Requested with ID: 1, by user with Id: 1
2026-05-05 14:00:58.966 DEBUG --> Request Successfully Sent, with asset ID: 1, by user with Id: 1
2026-05-05 14:00:59.019 INFO  --> Closing JPA EntityManagerFactory for persistence unit 'default'
2026-05-05 14:00:59.021 INFO  --> HikariPool-1 - Shutdown initiated...
2026-05-05 14:00:59.024 INFO  --> HikariPool-1 - Shutdown completed.
2026-05-05 14:01:11.941 INFO  --> Starting AllCreateEndpointsTest using Java 25.0.2 with PID 77721 (started by etech in /Users/etech/Documents/OOP Project Materials/MyResourcer)
2026-05-05 14:01:11.950 DEBUG --> Running with Spring Boot v4.0.3, Spring v7.0.5
2026-05-05 14:01:11.951 INFO  --> No active profile set, falling back to 1 default profile: "default"
2026-05-05 14:01:12.409 INFO  --> Bootstrapping Spring Data JPA repositories in DEFAULT mode.
2026-05-05 14:01:12.445 INFO  --> Finished Spring Data repository scanning in 29 ms. Found 9 JPA repository interfaces.
2026-05-05 14:01:13.566 INFO  --> HHH008540: Processing PersistenceUnitInfo [name: default]
2026-05-05 14:01:13.602 INFO  --> HHH000001: Hibernate ORM core version 7.2.4.Final
2026-05-05 14:01:13.771 INFO  --> No LoadTimeWeaver setup: ignoring JPA class transformer
2026-05-05 14:01:13.792 INFO  --> HikariPool-1 - Starting...
2026-05-05 14:01:14.080 INFO  --> HikariPool-1 - Added connection com.mysql.cj.jdbc.ConnectionImpl@3d287f7c
2026-05-05 14:01:14.081 INFO  --> HikariPool-1 - Start completed.
2026-05-05 14:01:14.144 INFO  --> HHH10001005: Database info:
	Database JDBC URL [jdbc:mysql://localhost:3306/myTestResourcerDB?createDatabaseIfNotExist=true]
	Database driver: MySQL Connector/J
	Database dialect: MySQLDialect
	Database version: 9.6
	Default catalog/schema: myTestResourcerDB/undefined
	Autocommit mode: undefined/unknown
	Isolation level: REPEATABLE_READ [default REPEATABLE_READ]
	JDBC fetch size: none
	Pool: DataSourceConnectionProvider
	Minimum pool size: undefined/unknown
	Maximum pool size: undefined/unknown
2026-05-05 14:01:14.713 INFO  --> HHH000489: No JTA platform available (set 'hibernate.transaction.jta.platform' to enable JTA platform integration)
2026-05-05 14:01:14.794 INFO  --> Initialized JPA EntityManagerFactory for persistence unit 'default'
2026-05-05 14:01:14.864 INFO  --> Hibernate is in classpath; If applicable, HQL parser will be used.
2026-05-05 14:01:14.996 WARN  --> spring.jpa.open-in-view is enabled by default. Therefore, database queries may be performed during view rendering. Explicitly configure spring.jpa.open-in-view to disable this warning
2026-05-05 14:01:15.068 INFO  --> Global AuthenticationManager configured with UserDetailsService bean with name customUserDetailsService
2026-05-05 14:01:15.220 INFO  --> Adding welcome page template: index
2026-05-05 14:01:15.472 INFO  --> Initializing Spring TestDispatcherServlet ''
2026-05-05 14:01:15.473 INFO  --> Initializing Servlet ''
2026-05-05 14:01:15.474 INFO  --> Completed initialization in 1 ms
2026-05-05 14:01:15.508 INFO  --> Started AllCreateEndpointsTest in 3.846 seconds (process running for 5.021)
2026-05-05 14:01:15.511 INFO  --> Loading plugins...
2026-05-05 14:01:15.511 INFO  --> Plugin registered: MyPlugin
2026-05-05 14:01:15.511 INFO  --> Plugins loaded: [MyPlugin]
2026-05-05 14:01:15.669 INFO  --> Asset Requested with ID: 1, by user with Id: 1
2026-05-05 14:01:15.671 DEBUG --> Request Successfully Sent, with asset ID: 1, by user with Id: 1
2026-05-05 14:01:15.697 INFO  --> Adding new category: Test Category
2026-05-05 14:01:15.698 DEBUG --> Category added successfully: Test Category
2026-05-05 14:01:15.705 INFO  --> Adding new role: Test Role
2026-05-05 14:01:15.705 DEBUG --> Role added successfully: Test Role
2026-05-05 14:01:15.714 INFO  --> Adding new user: testuser
2026-05-05 14:01:15.715 DEBUG --> User added successfully: testuser
2026-05-05 14:01:15.721 INFO  --> Adding new department: Test Department
2026-05-05 14:01:15.721 DEBUG --> Department added successfully: Test Department
2026-05-05 14:01:15.729 INFO  --> Adding new asset: Test Asset
2026-05-05 14:01:15.729 DEBUG --> Asset added successfully: Test Asset
2026-05-05 14:01:15.735 INFO  --> Adding new condition: Test Condition
2026-05-05 14:01:15.735 DEBUG --> Condition added successfully: Test Condition
2026-05-05 14:01:15.741 INFO  --> Adding new status: Test Status
2026-05-05 14:01:15.741 DEBUG --> Status added successfully: Test Status
2026-05-05 14:01:15.795 INFO  --> Closing JPA EntityManagerFactory for persistence unit 'default'
2026-05-05 14:01:15.797 INFO  --> HikariPool-1 - Shutdown initiated...
2026-05-05 14:01:15.800 INFO  --> HikariPool-1 - Shutdown completed.
2026-05-05 14:01:37.651 INFO  --> Starting AllCreateEndpointsTest using Java 25.0.2 with PID 77806 (started by etech in /Users/etech/Documents/OOP Project Materials/MyResourcer)
2026-05-05 14:01:37.661 DEBUG --> Running with Spring Boot v4.0.3, Spring v7.0.5
2026-05-05 14:01:37.664 INFO  --> No active profile set, falling back to 1 default profile: "default"
2026-05-05 14:01:38.212 INFO  --> Bootstrapping Spring Data JPA repositories in DEFAULT mode.
2026-05-05 14:01:38.254 INFO  --> Finished Spring Data repository scanning in 31 ms. Found 9 JPA repository interfaces.
2026-05-05 14:01:39.431 INFO  --> HHH008540: Processing PersistenceUnitInfo [name: default]
2026-05-05 14:01:39.468 INFO  --> HHH000001: Hibernate ORM core version 7.2.4.Final
2026-05-05 14:01:39.673 INFO  --> No LoadTimeWeaver setup: ignoring JPA class transformer
2026-05-05 14:01:39.697 INFO  --> HikariPool-1 - Starting...
2026-05-05 14:01:40.094 INFO  --> HikariPool-1 - Added connection com.mysql.cj.jdbc.ConnectionImpl@63f609a4
2026-05-05 14:01:40.095 INFO  --> HikariPool-1 - Start completed.
2026-05-05 14:01:40.178 INFO  --> HHH10001005: Database info:
	Database JDBC URL [jdbc:mysql://localhost:3306/myTestResourcerDB?createDatabaseIfNotExist=true]
	Database driver: MySQL Connector/J
	Database dialect: MySQLDialect
	Database version: 9.6
	Default catalog/schema: myTestResourcerDB/undefined
	Autocommit mode: undefined/unknown
	Isolation level: REPEATABLE_READ [default REPEATABLE_READ]
	JDBC fetch size: none
	Pool: DataSourceConnectionProvider
	Minimum pool size: undefined/unknown
	Maximum pool size: undefined/unknown
2026-05-05 14:01:40.795 INFO  --> HHH000489: No JTA platform available (set 'hibernate.transaction.jta.platform' to enable JTA platform integration)
2026-05-05 14:01:40.896 INFO  --> Initialized JPA EntityManagerFactory for persistence unit 'default'
2026-05-05 14:01:40.964 INFO  --> Hibernate is in classpath; If applicable, HQL parser will be used.
2026-05-05 14:01:41.139 WARN  --> spring.jpa.open-in-view is enabled by default. Therefore, database queries may be performed during view rendering. Explicitly configure spring.jpa.open-in-view to disable this warning
2026-05-05 14:01:41.219 INFO  --> Global AuthenticationManager configured with UserDetailsService bean with name customUserDetailsService
2026-05-05 14:01:41.352 INFO  --> Adding welcome page template: index
2026-05-05 14:01:41.580 INFO  --> Initializing Spring TestDispatcherServlet ''
2026-05-05 14:01:41.580 INFO  --> Initializing Servlet ''
2026-05-05 14:01:41.581 INFO  --> Completed initialization in 1 ms
2026-05-05 14:01:41.602 INFO  --> Started AllCreateEndpointsTest in 4.239 seconds (process running for 5.792)
2026-05-05 14:01:41.603 INFO  --> Loading plugins...
2026-05-05 14:01:41.604 INFO  --> Plugin registered: MyPlugin
2026-05-05 14:01:41.604 INFO  --> Plugins loaded: [MyPlugin]
2026-05-05 14:01:41.751 INFO  --> Asset Requested with ID: 1, by user with Id: 1
2026-05-05 14:01:41.753 DEBUG --> Request Successfully Sent, with asset ID: 1, by user with Id: 1
2026-05-05 14:01:41.775 INFO  --> Adding new category: Test Category
2026-05-05 14:01:41.775 DEBUG --> Category added successfully: Test Category
2026-05-05 14:01:41.782 INFO  --> Adding new role: Test Role
2026-05-05 14:01:41.782 DEBUG --> Role added successfully: Test Role
2026-05-05 14:01:41.791 INFO  --> Adding new user: testuser
2026-05-05 14:01:41.791 DEBUG --> User added successfully: testuser
2026-05-05 14:01:41.798 INFO  --> Adding new department: Test Department
2026-05-05 14:01:41.799 DEBUG --> Department added successfully: Test Department
2026-05-05 14:01:41.814 INFO  --> Adding new asset: Test Asset
2026-05-05 14:01:41.814 DEBUG --> Asset added successfully: Test Asset
2026-05-05 14:01:41.825 INFO  --> Adding new condition: Test Condition
2026-05-05 14:01:41.825 DEBUG --> Condition added successfully: Test Condition
2026-05-05 14:01:41.836 INFO  --> Adding new status: Test Status
2026-05-05 14:01:41.836 DEBUG --> Status added successfully: Test Status
2026-05-05 14:01:41.854 INFO  --> Closing JPA EntityManagerFactory for persistence unit 'default'
2026-05-05 14:01:41.856 INFO  --> HikariPool-1 - Shutdown initiated...
2026-05-05 14:01:41.861 INFO  --> HikariPool-1 - Shutdown completed.
2026-05-05 14:04:53.533 INFO  --> Commencing graceful shutdown. Waiting for active requests to complete
2026-05-05 14:04:53.639 INFO  --> Graceful shutdown complete
2026-05-05 14:04:53.667 INFO  --> Closing JPA EntityManagerFactory for persistence unit 'default'
2026-05-05 14:04:53.712 INFO  --> HikariPool-1 - Shutdown initiated...
2026-05-05 14:04:53.759 INFO  --> HikariPool-1 - Shutdown completed.
2026-05-05 14:05:12.131 INFO  --> Starting AllCreateEndpointsTest using Java 25.0.2 with PID 77941 (started by etech in /Users/etech/Documents/OOP Project Materials/MyResourcer)
2026-05-05 14:05:12.143 DEBUG --> Running with Spring Boot v4.0.3, Spring v7.0.5
2026-05-05 14:05:12.143 INFO  --> No active profile set, falling back to 1 default profile: "default"
2026-05-05 14:05:12.794 INFO  --> Bootstrapping Spring Data JPA repositories in DEFAULT mode.
2026-05-05 14:05:12.845 INFO  --> Finished Spring Data repository scanning in 42 ms. Found 9 JPA repository interfaces.
2026-05-05 14:05:14.393 INFO  --> HHH008540: Processing PersistenceUnitInfo [name: default]
2026-05-05 14:05:14.462 INFO  --> HHH000001: Hibernate ORM core version 7.2.4.Final
2026-05-05 14:05:14.700 INFO  --> No LoadTimeWeaver setup: ignoring JPA class transformer
2026-05-05 14:05:14.722 INFO  --> HikariPool-1 - Starting...
2026-05-05 14:05:15.092 INFO  --> HikariPool-1 - Added connection com.mysql.cj.jdbc.ConnectionImpl@57596d71
2026-05-05 14:05:15.093 INFO  --> HikariPool-1 - Start completed.
2026-05-05 14:05:15.168 INFO  --> HHH10001005: Database info:
	Database JDBC URL [jdbc:mysql://localhost:3306/myTestResourcerDB?createDatabaseIfNotExist=true]
	Database driver: MySQL Connector/J
	Database dialect: MySQLDialect
	Database version: 9.6
	Default catalog/schema: myTestResourcerDB/undefined
	Autocommit mode: undefined/unknown
	Isolation level: REPEATABLE_READ [default REPEATABLE_READ]
	JDBC fetch size: none
	Pool: DataSourceConnectionProvider
	Minimum pool size: undefined/unknown
	Maximum pool size: undefined/unknown
2026-05-05 14:05:15.797 INFO  --> HHH000489: No JTA platform available (set 'hibernate.transaction.jta.platform' to enable JTA platform integration)
2026-05-05 14:05:15.894 INFO  --> Initialized JPA EntityManagerFactory for persistence unit 'default'
2026-05-05 14:05:15.952 INFO  --> Hibernate is in classpath; If applicable, HQL parser will be used.
2026-05-05 14:05:16.142 WARN  --> spring.jpa.open-in-view is enabled by default. Therefore, database queries may be performed during view rendering. Explicitly configure spring.jpa.open-in-view to disable this warning
2026-05-05 14:05:16.218 INFO  --> Global AuthenticationManager configured with UserDetailsService bean with name customUserDetailsService
2026-05-05 14:05:16.351 INFO  --> Adding welcome page template: index
2026-05-05 14:05:16.700 INFO  --> Initializing Spring TestDispatcherServlet ''
2026-05-05 14:05:16.700 INFO  --> Initializing Servlet ''
2026-05-05 14:05:16.702 INFO  --> Completed initialization in 2 ms
2026-05-05 14:05:16.743 INFO  --> Started AllCreateEndpointsTest in 5.044 seconds (process running for 6.409)
2026-05-05 14:05:16.749 INFO  --> Loading plugins...
2026-05-05 14:05:16.750 INFO  --> Plugin registered: MyPlugin
2026-05-05 14:05:16.750 INFO  --> Plugins loaded: [MyPlugin]
2026-05-05 14:05:17.011 INFO  --> Asset Requested with ID: 1, by user with Id: 1
2026-05-05 14:05:17.013 DEBUG --> Request Successfully Sent, with asset ID: 1, by user with Id: 1
2026-05-05 14:05:17.049 INFO  --> Adding new category: Test Category
2026-05-05 14:05:17.050 DEBUG --> Category added successfully: Test Category
2026-05-05 14:05:17.058 INFO  --> Adding new role: Test Role
2026-05-05 14:05:17.058 DEBUG --> Role added successfully: Test Role
2026-05-05 14:05:17.072 INFO  --> Adding new user: testuser
2026-05-05 14:05:17.073 DEBUG --> User added successfully: testuser
2026-05-05 14:05:17.081 INFO  --> Adding new department: Test Department
2026-05-05 14:05:17.081 DEBUG --> Department added successfully: Test Department
2026-05-05 14:05:17.090 INFO  --> Adding new asset: Test Asset
2026-05-05 14:05:17.090 DEBUG --> Asset added successfully: Test Asset
2026-05-05 14:05:17.099 INFO  --> Adding new condition: Test Condition
2026-05-05 14:05:17.100 DEBUG --> Condition added successfully: Test Condition
2026-05-05 14:05:17.110 INFO  --> Adding new status: Test Status
2026-05-05 14:05:17.110 DEBUG --> Status added successfully: Test Status
2026-05-05 14:05:17.127 INFO  --> Closing JPA EntityManagerFactory for persistence unit 'default'
2026-05-05 14:05:17.131 INFO  --> HikariPool-1 - Shutdown initiated...
2026-05-05 14:05:17.135 INFO  --> HikariPool-1 - Shutdown completed.
2026-05-05 14:06:01.560 INFO  --> Starting MyResourcerApplication using Java 25.0.2 with PID 78003 (/Users/etech/Documents/OOP Project Materials/MyResourcer/target/classes started by etech in /Users/etech/Documents/OOP Project Materials/MyResourcer)
2026-05-05 14:06:01.568 DEBUG --> Running with Spring Boot v4.0.3, Spring v7.0.5
2026-05-05 14:06:01.569 INFO  --> No active profile set, falling back to 1 default profile: "default"
2026-05-05 14:06:01.999 INFO  --> Bootstrapping Spring Data JPA repositories in DEFAULT mode.
2026-05-05 14:06:02.051 INFO  --> Finished Spring Data repository scanning in 45 ms. Found 9 JPA repository interfaces.
2026-05-05 14:06:02.323 INFO  --> Tomcat initialized with port 8080 (http)
2026-05-05 14:06:02.333 INFO  --> Initializing ProtocolHandler ["http-nio-8080"]
2026-05-05 14:06:02.334 INFO  --> Starting service [Tomcat]
2026-05-05 14:06:02.334 INFO  --> Starting Servlet engine: [Apache Tomcat/11.0.18]
2026-05-05 14:06:02.354 INFO  --> Root WebApplicationContext: initialization completed in 741 ms
2026-05-05 14:06:02.462 INFO  --> HHH008540: Processing PersistenceUnitInfo [name: default]
2026-05-05 14:06:02.502 INFO  --> HHH000001: Hibernate ORM core version 7.2.4.Final
2026-05-05 14:06:02.748 INFO  --> No LoadTimeWeaver setup: ignoring JPA class transformer
2026-05-05 14:06:02.764 INFO  --> HikariPool-1 - Starting...
2026-05-05 14:06:03.014 INFO  --> HikariPool-1 - Added connection com.mysql.cj.jdbc.ConnectionImpl@59831016
2026-05-05 14:06:03.015 INFO  --> HikariPool-1 - Start completed.
2026-05-05 14:06:03.082 INFO  --> HHH10001005: Database info:
	Database JDBC URL [jdbc:mysql://localhost:3306/myTestResourcerDB?createDatabaseIfNotExist=true]
	Database driver: MySQL Connector/J
	Database dialect: MySQLDialect
	Database version: 9.6
	Default catalog/schema: myTestResourcerDB/undefined
	Autocommit mode: undefined/unknown
	Isolation level: REPEATABLE_READ [default REPEATABLE_READ]
	JDBC fetch size: none
	Pool: DataSourceConnectionProvider
	Minimum pool size: undefined/unknown
	Maximum pool size: undefined/unknown
2026-05-05 14:06:03.618 INFO  --> HHH000489: No JTA platform available (set 'hibernate.transaction.jta.platform' to enable JTA platform integration)
2026-05-05 14:06:03.702 INFO  --> Initialized JPA EntityManagerFactory for persistence unit 'default'
2026-05-05 14:06:03.746 INFO  --> Hibernate is in classpath; If applicable, HQL parser will be used.
2026-05-05 14:06:03.953 WARN  --> spring.jpa.open-in-view is enabled by default. Therefore, database queries may be performed during view rendering. Explicitly configure spring.jpa.open-in-view to disable this warning
2026-05-05 14:06:03.996 INFO  --> Global AuthenticationManager configured with UserDetailsService bean with name customUserDetailsService
2026-05-05 14:06:04.081 INFO  --> Adding welcome page template: index
2026-05-05 14:06:04.226 INFO  --> Starting ProtocolHandler ["http-nio-8080"]
2026-05-05 14:06:04.233 INFO  --> Tomcat started on port 8080 (http) with context path '/'
2026-05-05 14:06:04.236 INFO  --> Started MyResourcerApplication in 3.042 seconds (process running for 3.639)
2026-05-05 14:06:04.238 INFO  --> Loading plugins...
2026-05-05 14:06:04.238 INFO  --> Plugin registered: MyPlugin
2026-05-05 14:06:04.238 INFO  --> Plugins loaded: [MyPlugin]
2026-05-05 14:06:09.885 INFO  --> Initializing Spring DispatcherServlet 'dispatcherServlet'
2026-05-05 14:06:09.886 INFO  --> Initializing Servlet 'dispatcherServlet'
2026-05-05 14:06:09.890 INFO  --> Completed initialization in 3 ms
2026-05-05 14:06:10.145 ERROR --> Servlet.service() for servlet [dispatcherServlet] in context with path [] threw exception [Request processing failed: org.springframework.jdbc.BadSqlGrammarException: StatementCallback; bad SQL grammar [SELECT * FROM request]] with root cause
java.sql.SQLSyntaxErrorException: Column 'user_id' not found.
	at com.mysql.cj.jdbc.exceptions.SQLError.createSQLException(SQLError.java:112)
	at com.mysql.cj.jdbc.exceptions.SQLError.createSQLException(SQLError.java:89)
	at com.mysql.cj.jdbc.exceptions.SQLError.createSQLException(SQLError.java:81)
	at com.mysql.cj.jdbc.exceptions.SQLError.createSQLException(SQLError.java:55)
	at com.mysql.cj.jdbc.result.ResultSetImpl.findColumn(ResultSetImpl.java:604)
	at com.mysql.cj.jdbc.result.ResultSetImpl.getInt(ResultSetImpl.java:877)
	at com.zaxxer.hikari.pool.HikariProxyResultSet.getInt(HikariProxyResultSet.java)
	at com.myresourcer.MyResourcer.Services.READ_ServiceManager$1.mapRow(READ_ServiceManager.java:67)
	at com.myresourcer.MyResourcer.Services.READ_ServiceManager$1.mapRow(READ_ServiceManager.java:56)
	at org.springframework.jdbc.core.RowMapperResultSetExtractor.extractData(RowMapperResultSetExtractor.java:110)
	at org.springframework.jdbc.core.RowMapperResultSetExtractor.extractData(RowMapperResultSetExtractor.java:62)
	at org.springframework.jdbc.core.JdbcTemplate$1QueryStatementCallback.doInStatement(JdbcTemplate.java:479)
	at org.springframework.jdbc.core.JdbcTemplate.execute(JdbcTemplate.java:412)
	at org.springframework.jdbc.core.JdbcTemplate.query(JdbcTemplate.java:491)
	at org.springframework.jdbc.core.JdbcTemplate.query(JdbcTemplate.java:501)
	at com.myresourcer.MyResourcer.Services.READ_ServiceManager.getAllRequests(READ_ServiceManager.java:56)
	at com.myresourcer.MyResourcer.WEB_Controllers.WebController.index(WebController.java:88)
	at java.base/jdk.internal.reflect.DirectMethodHandleAccessor.invoke(DirectMethodHandleAccessor.java:104)
	at java.base/java.lang.reflect.Method.invoke(Method.java:565)
	at org.springframework.web.method.support.InvocableHandlerMethod.doInvoke(InvocableHandlerMethod.java:252)
	at org.springframework.web.method.support.InvocableHandlerMethod.invokeForRequest(InvocableHandlerMethod.java:184)
	at org.springframework.web.servlet.mvc.method.annotation.ServletInvocableHandlerMethod.invokeAndHandle(ServletInvocableHandlerMethod.java:117)
	at org.springframework.web.servlet.mvc.method.annotation.RequestMappingHandlerAdapter.invokeHandlerMethod(RequestMappingHandlerAdapter.java:934)
	at org.springframework.web.servlet.mvc.method.annotation.RequestMappingHandlerAdapter.handleInternal(RequestMappingHandlerAdapter.java:853)
	at org.springframework.web.servlet.mvc.method.AbstractHandlerMethodAdapter.handle(AbstractHandlerMethodAdapter.java:86)
	at org.springframework.web.servlet.DispatcherServlet.doDispatch(DispatcherServlet.java:963)
	at org.springframework.web.servlet.DispatcherServlet.doService(DispatcherServlet.java:866)
	at org.springframework.web.servlet.FrameworkServlet.processRequest(FrameworkServlet.java:1000)
	at org.springframework.web.servlet.FrameworkServlet.doGet(FrameworkServlet.java:892)
	at jakarta.servlet.http.HttpServlet.service(HttpServlet.java:622)
	at org.springframework.web.servlet.FrameworkServlet.service(FrameworkServlet.java:874)
	at jakarta.servlet.http.HttpServlet.service(HttpServlet.java:710)
	at org.apache.catalina.core.ApplicationFilterChain.doFilter(ApplicationFilterChain.java:128)
	at org.apache.tomcat.websocket.server.WsFilter.doFilter(WsFilter.java:53)
	at org.apache.catalina.core.ApplicationFilterChain.doFilter(ApplicationFilterChain.java:107)
	at org.springframework.web.filter.CompositeFilter$VirtualFilterChain.doFilter(CompositeFilter.java:108)
	at org.springframework.security.web.FilterChainProxy.lambda$doFilterInternal$3(FilterChainProxy.java:235)
	at org.springframework.security.web.FilterChainProxy$VirtualFilterChain.doFilter(FilterChainProxy.java:371)
	at org.springframework.security.web.access.intercept.AuthorizationFilter.doFilter(AuthorizationFilter.java:101)
	at org.springframework.security.web.FilterChainProxy$VirtualFilterChain.doFilter(FilterChainProxy.java:380)
	at org.springframework.security.web.access.ExceptionTranslationFilter.doFilter(ExceptionTranslationFilter.java:126)
	at org.springframework.security.web.access.ExceptionTranslationFilter.doFilter(ExceptionTranslationFilter.java:120)
	at org.springframework.security.web.FilterChainProxy$VirtualFilterChain.doFilter(FilterChainProxy.java:380)
	at org.springframework.security.web.authentication.AnonymousAuthenticationFilter.doFilter(AnonymousAuthenticationFilter.java:100)
	at org.springframework.security.web.FilterChainProxy$VirtualFilterChain.doFilter(FilterChainProxy.java:380)
	at org.springframework.security.web.servletapi.SecurityContextHolderAwareRequestFilter.doFilter(SecurityContextHolderAwareRequestFilter.java:181)
	at org.springframework.security.web.FilterChainProxy$VirtualFilterChain.doFilter(FilterChainProxy.java:380)
	at org.springframework.security.web.savedrequest.RequestCacheAwareFilter.doFilter(RequestCacheAwareFilter.java:63)
	at org.springframework.security.web.FilterChainProxy$VirtualFilterChain.doFilter(FilterChainProxy.java:380)
	at org.springframework.security.web.authentication.www.BasicAuthenticationFilter.doFilterInternal(BasicAuthenticationFilter.java:198)
	at org.springframework.web.filter.OncePerRequestFilter.doFilter(OncePerRequestFilter.java:116)
	at org.springframework.security.web.FilterChainProxy$VirtualFilterChain.doFilter(FilterChainProxy.java:380)
	at org.springframework.security.web.authentication.AbstractAuthenticationProcessingFilter.doFilter(AbstractAuthenticationProcessingFilter.java:245)
	at org.springframework.security.web.authentication.AbstractAuthenticationProcessingFilter.doFilter(AbstractAuthenticationProcessingFilter.java:239)
	at org.springframework.security.web.FilterChainProxy$VirtualFilterChain.doFilter(FilterChainProxy.java:380)
	at org.springframework.security.web.authentication.logout.LogoutFilter.doFilter(LogoutFilter.java:110)
	at org.springframework.security.web.authentication.logout.LogoutFilter.doFilter(LogoutFilter.java:96)
	at org.springframework.security.web.FilterChainProxy$VirtualFilterChain.doFilter(FilterChainProxy.java:380)
	at org.springframework.security.web.header.HeaderWriterFilter.doHeadersAfter(HeaderWriterFilter.java:90)
	at org.springframework.security.web.header.HeaderWriterFilter.doFilterInternal(HeaderWriterFilter.java:75)
	at org.springframework.web.filter.OncePerRequestFilter.doFilter(OncePerRequestFilter.java:116)
	at org.springframework.security.web.FilterChainProxy$VirtualFilterChain.doFilter(FilterChainProxy.java:380)
	at org.springframework.security.web.context.SecurityContextHolderFilter.doFilter(SecurityContextHolderFilter.java:82)
	at org.springframework.security.web.context.SecurityContextHolderFilter.doFilter(SecurityContextHolderFilter.java:69)
	at org.springframework.security.web.FilterChainProxy$VirtualFilterChain.doFilter(FilterChainProxy.java:380)
	at org.springframework.security.web.context.request.async.WebAsyncManagerIntegrationFilter.doFilterInternal(WebAsyncManagerIntegrationFilter.java:62)
	at org.springframework.web.filter.OncePerRequestFilter.doFilter(OncePerRequestFilter.java:116)
	at org.springframework.security.web.FilterChainProxy$VirtualFilterChain.doFilter(FilterChainProxy.java:380)
	at org.springframework.security.web.session.DisableEncodeUrlFilter.doFilterInternal(DisableEncodeUrlFilter.java:42)
	at org.springframework.web.filter.OncePerRequestFilter.doFilter(OncePerRequestFilter.java:116)
	at org.springframework.security.web.FilterChainProxy$VirtualFilterChain.doFilter(FilterChainProxy.java:380)
	at org.springframework.security.web.FilterChainProxy.doFilterInternal(FilterChainProxy.java:237)
	at org.springframework.security.web.FilterChainProxy.doFilter(FilterChainProxy.java:195)
	at org.springframework.web.filter.CompositeFilter$VirtualFilterChain.doFilter(CompositeFilter.java:113)
	at org.springframework.web.filter.ServletRequestPathFilter.doFilter(ServletRequestPathFilter.java:52)
	at org.springframework.web.filter.CompositeFilter$VirtualFilterChain.doFilter(CompositeFilter.java:113)
	at org.springframework.web.filter.CompositeFilter.doFilter(CompositeFilter.java:74)
	at org.springframework.security.config.annotation.web.configuration.WebSecurityConfiguration$CompositeFilterChainProxy.doFilter(WebSecurityConfiguration.java:317)
	at org.springframework.web.filter.DelegatingFilterProxy.invokeDelegate(DelegatingFilterProxy.java:355)
	at org.springframework.web.filter.DelegatingFilterProxy.doFilter(DelegatingFilterProxy.java:272)
	at org.apache.catalina.core.ApplicationFilterChain.doFilter(ApplicationFilterChain.java:107)
	at org.springframework.web.filter.RequestContextFilter.doFilterInternal(RequestContextFilter.java:100)
	at org.springframework.web.filter.OncePerRequestFilter.doFilter(OncePerRequestFilter.java:116)
	at org.apache.catalina.core.ApplicationFilterChain.doFilter(ApplicationFilterChain.java:107)
	at org.springframework.web.filter.FormContentFilter.doFilterInternal(FormContentFilter.java:93)
	at org.springframework.web.filter.OncePerRequestFilter.doFilter(OncePerRequestFilter.java:116)
	at org.apache.catalina.core.ApplicationFilterChain.doFilter(ApplicationFilterChain.java:107)
	at org.springframework.web.filter.CharacterEncodingFilter.doFilterInternal(CharacterEncodingFilter.java:199)
	at org.springframework.web.filter.OncePerRequestFilter.doFilter(OncePerRequestFilter.java:116)
	at org.apache.catalina.core.ApplicationFilterChain.doFilter(ApplicationFilterChain.java:107)
	at org.apache.catalina.core.StandardWrapperValve.invoke(StandardWrapperValve.java:165)
	at org.apache.catalina.core.StandardContextValve.invoke(StandardContextValve.java:77)
	at org.apache.catalina.authenticator.AuthenticatorBase.invoke(AuthenticatorBase.java:492)
	at org.apache.catalina.core.StandardHostValve.invoke(StandardHostValve.java:113)
	at org.apache.catalina.valves.ErrorReportValve.invoke(ErrorReportValve.java:83)
	at org.apache.catalina.core.StandardEngineValve.invoke(StandardEngineValve.java:72)
	at org.apache.catalina.connector.CoyoteAdapter.service(CoyoteAdapter.java:341)
	at org.apache.coyote.http11.Http11Processor.service(Http11Processor.java:397)
	at org.apache.coyote.AbstractProcessorLight.process(AbstractProcessorLight.java:63)
	at org.apache.coyote.AbstractProtocol$ConnectionHandler.process(AbstractProtocol.java:903)
	at org.apache.tomcat.util.net.NioEndpoint$SocketProcessor.doRun(NioEndpoint.java:1779)
	at org.apache.tomcat.util.net.SocketProcessorBase.run(SocketProcessorBase.java:52)
	at org.apache.tomcat.util.threads.ThreadPoolExecutor.runWorker(ThreadPoolExecutor.java:946)
	at org.apache.tomcat.util.threads.ThreadPoolExecutor$Worker.run(ThreadPoolExecutor.java:480)
	at org.apache.tomcat.util.threads.TaskThread$WrappingRunnable.run(TaskThread.java:57)
	at java.base/java.lang.Thread.run(Thread.java:1474)
2026-05-05 14:06:13.436 ERROR --> Servlet.service() for servlet [dispatcherServlet] in context with path [] threw exception [Request processing failed: org.springframework.jdbc.BadSqlGrammarException: StatementCallback; bad SQL grammar [SELECT * FROM request]] with root cause
java.sql.SQLSyntaxErrorException: Column 'user_id' not found.
	at com.mysql.cj.jdbc.exceptions.SQLError.createSQLException(SQLError.java:112)
	at com.mysql.cj.jdbc.exceptions.SQLError.createSQLException(SQLError.java:89)
	at com.mysql.cj.jdbc.exceptions.SQLError.createSQLException(SQLError.java:81)
	at com.mysql.cj.jdbc.exceptions.SQLError.createSQLException(SQLError.java:55)
	at com.mysql.cj.jdbc.result.ResultSetImpl.findColumn(ResultSetImpl.java:604)
	at com.mysql.cj.jdbc.result.ResultSetImpl.getInt(ResultSetImpl.java:877)
	at com.zaxxer.hikari.pool.HikariProxyResultSet.getInt(HikariProxyResultSet.java)
	at com.myresourcer.MyResourcer.Services.READ_ServiceManager$1.mapRow(READ_ServiceManager.java:67)
	at com.myresourcer.MyResourcer.Services.READ_ServiceManager$1.mapRow(READ_ServiceManager.java:56)
	at org.springframework.jdbc.core.RowMapperResultSetExtractor.extractData(RowMapperResultSetExtractor.java:110)
	at org.springframework.jdbc.core.RowMapperResultSetExtractor.extractData(RowMapperResultSetExtractor.java:62)
	at org.springframework.jdbc.core.JdbcTemplate$1QueryStatementCallback.doInStatement(JdbcTemplate.java:479)
	at org.springframework.jdbc.core.JdbcTemplate.execute(JdbcTemplate.java:412)
	at org.springframework.jdbc.core.JdbcTemplate.query(JdbcTemplate.java:491)
	at org.springframework.jdbc.core.JdbcTemplate.query(JdbcTemplate.java:501)
	at com.myresourcer.MyResourcer.Services.READ_ServiceManager.getAllRequests(READ_ServiceManager.java:56)
	at com.myresourcer.MyResourcer.WEB_Controllers.WebController.index(WebController.java:88)
	at java.base/jdk.internal.reflect.DirectMethodHandleAccessor.invoke(DirectMethodHandleAccessor.java:104)
	at java.base/java.lang.reflect.Method.invoke(Method.java:565)
	at org.springframework.web.method.support.InvocableHandlerMethod.doInvoke(InvocableHandlerMethod.java:252)
	at org.springframework.web.method.support.InvocableHandlerMethod.invokeForRequest(InvocableHandlerMethod.java:184)
	at org.springframework.web.servlet.mvc.method.annotation.ServletInvocableHandlerMethod.invokeAndHandle(ServletInvocableHandlerMethod.java:117)
	at org.springframework.web.servlet.mvc.method.annotation.RequestMappingHandlerAdapter.invokeHandlerMethod(RequestMappingHandlerAdapter.java:934)
	at org.springframework.web.servlet.mvc.method.annotation.RequestMappingHandlerAdapter.handleInternal(RequestMappingHandlerAdapter.java:853)
	at org.springframework.web.servlet.mvc.method.AbstractHandlerMethodAdapter.handle(AbstractHandlerMethodAdapter.java:86)
	at org.springframework.web.servlet.DispatcherServlet.doDispatch(DispatcherServlet.java:963)
	at org.springframework.web.servlet.DispatcherServlet.doService(DispatcherServlet.java:866)
	at org.springframework.web.servlet.FrameworkServlet.processRequest(FrameworkServlet.java:1000)
	at org.springframework.web.servlet.FrameworkServlet.doGet(FrameworkServlet.java:892)
	at jakarta.servlet.http.HttpServlet.service(HttpServlet.java:622)
	at org.springframework.web.servlet.FrameworkServlet.service(FrameworkServlet.java:874)
	at jakarta.servlet.http.HttpServlet.service(HttpServlet.java:710)
	at org.apache.catalina.core.ApplicationFilterChain.doFilter(ApplicationFilterChain.java:128)
	at org.apache.tomcat.websocket.server.WsFilter.doFilter(WsFilter.java:53)
	at org.apache.catalina.core.ApplicationFilterChain.doFilter(ApplicationFilterChain.java:107)
	at org.springframework.web.filter.CompositeFilter$VirtualFilterChain.doFilter(CompositeFilter.java:108)
	at org.springframework.security.web.FilterChainProxy.lambda$doFilterInternal$3(FilterChainProxy.java:235)
	at org.springframework.security.web.FilterChainProxy$VirtualFilterChain.doFilter(FilterChainProxy.java:371)
	at org.springframework.security.web.access.intercept.AuthorizationFilter.doFilter(AuthorizationFilter.java:101)
	at org.springframework.security.web.FilterChainProxy$VirtualFilterChain.doFilter(FilterChainProxy.java:380)
	at org.springframework.security.web.access.ExceptionTranslationFilter.doFilter(ExceptionTranslationFilter.java:126)
	at org.springframework.security.web.access.ExceptionTranslationFilter.doFilter(ExceptionTranslationFilter.java:120)
	at org.springframework.security.web.FilterChainProxy$VirtualFilterChain.doFilter(FilterChainProxy.java:380)
	at org.springframework.security.web.authentication.AnonymousAuthenticationFilter.doFilter(AnonymousAuthenticationFilter.java:100)
	at org.springframework.security.web.FilterChainProxy$VirtualFilterChain.doFilter(FilterChainProxy.java:380)
	at org.springframework.security.web.servletapi.SecurityContextHolderAwareRequestFilter.doFilter(SecurityContextHolderAwareRequestFilter.java:181)
	at org.springframework.security.web.FilterChainProxy$VirtualFilterChain.doFilter(FilterChainProxy.java:380)
	at org.springframework.security.web.savedrequest.RequestCacheAwareFilter.doFilter(RequestCacheAwareFilter.java:63)
	at org.springframework.security.web.FilterChainProxy$VirtualFilterChain.doFilter(FilterChainProxy.java:380)
	at org.springframework.security.web.authentication.www.BasicAuthenticationFilter.doFilterInternal(BasicAuthenticationFilter.java:198)
	at org.springframework.web.filter.OncePerRequestFilter.doFilter(OncePerRequestFilter.java:116)
	at org.springframework.security.web.FilterChainProxy$VirtualFilterChain.doFilter(FilterChainProxy.java:380)
	at org.springframework.security.web.authentication.AbstractAuthenticationProcessingFilter.doFilter(AbstractAuthenticationProcessingFilter.java:245)
	at org.springframework.security.web.authentication.AbstractAuthenticationProcessingFilter.doFilter(AbstractAuthenticationProcessingFilter.java:239)
	at org.springframework.security.web.FilterChainProxy$VirtualFilterChain.doFilter(FilterChainProxy.java:380)
	at org.springframework.security.web.authentication.logout.LogoutFilter.doFilter(LogoutFilter.java:110)
	at org.springframework.security.web.authentication.logout.LogoutFilter.doFilter(LogoutFilter.java:96)
	at org.springframework.security.web.FilterChainProxy$VirtualFilterChain.doFilter(FilterChainProxy.java:380)
	at org.springframework.security.web.header.HeaderWriterFilter.doHeadersAfter(HeaderWriterFilter.java:90)
	at org.springframework.security.web.header.HeaderWriterFilter.doFilterInternal(HeaderWriterFilter.java:75)
	at org.springframework.web.filter.OncePerRequestFilter.doFilter(OncePerRequestFilter.java:116)
	at org.springframework.security.web.FilterChainProxy$VirtualFilterChain.doFilter(FilterChainProxy.java:380)
	at org.springframework.security.web.context.SecurityContextHolderFilter.doFilter(SecurityContextHolderFilter.java:82)
	at org.springframework.security.web.context.SecurityContextHolderFilter.doFilter(SecurityContextHolderFilter.java:69)
	at org.springframework.security.web.FilterChainProxy$VirtualFilterChain.doFilter(FilterChainProxy.java:380)
	at org.springframework.security.web.context.request.async.WebAsyncManagerIntegrationFilter.doFilterInternal(WebAsyncManagerIntegrationFilter.java:62)
	at org.springframework.web.filter.OncePerRequestFilter.doFilter(OncePerRequestFilter.java:116)
	at org.springframework.security.web.FilterChainProxy$VirtualFilterChain.doFilter(FilterChainProxy.java:380)
	at org.springframework.security.web.session.DisableEncodeUrlFilter.doFilterInternal(DisableEncodeUrlFilter.java:42)
	at org.springframework.web.filter.OncePerRequestFilter.doFilter(OncePerRequestFilter.java:116)
	at org.springframework.security.web.FilterChainProxy$VirtualFilterChain.doFilter(FilterChainProxy.java:380)
	at org.springframework.security.web.FilterChainProxy.doFilterInternal(FilterChainProxy.java:237)
	at org.springframework.security.web.FilterChainProxy.doFilter(FilterChainProxy.java:195)
	at org.springframework.web.filter.CompositeFilter$VirtualFilterChain.doFilter(CompositeFilter.java:113)
	at org.springframework.web.filter.ServletRequestPathFilter.doFilter(ServletRequestPathFilter.java:52)
	at org.springframework.web.filter.CompositeFilter$VirtualFilterChain.doFilter(CompositeFilter.java:113)
	at org.springframework.web.filter.CompositeFilter.doFilter(CompositeFilter.java:74)
	at org.springframework.security.config.annotation.web.configuration.WebSecurityConfiguration$CompositeFilterChainProxy.doFilter(WebSecurityConfiguration.java:317)
	at org.springframework.web.filter.DelegatingFilterProxy.invokeDelegate(DelegatingFilterProxy.java:355)
	at org.springframework.web.filter.DelegatingFilterProxy.doFilter(DelegatingFilterProxy.java:272)
	at org.apache.catalina.core.ApplicationFilterChain.doFilter(ApplicationFilterChain.java:107)
	at org.springframework.web.filter.RequestContextFilter.doFilterInternal(RequestContextFilter.java:100)
	at org.springframework.web.filter.OncePerRequestFilter.doFilter(OncePerRequestFilter.java:116)
	at org.apache.catalina.core.ApplicationFilterChain.doFilter(ApplicationFilterChain.java:107)
	at org.springframework.web.filter.FormContentFilter.doFilterInternal(FormContentFilter.java:93)
	at org.springframework.web.filter.OncePerRequestFilter.doFilter(OncePerRequestFilter.java:116)
	at org.apache.catalina.core.ApplicationFilterChain.doFilter(ApplicationFilterChain.java:107)
	at org.springframework.web.filter.CharacterEncodingFilter.doFilterInternal(CharacterEncodingFilter.java:199)
	at org.springframework.web.filter.OncePerRequestFilter.doFilter(OncePerRequestFilter.java:116)
	at org.apache.catalina.core.ApplicationFilterChain.doFilter(ApplicationFilterChain.java:107)
	at org.apache.catalina.core.StandardWrapperValve.invoke(StandardWrapperValve.java:165)
	at org.apache.catalina.core.StandardContextValve.invoke(StandardContextValve.java:77)
	at org.apache.catalina.authenticator.AuthenticatorBase.invoke(AuthenticatorBase.java:492)
	at org.apache.catalina.core.StandardHostValve.invoke(StandardHostValve.java:113)
	at org.apache.catalina.valves.ErrorReportValve.invoke(ErrorReportValve.java:83)
	at org.apache.catalina.core.StandardEngineValve.invoke(StandardEngineValve.java:72)
	at org.apache.catalina.connector.CoyoteAdapter.service(CoyoteAdapter.java:341)
	at org.apache.coyote.http11.Http11Processor.service(Http11Processor.java:397)
	at org.apache.coyote.AbstractProcessorLight.process(AbstractProcessorLight.java:63)
	at org.apache.coyote.AbstractProtocol$ConnectionHandler.process(AbstractProtocol.java:903)
	at org.apache.tomcat.util.net.NioEndpoint$SocketProcessor.doRun(NioEndpoint.java:1779)
	at org.apache.tomcat.util.net.SocketProcessorBase.run(SocketProcessorBase.java:52)
	at org.apache.tomcat.util.threads.ThreadPoolExecutor.runWorker(ThreadPoolExecutor.java:946)
	at org.apache.tomcat.util.threads.ThreadPoolExecutor$Worker.run(ThreadPoolExecutor.java:480)
	at org.apache.tomcat.util.threads.TaskThread$WrappingRunnable.run(TaskThread.java:57)
	at java.base/java.lang.Thread.run(Thread.java:1474)
2026-05-05 14:06:14.701 ERROR --> Servlet.service() for servlet [dispatcherServlet] in context with path [] threw exception [Request processing failed: org.springframework.jdbc.BadSqlGrammarException: StatementCallback; bad SQL grammar [SELECT * FROM request]] with root cause
java.sql.SQLSyntaxErrorException: Column 'user_id' not found.
	at com.mysql.cj.jdbc.exceptions.SQLError.createSQLException(SQLError.java:112)
	at com.mysql.cj.jdbc.exceptions.SQLError.createSQLException(SQLError.java:89)
	at com.mysql.cj.jdbc.exceptions.SQLError.createSQLException(SQLError.java:81)
	at com.mysql.cj.jdbc.exceptions.SQLError.createSQLException(SQLError.java:55)
	at com.mysql.cj.jdbc.result.ResultSetImpl.findColumn(ResultSetImpl.java:604)
	at com.mysql.cj.jdbc.result.ResultSetImpl.getInt(ResultSetImpl.java:877)
	at com.zaxxer.hikari.pool.HikariProxyResultSet.getInt(HikariProxyResultSet.java)
	at com.myresourcer.MyResourcer.Services.READ_ServiceManager$1.mapRow(READ_ServiceManager.java:67)
	at com.myresourcer.MyResourcer.Services.READ_ServiceManager$1.mapRow(READ_ServiceManager.java:56)
	at org.springframework.jdbc.core.RowMapperResultSetExtractor.extractData(RowMapperResultSetExtractor.java:110)
	at org.springframework.jdbc.core.RowMapperResultSetExtractor.extractData(RowMapperResultSetExtractor.java:62)
	at org.springframework.jdbc.core.JdbcTemplate$1QueryStatementCallback.doInStatement(JdbcTemplate.java:479)
	at org.springframework.jdbc.core.JdbcTemplate.execute(JdbcTemplate.java:412)
	at org.springframework.jdbc.core.JdbcTemplate.query(JdbcTemplate.java:491)
	at org.springframework.jdbc.core.JdbcTemplate.query(JdbcTemplate.java:501)
	at com.myresourcer.MyResourcer.Services.READ_ServiceManager.getAllRequests(READ_ServiceManager.java:56)
	at com.myresourcer.MyResourcer.WEB_Controllers.WebController.index(WebController.java:88)
	at java.base/jdk.internal.reflect.DirectMethodHandleAccessor.invoke(DirectMethodHandleAccessor.java:104)
	at java.base/java.lang.reflect.Method.invoke(Method.java:565)
	at org.springframework.web.method.support.InvocableHandlerMethod.doInvoke(InvocableHandlerMethod.java:252)
	at org.springframework.web.method.support.InvocableHandlerMethod.invokeForRequest(InvocableHandlerMethod.java:184)
	at org.springframework.web.servlet.mvc.method.annotation.ServletInvocableHandlerMethod.invokeAndHandle(ServletInvocableHandlerMethod.java:117)
	at org.springframework.web.servlet.mvc.method.annotation.RequestMappingHandlerAdapter.invokeHandlerMethod(RequestMappingHandlerAdapter.java:934)
	at org.springframework.web.servlet.mvc.method.annotation.RequestMappingHandlerAdapter.handleInternal(RequestMappingHandlerAdapter.java:853)
	at org.springframework.web.servlet.mvc.method.AbstractHandlerMethodAdapter.handle(AbstractHandlerMethodAdapter.java:86)
	at org.springframework.web.servlet.DispatcherServlet.doDispatch(DispatcherServlet.java:963)
	at org.springframework.web.servlet.DispatcherServlet.doService(DispatcherServlet.java:866)
	at org.springframework.web.servlet.FrameworkServlet.processRequest(FrameworkServlet.java:1000)
	at org.springframework.web.servlet.FrameworkServlet.doGet(FrameworkServlet.java:892)
	at jakarta.servlet.http.HttpServlet.service(HttpServlet.java:622)
	at org.springframework.web.servlet.FrameworkServlet.service(FrameworkServlet.java:874)
	at jakarta.servlet.http.HttpServlet.service(HttpServlet.java:710)
	at org.apache.catalina.core.ApplicationFilterChain.doFilter(ApplicationFilterChain.java:128)
	at org.apache.tomcat.websocket.server.WsFilter.doFilter(WsFilter.java:53)
	at org.apache.catalina.core.ApplicationFilterChain.doFilter(ApplicationFilterChain.java:107)
	at org.springframework.web.filter.CompositeFilter$VirtualFilterChain.doFilter(CompositeFilter.java:108)
	at org.springframework.security.web.FilterChainProxy.lambda$doFilterInternal$3(FilterChainProxy.java:235)
	at org.springframework.security.web.FilterChainProxy$VirtualFilterChain.doFilter(FilterChainProxy.java:371)
	at org.springframework.security.web.access.intercept.AuthorizationFilter.doFilter(AuthorizationFilter.java:101)
	at org.springframework.security.web.FilterChainProxy$VirtualFilterChain.doFilter(FilterChainProxy.java:380)
	at org.springframework.security.web.access.ExceptionTranslationFilter.doFilter(ExceptionTranslationFilter.java:126)
	at org.springframework.security.web.access.ExceptionTranslationFilter.doFilter(ExceptionTranslationFilter.java:120)
	at org.springframework.security.web.FilterChainProxy$VirtualFilterChain.doFilter(FilterChainProxy.java:380)
	at org.springframework.security.web.authentication.AnonymousAuthenticationFilter.doFilter(AnonymousAuthenticationFilter.java:100)
	at org.springframework.security.web.FilterChainProxy$VirtualFilterChain.doFilter(FilterChainProxy.java:380)
	at org.springframework.security.web.servletapi.SecurityContextHolderAwareRequestFilter.doFilter(SecurityContextHolderAwareRequestFilter.java:181)
	at org.springframework.security.web.FilterChainProxy$VirtualFilterChain.doFilter(FilterChainProxy.java:380)
	at org.springframework.security.web.savedrequest.RequestCacheAwareFilter.doFilter(RequestCacheAwareFilter.java:63)
	at org.springframework.security.web.FilterChainProxy$VirtualFilterChain.doFilter(FilterChainProxy.java:380)
	at org.springframework.security.web.authentication.www.BasicAuthenticationFilter.doFilterInternal(BasicAuthenticationFilter.java:198)
	at org.springframework.web.filter.OncePerRequestFilter.doFilter(OncePerRequestFilter.java:116)
	at org.springframework.security.web.FilterChainProxy$VirtualFilterChain.doFilter(FilterChainProxy.java:380)
	at org.springframework.security.web.authentication.AbstractAuthenticationProcessingFilter.doFilter(AbstractAuthenticationProcessingFilter.java:245)
	at org.springframework.security.web.authentication.AbstractAuthenticationProcessingFilter.doFilter(AbstractAuthenticationProcessingFilter.java:239)
	at org.springframework.security.web.FilterChainProxy$VirtualFilterChain.doFilter(FilterChainProxy.java:380)
	at org.springframework.security.web.authentication.logout.LogoutFilter.doFilter(LogoutFilter.java:110)
	at org.springframework.security.web.authentication.logout.LogoutFilter.doFilter(LogoutFilter.java:96)
	at org.springframework.security.web.FilterChainProxy$VirtualFilterChain.doFilter(FilterChainProxy.java:380)
	at org.springframework.security.web.header.HeaderWriterFilter.doHeadersAfter(HeaderWriterFilter.java:90)
	at org.springframework.security.web.header.HeaderWriterFilter.doFilterInternal(HeaderWriterFilter.java:75)
	at org.springframework.web.filter.OncePerRequestFilter.doFilter(OncePerRequestFilter.java:116)
	at org.springframework.security.web.FilterChainProxy$VirtualFilterChain.doFilter(FilterChainProxy.java:380)
	at org.springframework.security.web.context.SecurityContextHolderFilter.doFilter(SecurityContextHolderFilter.java:82)
	at org.springframework.security.web.context.SecurityContextHolderFilter.doFilter(SecurityContextHolderFilter.java:69)
	at org.springframework.security.web.FilterChainProxy$VirtualFilterChain.doFilter(FilterChainProxy.java:380)
	at org.springframework.security.web.context.request.async.WebAsyncManagerIntegrationFilter.doFilterInternal(WebAsyncManagerIntegrationFilter.java:62)
	at org.springframework.web.filter.OncePerRequestFilter.doFilter(OncePerRequestFilter.java:116)
	at org.springframework.security.web.FilterChainProxy$VirtualFilterChain.doFilter(FilterChainProxy.java:380)
	at org.springframework.security.web.session.DisableEncodeUrlFilter.doFilterInternal(DisableEncodeUrlFilter.java:42)
	at org.springframework.web.filter.OncePerRequestFilter.doFilter(OncePerRequestFilter.java:116)
	at org.springframework.security.web.FilterChainProxy$VirtualFilterChain.doFilter(FilterChainProxy.java:380)
	at org.springframework.security.web.FilterChainProxy.doFilterInternal(FilterChainProxy.java:237)
	at org.springframework.security.web.FilterChainProxy.doFilter(FilterChainProxy.java:195)
	at org.springframework.web.filter.CompositeFilter$VirtualFilterChain.doFilter(CompositeFilter.java:113)
	at org.springframework.web.filter.ServletRequestPathFilter.doFilter(ServletRequestPathFilter.java:52)
	at org.springframework.web.filter.CompositeFilter$VirtualFilterChain.doFilter(CompositeFilter.java:113)
	at org.springframework.web.filter.CompositeFilter.doFilter(CompositeFilter.java:74)
	at org.springframework.security.config.annotation.web.configuration.WebSecurityConfiguration$CompositeFilterChainProxy.doFilter(WebSecurityConfiguration.java:317)
	at org.springframework.web.filter.DelegatingFilterProxy.invokeDelegate(DelegatingFilterProxy.java:355)
	at org.springframework.web.filter.DelegatingFilterProxy.doFilter(DelegatingFilterProxy.java:272)
	at org.apache.catalina.core.ApplicationFilterChain.doFilter(ApplicationFilterChain.java:107)
	at org.springframework.web.filter.RequestContextFilter.doFilterInternal(RequestContextFilter.java:100)
	at org.springframework.web.filter.OncePerRequestFilter.doFilter(OncePerRequestFilter.java:116)
	at org.apache.catalina.core.ApplicationFilterChain.doFilter(ApplicationFilterChain.java:107)
	at org.springframework.web.filter.FormContentFilter.doFilterInternal(FormContentFilter.java:93)
	at org.springframework.web.filter.OncePerRequestFilter.doFilter(OncePerRequestFilter.java:116)
	at org.apache.catalina.core.ApplicationFilterChain.doFilter(ApplicationFilterChain.java:107)
	at org.springframework.web.filter.CharacterEncodingFilter.doFilterInternal(CharacterEncodingFilter.java:199)
	at org.springframework.web.filter.OncePerRequestFilter.doFilter(OncePerRequestFilter.java:116)
	at org.apache.catalina.core.ApplicationFilterChain.doFilter(ApplicationFilterChain.java:107)
	at org.apache.catalina.core.StandardWrapperValve.invoke(StandardWrapperValve.java:165)
	at org.apache.catalina.core.StandardContextValve.invoke(StandardContextValve.java:77)
	at org.apache.catalina.authenticator.AuthenticatorBase.invoke(AuthenticatorBase.java:492)
	at org.apache.catalina.core.StandardHostValve.invoke(StandardHostValve.java:113)
	at org.apache.catalina.valves.ErrorReportValve.invoke(ErrorReportValve.java:83)
	at org.apache.catalina.core.StandardEngineValve.invoke(StandardEngineValve.java:72)
	at org.apache.catalina.connector.CoyoteAdapter.service(CoyoteAdapter.java:341)
	at org.apache.coyote.http11.Http11Processor.service(Http11Processor.java:397)
	at org.apache.coyote.AbstractProcessorLight.process(AbstractProcessorLight.java:63)
	at org.apache.coyote.AbstractProtocol$ConnectionHandler.process(AbstractProtocol.java:903)
	at org.apache.tomcat.util.net.NioEndpoint$SocketProcessor.doRun(NioEndpoint.java:1779)
	at org.apache.tomcat.util.net.SocketProcessorBase.run(SocketProcessorBase.java:52)
	at org.apache.tomcat.util.threads.ThreadPoolExecutor.runWorker(ThreadPoolExecutor.java:946)
	at org.apache.tomcat.util.threads.ThreadPoolExecutor$Worker.run(ThreadPoolExecutor.java:480)
	at org.apache.tomcat.util.threads.TaskThread$WrappingRunnable.run(TaskThread.java:57)
	at java.base/java.lang.Thread.run(Thread.java:1474)
2026-05-05 14:06:15.651 ERROR --> Servlet.service() for servlet [dispatcherServlet] in context with path [] threw exception [Request processing failed: org.springframework.jdbc.BadSqlGrammarException: StatementCallback; bad SQL grammar [SELECT * FROM request]] with root cause
java.sql.SQLSyntaxErrorException: Column 'user_id' not found.
	at com.mysql.cj.jdbc.exceptions.SQLError.createSQLException(SQLError.java:112)
	at com.mysql.cj.jdbc.exceptions.SQLError.createSQLException(SQLError.java:89)
	at com.mysql.cj.jdbc.exceptions.SQLError.createSQLException(SQLError.java:81)
	at com.mysql.cj.jdbc.exceptions.SQLError.createSQLException(SQLError.java:55)
	at com.mysql.cj.jdbc.result.ResultSetImpl.findColumn(ResultSetImpl.java:604)
	at com.mysql.cj.jdbc.result.ResultSetImpl.getInt(ResultSetImpl.java:877)
	at com.zaxxer.hikari.pool.HikariProxyResultSet.getInt(HikariProxyResultSet.java)
	at com.myresourcer.MyResourcer.Services.READ_ServiceManager$1.mapRow(READ_ServiceManager.java:67)
	at com.myresourcer.MyResourcer.Services.READ_ServiceManager$1.mapRow(READ_ServiceManager.java:56)
	at org.springframework.jdbc.core.RowMapperResultSetExtractor.extractData(RowMapperResultSetExtractor.java:110)
	at org.springframework.jdbc.core.RowMapperResultSetExtractor.extractData(RowMapperResultSetExtractor.java:62)
	at org.springframework.jdbc.core.JdbcTemplate$1QueryStatementCallback.doInStatement(JdbcTemplate.java:479)
	at org.springframework.jdbc.core.JdbcTemplate.execute(JdbcTemplate.java:412)
	at org.springframework.jdbc.core.JdbcTemplate.query(JdbcTemplate.java:491)
	at org.springframework.jdbc.core.JdbcTemplate.query(JdbcTemplate.java:501)
	at com.myresourcer.MyResourcer.Services.READ_ServiceManager.getAllRequests(READ_ServiceManager.java:56)
	at com.myresourcer.MyResourcer.WEB_Controllers.WebController.index(WebController.java:88)
	at java.base/jdk.internal.reflect.DirectMethodHandleAccessor.invoke(DirectMethodHandleAccessor.java:104)
	at java.base/java.lang.reflect.Method.invoke(Method.java:565)
	at org.springframework.web.method.support.InvocableHandlerMethod.doInvoke(InvocableHandlerMethod.java:252)
	at org.springframework.web.method.support.InvocableHandlerMethod.invokeForRequest(InvocableHandlerMethod.java:184)
	at org.springframework.web.servlet.mvc.method.annotation.ServletInvocableHandlerMethod.invokeAndHandle(ServletInvocableHandlerMethod.java:117)
	at org.springframework.web.servlet.mvc.method.annotation.RequestMappingHandlerAdapter.invokeHandlerMethod(RequestMappingHandlerAdapter.java:934)
	at org.springframework.web.servlet.mvc.method.annotation.RequestMappingHandlerAdapter.handleInternal(RequestMappingHandlerAdapter.java:853)
	at org.springframework.web.servlet.mvc.method.AbstractHandlerMethodAdapter.handle(AbstractHandlerMethodAdapter.java:86)
	at org.springframework.web.servlet.DispatcherServlet.doDispatch(DispatcherServlet.java:963)
	at org.springframework.web.servlet.DispatcherServlet.doService(DispatcherServlet.java:866)
	at org.springframework.web.servlet.FrameworkServlet.processRequest(FrameworkServlet.java:1000)
	at org.springframework.web.servlet.FrameworkServlet.doGet(FrameworkServlet.java:892)
	at jakarta.servlet.http.HttpServlet.service(HttpServlet.java:622)
	at org.springframework.web.servlet.FrameworkServlet.service(FrameworkServlet.java:874)
	at jakarta.servlet.http.HttpServlet.service(HttpServlet.java:710)
	at org.apache.catalina.core.ApplicationFilterChain.doFilter(ApplicationFilterChain.java:128)
	at org.apache.tomcat.websocket.server.WsFilter.doFilter(WsFilter.java:53)
	at org.apache.catalina.core.ApplicationFilterChain.doFilter(ApplicationFilterChain.java:107)
	at org.springframework.web.filter.CompositeFilter$VirtualFilterChain.doFilter(CompositeFilter.java:108)
	at org.springframework.security.web.FilterChainProxy.lambda$doFilterInternal$3(FilterChainProxy.java:235)
	at org.springframework.security.web.FilterChainProxy$VirtualFilterChain.doFilter(FilterChainProxy.java:371)
	at org.springframework.security.web.access.intercept.AuthorizationFilter.doFilter(AuthorizationFilter.java:101)
	at org.springframework.security.web.FilterChainProxy$VirtualFilterChain.doFilter(FilterChainProxy.java:380)
	at org.springframework.security.web.access.ExceptionTranslationFilter.doFilter(ExceptionTranslationFilter.java:126)
	at org.springframework.security.web.access.ExceptionTranslationFilter.doFilter(ExceptionTranslationFilter.java:120)
	at org.springframework.security.web.FilterChainProxy$VirtualFilterChain.doFilter(FilterChainProxy.java:380)
	at org.springframework.security.web.authentication.AnonymousAuthenticationFilter.doFilter(AnonymousAuthenticationFilter.java:100)
	at org.springframework.security.web.FilterChainProxy$VirtualFilterChain.doFilter(FilterChainProxy.java:380)
	at org.springframework.security.web.servletapi.SecurityContextHolderAwareRequestFilter.doFilter(SecurityContextHolderAwareRequestFilter.java:181)
	at org.springframework.security.web.FilterChainProxy$VirtualFilterChain.doFilter(FilterChainProxy.java:380)
	at org.springframework.security.web.savedrequest.RequestCacheAwareFilter.doFilter(RequestCacheAwareFilter.java:63)
	at org.springframework.security.web.FilterChainProxy$VirtualFilterChain.doFilter(FilterChainProxy.java:380)
	at org.springframework.security.web.authentication.www.BasicAuthenticationFilter.doFilterInternal(BasicAuthenticationFilter.java:198)
	at org.springframework.web.filter.OncePerRequestFilter.doFilter(OncePerRequestFilter.java:116)
	at org.springframework.security.web.FilterChainProxy$VirtualFilterChain.doFilter(FilterChainProxy.java:380)
	at org.springframework.security.web.authentication.AbstractAuthenticationProcessingFilter.doFilter(AbstractAuthenticationProcessingFilter.java:245)
	at org.springframework.security.web.authentication.AbstractAuthenticationProcessingFilter.doFilter(AbstractAuthenticationProcessingFilter.java:239)
	at org.springframework.security.web.FilterChainProxy$VirtualFilterChain.doFilter(FilterChainProxy.java:380)
	at org.springframework.security.web.authentication.logout.LogoutFilter.doFilter(LogoutFilter.java:110)
	at org.springframework.security.web.authentication.logout.LogoutFilter.doFilter(LogoutFilter.java:96)
	at org.springframework.security.web.FilterChainProxy$VirtualFilterChain.doFilter(FilterChainProxy.java:380)
	at org.springframework.security.web.header.HeaderWriterFilter.doHeadersAfter(HeaderWriterFilter.java:90)
	at org.springframework.security.web.header.HeaderWriterFilter.doFilterInternal(HeaderWriterFilter.java:75)
	at org.springframework.web.filter.OncePerRequestFilter.doFilter(OncePerRequestFilter.java:116)
	at org.springframework.security.web.FilterChainProxy$VirtualFilterChain.doFilter(FilterChainProxy.java:380)
	at org.springframework.security.web.context.SecurityContextHolderFilter.doFilter(SecurityContextHolderFilter.java:82)
	at org.springframework.security.web.context.SecurityContextHolderFilter.doFilter(SecurityContextHolderFilter.java:69)
	at org.springframework.security.web.FilterChainProxy$VirtualFilterChain.doFilter(FilterChainProxy.java:380)
	at org.springframework.security.web.context.request.async.WebAsyncManagerIntegrationFilter.doFilterInternal(WebAsyncManagerIntegrationFilter.java:62)
	at org.springframework.web.filter.OncePerRequestFilter.doFilter(OncePerRequestFilter.java:116)
	at org.springframework.security.web.FilterChainProxy$VirtualFilterChain.doFilter(FilterChainProxy.java:380)
	at org.springframework.security.web.session.DisableEncodeUrlFilter.doFilterInternal(DisableEncodeUrlFilter.java:42)
	at org.springframework.web.filter.OncePerRequestFilter.doFilter(OncePerRequestFilter.java:116)
	at org.springframework.security.web.FilterChainProxy$VirtualFilterChain.doFilter(FilterChainProxy.java:380)
	at org.springframework.security.web.FilterChainProxy.doFilterInternal(FilterChainProxy.java:237)
	at org.springframework.security.web.FilterChainProxy.doFilter(FilterChainProxy.java:195)
	at org.springframework.web.filter.CompositeFilter$VirtualFilterChain.doFilter(CompositeFilter.java:113)
	at org.springframework.web.filter.ServletRequestPathFilter.doFilter(ServletRequestPathFilter.java:52)
	at org.springframework.web.filter.CompositeFilter$VirtualFilterChain.doFilter(CompositeFilter.java:113)
	at org.springframework.web.filter.CompositeFilter.doFilter(CompositeFilter.java:74)
	at org.springframework.security.config.annotation.web.configuration.WebSecurityConfiguration$CompositeFilterChainProxy.doFilter(WebSecurityConfiguration.java:317)
	at org.springframework.web.filter.DelegatingFilterProxy.invokeDelegate(DelegatingFilterProxy.java:355)
	at org.springframework.web.filter.DelegatingFilterProxy.doFilter(DelegatingFilterProxy.java:272)
	at org.apache.catalina.core.ApplicationFilterChain.doFilter(ApplicationFilterChain.java:107)
	at org.springframework.web.filter.RequestContextFilter.doFilterInternal(RequestContextFilter.java:100)
	at org.springframework.web.filter.OncePerRequestFilter.doFilter(OncePerRequestFilter.java:116)
	at org.apache.catalina.core.ApplicationFilterChain.doFilter(ApplicationFilterChain.java:107)
	at org.springframework.web.filter.FormContentFilter.doFilterInternal(FormContentFilter.java:93)
	at org.springframework.web.filter.OncePerRequestFilter.doFilter(OncePerRequestFilter.java:116)
	at org.apache.catalina.core.ApplicationFilterChain.doFilter(ApplicationFilterChain.java:107)
	at org.springframework.web.filter.CharacterEncodingFilter.doFilterInternal(CharacterEncodingFilter.java:199)
	at org.springframework.web.filter.OncePerRequestFilter.doFilter(OncePerRequestFilter.java:116)
	at org.apache.catalina.core.ApplicationFilterChain.doFilter(ApplicationFilterChain.java:107)
	at org.apache.catalina.core.StandardWrapperValve.invoke(StandardWrapperValve.java:165)
	at org.apache.catalina.core.StandardContextValve.invoke(StandardContextValve.java:77)
	at org.apache.catalina.authenticator.AuthenticatorBase.invoke(AuthenticatorBase.java:492)
	at org.apache.catalina.core.StandardHostValve.invoke(StandardHostValve.java:113)
	at org.apache.catalina.valves.ErrorReportValve.invoke(ErrorReportValve.java:83)
	at org.apache.catalina.core.StandardEngineValve.invoke(StandardEngineValve.java:72)
	at org.apache.catalina.connector.CoyoteAdapter.service(CoyoteAdapter.java:341)
	at org.apache.coyote.http11.Http11Processor.service(Http11Processor.java:397)
	at org.apache.coyote.AbstractProcessorLight.process(AbstractProcessorLight.java:63)
	at org.apache.coyote.AbstractProtocol$ConnectionHandler.process(AbstractProtocol.java:903)
	at org.apache.tomcat.util.net.NioEndpoint$SocketProcessor.doRun(NioEndpoint.java:1779)
	at org.apache.tomcat.util.net.SocketProcessorBase.run(SocketProcessorBase.java:52)
	at org.apache.tomcat.util.threads.ThreadPoolExecutor.runWorker(ThreadPoolExecutor.java:946)
	at org.apache.tomcat.util.threads.ThreadPoolExecutor$Worker.run(ThreadPoolExecutor.java:480)
	at org.apache.tomcat.util.threads.TaskThread$WrappingRunnable.run(TaskThread.java:57)
	at java.base/java.lang.Thread.run(Thread.java:1474)
2026-05-05 14:06:20.167 ERROR --> Servlet.service() for servlet [dispatcherServlet] in context with path [] threw exception [Request processing failed: org.springframework.jdbc.BadSqlGrammarException: StatementCallback; bad SQL grammar [SELECT * FROM request]] with root cause
java.sql.SQLSyntaxErrorException: Column 'user_id' not found.
	at com.mysql.cj.jdbc.exceptions.SQLError.createSQLException(SQLError.java:112)
	at com.mysql.cj.jdbc.exceptions.SQLError.createSQLException(SQLError.java:89)
	at com.mysql.cj.jdbc.exceptions.SQLError.createSQLException(SQLError.java:81)
	at com.mysql.cj.jdbc.exceptions.SQLError.createSQLException(SQLError.java:55)
	at com.mysql.cj.jdbc.result.ResultSetImpl.findColumn(ResultSetImpl.java:604)
	at com.mysql.cj.jdbc.result.ResultSetImpl.getInt(ResultSetImpl.java:877)
	at com.zaxxer.hikari.pool.HikariProxyResultSet.getInt(HikariProxyResultSet.java)
	at com.myresourcer.MyResourcer.Services.READ_ServiceManager$1.mapRow(READ_ServiceManager.java:67)
	at com.myresourcer.MyResourcer.Services.READ_ServiceManager$1.mapRow(READ_ServiceManager.java:56)
	at org.springframework.jdbc.core.RowMapperResultSetExtractor.extractData(RowMapperResultSetExtractor.java:110)
	at org.springframework.jdbc.core.RowMapperResultSetExtractor.extractData(RowMapperResultSetExtractor.java:62)
	at org.springframework.jdbc.core.JdbcTemplate$1QueryStatementCallback.doInStatement(JdbcTemplate.java:479)
	at org.springframework.jdbc.core.JdbcTemplate.execute(JdbcTemplate.java:412)
	at org.springframework.jdbc.core.JdbcTemplate.query(JdbcTemplate.java:491)
	at org.springframework.jdbc.core.JdbcTemplate.query(JdbcTemplate.java:501)
	at com.myresourcer.MyResourcer.Services.READ_ServiceManager.getAllRequests(READ_ServiceManager.java:56)
	at com.myresourcer.MyResourcer.WEB_Controllers.WebController.index(WebController.java:88)
	at java.base/jdk.internal.reflect.DirectMethodHandleAccessor.invoke(DirectMethodHandleAccessor.java:104)
	at java.base/java.lang.reflect.Method.invoke(Method.java:565)
	at org.springframework.web.method.support.InvocableHandlerMethod.doInvoke(InvocableHandlerMethod.java:252)
	at org.springframework.web.method.support.InvocableHandlerMethod.invokeForRequest(InvocableHandlerMethod.java:184)
	at org.springframework.web.servlet.mvc.method.annotation.ServletInvocableHandlerMethod.invokeAndHandle(ServletInvocableHandlerMethod.java:117)
	at org.springframework.web.servlet.mvc.method.annotation.RequestMappingHandlerAdapter.invokeHandlerMethod(RequestMappingHandlerAdapter.java:934)
	at org.springframework.web.servlet.mvc.method.annotation.RequestMappingHandlerAdapter.handleInternal(RequestMappingHandlerAdapter.java:853)
	at org.springframework.web.servlet.mvc.method.AbstractHandlerMethodAdapter.handle(AbstractHandlerMethodAdapter.java:86)
	at org.springframework.web.servlet.DispatcherServlet.doDispatch(DispatcherServlet.java:963)
	at org.springframework.web.servlet.DispatcherServlet.doService(DispatcherServlet.java:866)
	at org.springframework.web.servlet.FrameworkServlet.processRequest(FrameworkServlet.java:1000)
	at org.springframework.web.servlet.FrameworkServlet.doGet(FrameworkServlet.java:892)
	at jakarta.servlet.http.HttpServlet.service(HttpServlet.java:622)
	at org.springframework.web.servlet.FrameworkServlet.service(FrameworkServlet.java:874)
	at jakarta.servlet.http.HttpServlet.service(HttpServlet.java:710)
	at org.apache.catalina.core.ApplicationFilterChain.doFilter(ApplicationFilterChain.java:128)
	at org.apache.tomcat.websocket.server.WsFilter.doFilter(WsFilter.java:53)
	at org.apache.catalina.core.ApplicationFilterChain.doFilter(ApplicationFilterChain.java:107)
	at org.springframework.web.filter.CompositeFilter$VirtualFilterChain.doFilter(CompositeFilter.java:108)
	at org.springframework.security.web.FilterChainProxy.lambda$doFilterInternal$3(FilterChainProxy.java:235)
	at org.springframework.security.web.FilterChainProxy$VirtualFilterChain.doFilter(FilterChainProxy.java:371)
	at org.springframework.security.web.access.intercept.AuthorizationFilter.doFilter(AuthorizationFilter.java:101)
	at org.springframework.security.web.FilterChainProxy$VirtualFilterChain.doFilter(FilterChainProxy.java:380)
	at org.springframework.security.web.access.ExceptionTranslationFilter.doFilter(ExceptionTranslationFilter.java:126)
	at org.springframework.security.web.access.ExceptionTranslationFilter.doFilter(ExceptionTranslationFilter.java:120)
	at org.springframework.security.web.FilterChainProxy$VirtualFilterChain.doFilter(FilterChainProxy.java:380)
	at org.springframework.security.web.authentication.AnonymousAuthenticationFilter.doFilter(AnonymousAuthenticationFilter.java:100)
	at org.springframework.security.web.FilterChainProxy$VirtualFilterChain.doFilter(FilterChainProxy.java:380)
	at org.springframework.security.web.servletapi.SecurityContextHolderAwareRequestFilter.doFilter(SecurityContextHolderAwareRequestFilter.java:181)
	at org.springframework.security.web.FilterChainProxy$VirtualFilterChain.doFilter(FilterChainProxy.java:380)
	at org.springframework.security.web.savedrequest.RequestCacheAwareFilter.doFilter(RequestCacheAwareFilter.java:63)
	at org.springframework.security.web.FilterChainProxy$VirtualFilterChain.doFilter(FilterChainProxy.java:380)
	at org.springframework.security.web.authentication.www.BasicAuthenticationFilter.doFilterInternal(BasicAuthenticationFilter.java:198)
	at org.springframework.web.filter.OncePerRequestFilter.doFilter(OncePerRequestFilter.java:116)
	at org.springframework.security.web.FilterChainProxy$VirtualFilterChain.doFilter(FilterChainProxy.java:380)
	at org.springframework.security.web.authentication.AbstractAuthenticationProcessingFilter.doFilter(AbstractAuthenticationProcessingFilter.java:245)
	at org.springframework.security.web.authentication.AbstractAuthenticationProcessingFilter.doFilter(AbstractAuthenticationProcessingFilter.java:239)
	at org.springframework.security.web.FilterChainProxy$VirtualFilterChain.doFilter(FilterChainProxy.java:380)
	at org.springframework.security.web.authentication.logout.LogoutFilter.doFilter(LogoutFilter.java:110)
	at org.springframework.security.web.authentication.logout.LogoutFilter.doFilter(LogoutFilter.java:96)
	at org.springframework.security.web.FilterChainProxy$VirtualFilterChain.doFilter(FilterChainProxy.java:380)
	at org.springframework.security.web.header.HeaderWriterFilter.doHeadersAfter(HeaderWriterFilter.java:90)
	at org.springframework.security.web.header.HeaderWriterFilter.doFilterInternal(HeaderWriterFilter.java:75)
	at org.springframework.web.filter.OncePerRequestFilter.doFilter(OncePerRequestFilter.java:116)
	at org.springframework.security.web.FilterChainProxy$VirtualFilterChain.doFilter(FilterChainProxy.java:380)
	at org.springframework.security.web.context.SecurityContextHolderFilter.doFilter(SecurityContextHolderFilter.java:82)
	at org.springframework.security.web.context.SecurityContextHolderFilter.doFilter(SecurityContextHolderFilter.java:69)
	at org.springframework.security.web.FilterChainProxy$VirtualFilterChain.doFilter(FilterChainProxy.java:380)
	at org.springframework.security.web.context.request.async.WebAsyncManagerIntegrationFilter.doFilterInternal(WebAsyncManagerIntegrationFilter.java:62)
	at org.springframework.web.filter.OncePerRequestFilter.doFilter(OncePerRequestFilter.java:116)
	at org.springframework.security.web.FilterChainProxy$VirtualFilterChain.doFilter(FilterChainProxy.java:380)
	at org.springframework.security.web.session.DisableEncodeUrlFilter.doFilterInternal(DisableEncodeUrlFilter.java:42)
	at org.springframework.web.filter.OncePerRequestFilter.doFilter(OncePerRequestFilter.java:116)
	at org.springframework.security.web.FilterChainProxy$VirtualFilterChain.doFilter(FilterChainProxy.java:380)
	at org.springframework.security.web.FilterChainProxy.doFilterInternal(FilterChainProxy.java:237)
	at org.springframework.security.web.FilterChainProxy.doFilter(FilterChainProxy.java:195)
	at org.springframework.web.filter.CompositeFilter$VirtualFilterChain.doFilter(CompositeFilter.java:113)
	at org.springframework.web.filter.ServletRequestPathFilter.doFilter(ServletRequestPathFilter.java:52)
	at org.springframework.web.filter.CompositeFilter$VirtualFilterChain.doFilter(CompositeFilter.java:113)
	at org.springframework.web.filter.CompositeFilter.doFilter(CompositeFilter.java:74)
	at org.springframework.security.config.annotation.web.configuration.WebSecurityConfiguration$CompositeFilterChainProxy.doFilter(WebSecurityConfiguration.java:317)
	at org.springframework.web.filter.DelegatingFilterProxy.invokeDelegate(DelegatingFilterProxy.java:355)
	at org.springframework.web.filter.DelegatingFilterProxy.doFilter(DelegatingFilterProxy.java:272)
	at org.apache.catalina.core.ApplicationFilterChain.doFilter(ApplicationFilterChain.java:107)
	at org.springframework.web.filter.RequestContextFilter.doFilterInternal(RequestContextFilter.java:100)
	at org.springframework.web.filter.OncePerRequestFilter.doFilter(OncePerRequestFilter.java:116)
	at org.apache.catalina.core.ApplicationFilterChain.doFilter(ApplicationFilterChain.java:107)
	at org.springframework.web.filter.FormContentFilter.doFilterInternal(FormContentFilter.java:93)
	at org.springframework.web.filter.OncePerRequestFilter.doFilter(OncePerRequestFilter.java:116)
	at org.apache.catalina.core.ApplicationFilterChain.doFilter(ApplicationFilterChain.java:107)
	at org.springframework.web.filter.CharacterEncodingFilter.doFilterInternal(CharacterEncodingFilter.java:199)
	at org.springframework.web.filter.OncePerRequestFilter.doFilter(OncePerRequestFilter.java:116)
	at org.apache.catalina.core.ApplicationFilterChain.doFilter(ApplicationFilterChain.java:107)
	at org.apache.catalina.core.StandardWrapperValve.invoke(StandardWrapperValve.java:165)
	at org.apache.catalina.core.StandardContextValve.invoke(StandardContextValve.java:77)
	at org.apache.catalina.authenticator.AuthenticatorBase.invoke(AuthenticatorBase.java:492)
	at org.apache.catalina.core.StandardHostValve.invoke(StandardHostValve.java:113)
	at org.apache.catalina.valves.ErrorReportValve.invoke(ErrorReportValve.java:83)
	at org.apache.catalina.core.StandardEngineValve.invoke(StandardEngineValve.java:72)
	at org.apache.catalina.connector.CoyoteAdapter.service(CoyoteAdapter.java:341)
	at org.apache.coyote.http11.Http11Processor.service(Http11Processor.java:397)
	at org.apache.coyote.AbstractProcessorLight.process(AbstractProcessorLight.java:63)
	at org.apache.coyote.AbstractProtocol$ConnectionHandler.process(AbstractProtocol.java:903)
	at org.apache.tomcat.util.net.NioEndpoint$SocketProcessor.doRun(NioEndpoint.java:1779)
	at org.apache.tomcat.util.net.SocketProcessorBase.run(SocketProcessorBase.java:52)
	at org.apache.tomcat.util.threads.ThreadPoolExecutor.runWorker(ThreadPoolExecutor.java:946)
	at org.apache.tomcat.util.threads.ThreadPoolExecutor$Worker.run(ThreadPoolExecutor.java:480)
	at org.apache.tomcat.util.threads.TaskThread$WrappingRunnable.run(TaskThread.java:57)
	at java.base/java.lang.Thread.run(Thread.java:1474)
2026-05-05 14:07:50.802 INFO  --> Starting MyResourcerApplication using Java 25.0.2 with PID 78185 (/Users/etech/Documents/OOP Project Materials/MyResourcer/target/classes started by etech in /Users/etech/Documents/OOP Project Materials/MyResourcer)
2026-05-05 14:07:50.807 DEBUG --> Running with Spring Boot v4.0.3, Spring v7.0.5
2026-05-05 14:07:50.809 INFO  --> No active profile set, falling back to 1 default profile: "default"
2026-05-05 14:07:51.139 INFO  --> Bootstrapping Spring Data JPA repositories in DEFAULT mode.
2026-05-05 14:07:51.168 INFO  --> Finished Spring Data repository scanning in 24 ms. Found 9 JPA repository interfaces.
2026-05-05 14:07:51.412 INFO  --> Tomcat initialized with port 8080 (http)
2026-05-05 14:07:51.420 INFO  --> Initializing ProtocolHandler ["http-nio-8080"]
2026-05-05 14:07:51.421 INFO  --> Starting service [Tomcat]
2026-05-05 14:07:51.421 INFO  --> Starting Servlet engine: [Apache Tomcat/11.0.18]
2026-05-05 14:07:51.436 INFO  --> Root WebApplicationContext: initialization completed in 605 ms
2026-05-05 14:07:51.520 INFO  --> HHH008540: Processing PersistenceUnitInfo [name: default]
2026-05-05 14:07:51.551 INFO  --> HHH000001: Hibernate ORM core version 7.2.4.Final
2026-05-05 14:07:51.763 INFO  --> No LoadTimeWeaver setup: ignoring JPA class transformer
2026-05-05 14:07:51.778 INFO  --> HikariPool-1 - Starting...
2026-05-05 14:07:52.003 INFO  --> HikariPool-1 - Added connection com.mysql.cj.jdbc.ConnectionImpl@2078bf0a
2026-05-05 14:07:52.003 INFO  --> HikariPool-1 - Start completed.
2026-05-05 14:07:52.079 INFO  --> HHH10001005: Database info:
	Database JDBC URL [jdbc:mysql://localhost:3306/myTestResourcerDB?createDatabaseIfNotExist=true]
	Database driver: MySQL Connector/J
	Database dialect: MySQLDialect
	Database version: 9.6
	Default catalog/schema: myTestResourcerDB/undefined
	Autocommit mode: undefined/unknown
	Isolation level: REPEATABLE_READ [default REPEATABLE_READ]
	JDBC fetch size: none
	Pool: DataSourceConnectionProvider
	Minimum pool size: undefined/unknown
	Maximum pool size: undefined/unknown
2026-05-05 14:07:52.569 INFO  --> HHH000489: No JTA platform available (set 'hibernate.transaction.jta.platform' to enable JTA platform integration)
2026-05-05 14:07:52.651 INFO  --> Initialized JPA EntityManagerFactory for persistence unit 'default'
2026-05-05 14:07:52.695 INFO  --> Hibernate is in classpath; If applicable, HQL parser will be used.
2026-05-05 14:07:52.881 WARN  --> spring.jpa.open-in-view is enabled by default. Therefore, database queries may be performed during view rendering. Explicitly configure spring.jpa.open-in-view to disable this warning
2026-05-05 14:07:52.928 INFO  --> Global AuthenticationManager configured with UserDetailsService bean with name customUserDetailsService
2026-05-05 14:07:53.023 INFO  --> Adding welcome page template: index
2026-05-05 14:07:53.161 INFO  --> Starting ProtocolHandler ["http-nio-8080"]
2026-05-05 14:07:53.167 WARN  --> Exception encountered during context initialization - cancelling refresh attempt: org.springframework.context.ApplicationContextException: Failed to start bean 'webServerStartStop'
2026-05-05 14:07:53.168 INFO  --> Closing JPA EntityManagerFactory for persistence unit 'default'
2026-05-05 14:07:53.169 INFO  --> HikariPool-1 - Shutdown initiated...
2026-05-05 14:07:53.172 INFO  --> HikariPool-1 - Shutdown completed.
2026-05-05 14:07:53.178 INFO  --> 

Error starting ApplicationContext. To display the condition evaluation report re-run your application with 'debug' enabled.
2026-05-05 14:07:53.184 ERROR --> 

***************************
APPLICATION FAILED TO START
***************************

Description:

Web server failed to start. Port 8080 was already in use.

Action:

Identify and stop the process that's listening on port 8080 or configure this application to listen on another port.

2026-05-05 14:08:47.557 INFO  --> Starting AllCreateEndpointsTest using Java 25.0.2 with PID 78699 (started by etech in /Users/etech/Documents/OOP Project Materials/MyResourcer)
2026-05-05 14:08:47.566 DEBUG --> Running with Spring Boot v4.0.3, Spring v7.0.5
2026-05-05 14:08:47.567 INFO  --> No active profile set, falling back to 1 default profile: "default"
2026-05-05 14:08:48.020 INFO  --> Bootstrapping Spring Data JPA repositories in DEFAULT mode.
2026-05-05 14:08:48.058 INFO  --> Finished Spring Data repository scanning in 32 ms. Found 9 JPA repository interfaces.
2026-05-05 14:08:49.220 INFO  --> HHH008540: Processing PersistenceUnitInfo [name: default]
2026-05-05 14:08:49.261 INFO  --> HHH000001: Hibernate ORM core version 7.2.4.Final
2026-05-05 14:08:49.452 INFO  --> No LoadTimeWeaver setup: ignoring JPA class transformer
2026-05-05 14:08:49.486 INFO  --> HikariPool-1 - Starting...
2026-05-05 14:08:49.857 INFO  --> HikariPool-1 - Added connection com.mysql.cj.jdbc.ConnectionImpl@5e2abb58
2026-05-05 14:08:49.858 INFO  --> HikariPool-1 - Start completed.
2026-05-05 14:08:49.929 INFO  --> HHH10001005: Database info:
	Database JDBC URL [jdbc:mysql://localhost:3306/myTestResourcerDB?createDatabaseIfNotExist=true]
	Database driver: MySQL Connector/J
	Database dialect: MySQLDialect
	Database version: 9.6
	Default catalog/schema: myTestResourcerDB/undefined
	Autocommit mode: undefined/unknown
	Isolation level: REPEATABLE_READ [default REPEATABLE_READ]
	JDBC fetch size: none
	Pool: DataSourceConnectionProvider
	Minimum pool size: undefined/unknown
	Maximum pool size: undefined/unknown
2026-05-05 14:08:50.439 INFO  --> HHH000489: No JTA platform available (set 'hibernate.transaction.jta.platform' to enable JTA platform integration)
2026-05-05 14:08:50.514 INFO  --> Initialized JPA EntityManagerFactory for persistence unit 'default'
2026-05-05 14:08:50.566 INFO  --> Hibernate is in classpath; If applicable, HQL parser will be used.
2026-05-05 14:08:50.681 WARN  --> spring.jpa.open-in-view is enabled by default. Therefore, database queries may be performed during view rendering. Explicitly configure spring.jpa.open-in-view to disable this warning
2026-05-05 14:08:50.742 INFO  --> Global AuthenticationManager configured with UserDetailsService bean with name customUserDetailsService
2026-05-05 14:08:50.868 INFO  --> Adding welcome page template: index
2026-05-05 14:08:51.086 INFO  --> Initializing Spring TestDispatcherServlet ''
2026-05-05 14:08:51.086 INFO  --> Initializing Servlet ''
2026-05-05 14:08:51.087 INFO  --> Completed initialization in 1 ms
2026-05-05 14:08:51.106 INFO  --> Started AllCreateEndpointsTest in 3.773 seconds (process running for 4.641)
2026-05-05 14:08:51.108 INFO  --> Loading plugins...
2026-05-05 14:08:51.108 INFO  --> Plugin registered: MyPlugin
2026-05-05 14:08:51.108 INFO  --> Plugins loaded: [MyPlugin]
2026-05-05 14:08:51.256 INFO  --> Asset Requested with ID: 1, by user with Id: 1
2026-05-05 14:08:51.259 DEBUG --> Request Successfully Sent, with asset ID: 1, by user with Id: 1
2026-05-05 14:08:51.455 INFO  --> Closing JPA EntityManagerFactory for persistence unit 'default'
2026-05-05 14:08:51.457 INFO  --> HikariPool-1 - Shutdown initiated...
2026-05-05 14:08:51.461 INFO  --> HikariPool-1 - Shutdown completed.
2026-05-05 14:10:48.085 INFO  --> Starting AllCreateEndpointsTest using Java 25.0.2 with PID 79087 (started by etech in /Users/etech/Documents/OOP Project Materials/MyResourcer)
2026-05-05 14:10:48.092 DEBUG --> Running with Spring Boot v4.0.3, Spring v7.0.5
2026-05-05 14:10:48.093 INFO  --> No active profile set, falling back to 1 default profile: "default"
2026-05-05 14:10:48.643 INFO  --> Bootstrapping Spring Data JPA repositories in DEFAULT mode.
2026-05-05 14:10:48.687 INFO  --> Finished Spring Data repository scanning in 36 ms. Found 9 JPA repository interfaces.
2026-05-05 14:10:50.066 INFO  --> HHH008540: Processing PersistenceUnitInfo [name: default]
2026-05-05 14:10:50.103 INFO  --> HHH000001: Hibernate ORM core version 7.2.4.Final
2026-05-05 14:10:50.271 INFO  --> No LoadTimeWeaver setup: ignoring JPA class transformer
2026-05-05 14:10:50.295 INFO  --> HikariPool-1 - Starting...
2026-05-05 14:10:50.625 INFO  --> HikariPool-1 - Added connection com.mysql.cj.jdbc.ConnectionImpl@ae49f31
2026-05-05 14:10:50.626 INFO  --> HikariPool-1 - Start completed.
2026-05-05 14:10:50.701 INFO  --> HHH10001005: Database info:
	Database JDBC URL [jdbc:mysql://localhost:3306/myTestResourcerDB?createDatabaseIfNotExist=true]
	Database driver: MySQL Connector/J
	Database dialect: MySQLDialect
	Database version: 9.6
	Default catalog/schema: myTestResourcerDB/undefined
	Autocommit mode: undefined/unknown
	Isolation level: REPEATABLE_READ [default REPEATABLE_READ]
	JDBC fetch size: none
	Pool: DataSourceConnectionProvider
	Minimum pool size: undefined/unknown
	Maximum pool size: undefined/unknown
2026-05-05 14:10:51.204 INFO  --> HHH000489: No JTA platform available (set 'hibernate.transaction.jta.platform' to enable JTA platform integration)
2026-05-05 14:10:51.300 INFO  --> Initialized JPA EntityManagerFactory for persistence unit 'default'
2026-05-05 14:10:51.359 INFO  --> Hibernate is in classpath; If applicable, HQL parser will be used.
2026-05-05 14:10:51.477 WARN  --> spring.jpa.open-in-view is enabled by default. Therefore, database queries may be performed during view rendering. Explicitly configure spring.jpa.open-in-view to disable this warning
2026-05-05 14:10:51.553 INFO  --> Global AuthenticationManager configured with UserDetailsService bean with name customUserDetailsService
2026-05-05 14:10:51.719 INFO  --> Adding welcome page template: index
2026-05-05 14:10:51.945 INFO  --> Initializing Spring TestDispatcherServlet ''
2026-05-05 14:10:51.946 INFO  --> Initializing Servlet ''
2026-05-05 14:10:51.947 INFO  --> Completed initialization in 1 ms
2026-05-05 14:10:51.966 INFO  --> Started AllCreateEndpointsTest in 4.174 seconds (process running for 5.134)
2026-05-05 14:10:51.968 INFO  --> Loading plugins...
2026-05-05 14:10:51.968 INFO  --> Plugin registered: MyPlugin
2026-05-05 14:10:51.968 INFO  --> Plugins loaded: [MyPlugin]
2026-05-05 14:10:52.119 INFO  --> Closing JPA EntityManagerFactory for persistence unit 'default'
2026-05-05 14:10:52.120 INFO  --> HikariPool-1 - Shutdown initiated...
2026-05-05 14:10:52.123 INFO  --> HikariPool-1 - Shutdown completed.
2026-05-05 14:11:20.772 INFO  --> Commencing graceful shutdown. Waiting for active requests to complete
2026-05-05 14:11:20.780 INFO  --> Graceful shutdown complete
2026-05-05 14:11:20.787 INFO  --> Closing JPA EntityManagerFactory for persistence unit 'default'
2026-05-05 14:11:20.793 INFO  --> HikariPool-1 - Shutdown initiated...
2026-05-05 14:11:20.801 INFO  --> HikariPool-1 - Shutdown completed.
2026-05-05 14:11:23.797 INFO  --> Starting MyResourcerApplication using Java 25.0.2 with PID 79128 (/Users/etech/Documents/OOP Project Materials/MyResourcer/target/classes started by etech in /Users/etech/Documents/OOP Project Materials/MyResourcer)
2026-05-05 14:11:23.803 DEBUG --> Running with Spring Boot v4.0.3, Spring v7.0.5
2026-05-05 14:11:23.804 INFO  --> No active profile set, falling back to 1 default profile: "default"
2026-05-05 14:11:24.201 INFO  --> Bootstrapping Spring Data JPA repositories in DEFAULT mode.
2026-05-05 14:11:24.231 INFO  --> Finished Spring Data repository scanning in 25 ms. Found 9 JPA repository interfaces.
2026-05-05 14:11:24.479 INFO  --> Tomcat initialized with port 8080 (http)
2026-05-05 14:11:24.486 INFO  --> Initializing ProtocolHandler ["http-nio-8080"]
2026-05-05 14:11:24.487 INFO  --> Starting service [Tomcat]
2026-05-05 14:11:24.487 INFO  --> Starting Servlet engine: [Apache Tomcat/11.0.18]
2026-05-05 14:11:24.503 INFO  --> Root WebApplicationContext: initialization completed in 663 ms
2026-05-05 14:11:24.599 INFO  --> HHH008540: Processing PersistenceUnitInfo [name: default]
2026-05-05 14:11:24.629 INFO  --> HHH000001: Hibernate ORM core version 7.2.4.Final
2026-05-05 14:11:24.854 INFO  --> No LoadTimeWeaver setup: ignoring JPA class transformer
2026-05-05 14:11:24.872 INFO  --> HikariPool-1 - Starting...
2026-05-05 14:11:25.096 INFO  --> HikariPool-1 - Added connection com.mysql.cj.jdbc.ConnectionImpl@37f71e8
2026-05-05 14:11:25.097 INFO  --> HikariPool-1 - Start completed.
2026-05-05 14:11:25.156 INFO  --> HHH10001005: Database info:
	Database JDBC URL [jdbc:mysql://localhost:3306/myTestResourcerDB?createDatabaseIfNotExist=true]
	Database driver: MySQL Connector/J
	Database dialect: MySQLDialect
	Database version: 9.6
	Default catalog/schema: myTestResourcerDB/undefined
	Autocommit mode: undefined/unknown
	Isolation level: REPEATABLE_READ [default REPEATABLE_READ]
	JDBC fetch size: none
	Pool: DataSourceConnectionProvider
	Minimum pool size: undefined/unknown
	Maximum pool size: undefined/unknown
2026-05-05 14:11:25.607 INFO  --> HHH000489: No JTA platform available (set 'hibernate.transaction.jta.platform' to enable JTA platform integration)
2026-05-05 14:11:25.690 INFO  --> Initialized JPA EntityManagerFactory for persistence unit 'default'
2026-05-05 14:11:25.733 INFO  --> Hibernate is in classpath; If applicable, HQL parser will be used.
2026-05-05 14:11:25.913 WARN  --> spring.jpa.open-in-view is enabled by default. Therefore, database queries may be performed during view rendering. Explicitly configure spring.jpa.open-in-view to disable this warning
2026-05-05 14:11:25.947 INFO  --> Global AuthenticationManager configured with UserDetailsService bean with name customUserDetailsService
2026-05-05 14:11:26.029 INFO  --> Adding welcome page template: index
2026-05-05 14:11:26.160 INFO  --> Starting ProtocolHandler ["http-nio-8080"]
2026-05-05 14:11:26.169 INFO  --> Tomcat started on port 8080 (http) with context path '/'
2026-05-05 14:11:26.172 INFO  --> Started MyResourcerApplication in 2.744 seconds (process running for 3.165)
2026-05-05 14:11:26.173 INFO  --> Loading plugins...
2026-05-05 14:11:26.174 INFO  --> Plugin registered: MyPlugin
2026-05-05 14:11:26.174 INFO  --> Plugins loaded: [MyPlugin]
2026-05-05 14:11:31.591 INFO  --> Initializing Spring DispatcherServlet 'dispatcherServlet'
2026-05-05 14:11:31.593 INFO  --> Initializing Servlet 'dispatcherServlet'
2026-05-05 14:11:31.597 INFO  --> Completed initialization in 4 ms
2026-05-05 14:12:11.036 INFO  --> Asset with ID: 25, requested by: erich
2026-05-05 14:12:33.853 INFO  --> Administrator accessing dashboard tess at 2026-05-05T14:12:33.852967
2026-05-05 14:12:55.617 INFO  --> Asset added: eeeee
2026-05-05 14:13:05.135 INFO  --> Asset removed: eeeee by: tess at: 2026-05-05T14:13:05.134837
2026-05-05 14:13:12.020 INFO  --> Approved request with ID: 83, by user: erich
2026-05-05 14:13:19.390 INFO  --> Request with ID: 83 marked as collected. Asset: Social Studies Volume 2
2026-05-05 14:13:21.935 INFO  --> Returned asset with request ID: 83, by user: com.myresourcer.MyResourcer.Models.Users@1c7a214b
2026-05-05 14:13:47.445 INFO  --> Role deleted: 19
2026-05-05 14:14:17.394 INFO  --> Commencing graceful shutdown. Waiting for active requests to complete
2026-05-05 14:14:17.401 INFO  --> Graceful shutdown complete
2026-05-05 14:14:17.409 INFO  --> Closing JPA EntityManagerFactory for persistence unit 'default'
2026-05-05 14:14:17.415 INFO  --> HikariPool-1 - Shutdown initiated...
2026-05-05 14:14:17.419 INFO  --> HikariPool-1 - Shutdown completed.
